customerID,gender,SeniorCitizen,Partner,Dependents,tenure,PhoneService,MultipleLines,InternetService,OnlineSecurity,OnlineBackup,DeviceProtection,TechSupport,StreamingTV,StreamingMovies,Contract,PaperlessBilling,PaymentMethod,MonthlyCharges,TotalCharges,Churn
5024-UBMQG,Male,0,No,No,66,Yes,No,No,No internet service,No internet service,No internet service,No internet service,No internet service,No internet service,Month-to-month,Yes,Mailed check,18.25,1212.17,No
7898-UTLYM,Female,1,No,No,24,Yes,No,Fiber optic,Yes,No,No,Yes,No,No,One year,Yes,Bank transfer (automatic),83.18,2003.09,No
3636-PTBNR,Male,0,No,No,60,Yes,No,DSL,No,Yes,No,No,No,No,One year,Yes,Mailed check,54.23,3249.33,No
9899-SPXRJ,Male,0,Yes,No,25,Yes,No,No,No internet service,No internet service,No internet service,No internet service,No internet service,No internet service,Two year,Yes,Bank transfer (automatic),18.25,454.67,No
5448-CDCAK,Male,0,Yes,No,33,Yes,No,Fiber optic,Yes,Yes,No,No,No,No,Two year,No,Mailed check,89.09,2929.96,No
2801-TLQDQ,Female,1,Yes,No,8,Yes,No,No,No internet service,No internet service,No internet service,No internet service,No internet service,No internet service,One year,Yes,Electronic check,18.25,154.8,Yes
5113-JTTSW,Male,0,Yes,Yes,39,Yes,Yes,Fiber optic,No,No,No,Yes,Yes,No,Month-to-month,Yes,Bank transfer (automatic),85.82,3322.15,No
2104-BUSLY,Male,0,Yes,No,6,Yes,Yes,DSL,No,Yes,Yes,No,No,No,Month-to-month,Yes,Mailed check,63.09,373.08,Yes
5947-RDUMD,Male,0,Yes,No,29,Yes,Yes,No,No internet service,No internet service,No internet service,No internet service,No internet service,No internet service,Month-to-month,Yes,Bank transfer (automatic),20.21,589.67,No
5050-XRMCM,Female,0,Yes,Yes,65,Yes,No,No,No internet service,No internet service,No internet service,No internet service,No internet service,No internet service,Month-to-month,Yes,Bank transfer (automatic),21.6,1400.82,No
5946-PBJTA,Male,0,Yes,Yes,29,Yes,Yes,Fiber optic,No,No,No,No,No,Yes,Month-to-month,Yes,Credit card (automatic),75.42,2205.08,No
5063-ZGLBT,Male,0,Yes,No,67,Yes,No,DSL,Yes,No,No,No,No,No,Two year,No,Mailed check,55.51,3727.33,No
3307-TUZBQ,Male,0,No,No,57,Yes,No,DSL,Yes,No,No,No,No,No,Month-to-month,Yes,Bank transfer (automatic),50.18,2854.15,No
8530-VYBCW,Male,0,No,Yes,54,Yes,No,Fiber optic,No,No,Yes,Yes,Yes,No,Month-to-month,No,Bank transfer (automatic),86.07,4662.24,No
5132-YUDZT,Female,0,Yes,No,13,Yes,No,Fiber optic,No,No,No,No,Yes,Yes,Month-to-month,Yes,Credit card (automatic),88.64,1152.28,Yes
4649-PYTUA,Male,0,Yes,No,36,Yes,Yes,DSL,Yes,No,Yes,No,No,Yes,Month-to-month,Yes,Mailed check,70.25,2535.98,No
4202-URCAJ,Female,0,Yes,Yes,43,Yes,Yes,DSL,No,Yes,Yes,No,Yes,Yes,Month-to-month,No,Bank transfer (automatic),71.33,3062.32,No
8396-TMHTK,Female,0,No,Yes,5,No,No phone service,No,No internet service,No internet service,No internet service,No internet service,No internet service,No internet service,Month-to-month,Yes,Bank transfer (automatic),19.31,104.13,No
5695-BZQUL,Female,1,Yes,No,25,Yes,Yes,No,No internet service,No internet service,No internet service,No internet service,No internet service,No internet service,Month-to-month,Yes,Credit card (automatic),18.25,468.35,No
8361-EPJUT,Male,0,No,No,13,Yes,No,Fiber optic,Yes,Yes,No,No,Yes,No,Two year,Yes,Mailed check,90.21,1185.23,No
8082-GXTMP,Female,1,Yes,No,7,Yes,Yes,DSL,No,No,No,No,Yes,Yes,Month-to-month,Yes,Electronic check,51.24,345.44,No
1476-VPSFS,Male,0,Yes,No,23,Yes,No,DSL,No,No,Yes,No,Yes,Yes,Two year,No,Bank transfer (automatic),62.71,1440.35,No
9088-LGMSZ,Female,0,Yes,Yes,38,Yes,Yes,No,No internet service,No internet service,No internet service,No internet service,No internet service,No internet service,Month-to-month,No,Mailed check,23.83,908.46,Yes
1266-KATRC,Female,1,Yes,No,48,Yes,No,Fiber optic,Yes,No,Yes,No,Yes,No,Two year,Yes,Electronic check,89.6,4291.74,No
9666-KQKGQ,Female,0,No,No,62,Yes,No,Fiber optic,No,No,Yes,No,No,Yes,Month-to-month,Yes,Mailed check,77.17,4781.77,Yes
4076-VKEFD,Female,0,No,No,25,Yes,No,DSL,No,No,No,Yes,Yes,No,One year,Yes,Bank transfer (automatic),56.09,1389.18,No
7236-AWTSN,Female,0,No,No,9,Yes,No,DSL,No,Yes,No,No,Yes,No,One year,Yes,Mailed check,54.01,502.93,Yes
8423-PPEJR,Female,0,No,Yes,57,Yes,Yes,DSL,Yes,Yes,No,No,No,Yes,One year,No,Bank transfer (automatic),61.19,3486.32,No
2703-FXNHB,Female,0,No,No,13,Yes,No,Fiber optic,Yes,No,No,Yes,No,No,Month-to-month,No,Bank transfer (automatic),79.02,1028.54,Yes
2851-WSGXK,Female,0,No,Yes,72,Yes,No,Fiber optic,No,No,Yes,Yes,No,No,Month-to-month,Yes,Mailed check,84.07,6048.99,Yes
7646-WCUZT,Male,0,Yes,Yes,70,Yes,No,DSL,No,No,Yes,No,No,Yes,Two year,Yes,Electronic check,60.07,4196.61,No
1548-GDRSR,Male,0,Yes,No,38,Yes,No,No,No internet service,No internet service,No internet service,No internet service,No internet service,No internet service,Two year,No,Bank transfer (automatic),18.25,705.21,No
8625-ZAJEP,Female,0,Yes,Yes,30,Yes,Yes,Fiber optic,No,No,No,No,Yes,No,One year,No,Electronic check,74.46,2223.38,No
9796-BCTFE,Female,0,No,No,49,Yes,No,Fiber optic,Yes,No,No,No,No,Yes,Two year,No,Bank transfer (automatic),82.6,4056.89,Yes
8900-NNRWR,Female,0,Yes,Yes,15,Yes,No,Fiber optic,Yes,No,No,No,No,Yes,Month-to-month,Yes,Electronic check,78.02,1148.86,Yes
6248-ZLLYQ,Male,0,No,Yes,71,Yes,Yes,DSL,Yes,No,Yes,No,No,Yes,Month-to-month,Yes,Mailed check,51.14,3615.59,No
8863-PSPGQ,Female,1,Yes,No,50,Yes,Yes,DSL,No,No,No,Yes,No,Yes,Month-to-month,No,Electronic check,57.08,2857.05,No
8034-YFLMJ,Male,0,No,Yes,14,Yes,No,Fiber optic,No,No,Yes,Yes,Yes,No,One year,No,Electronic check,78.99,1101.9,Yes
8339-WMWPK,Male,1,Yes,Yes,37,Yes,No,DSL,No,No,No,Yes,Yes,No,Month-to-month,No,Credit card (automatic),62.12,2317.75,No
5748-QWRMX,Male,0,Yes,No,70,Yes,No,Fiber optic,No,Yes,No,No,No,Yes,One year,No,Mailed check,83.12,5836.8,No
2154-QFDQH,Male,0,No,Yes,71,No,No phone service,Fiber optic,No,Yes,No,No,No,Yes,One year,Yes,Credit card (automatic),74.73,5310.5,Yes
1864-LRUUR,Male,0,Yes,Yes,20,Yes,Yes,No,No internet service,No internet service,No internet service,No internet service,No internet service,No internet service,One year,Yes,Credit card (automatic),18.25,357.35,No
4842-NJGEG,Female,0,No,No,15,Yes,No,Fiber optic,No,No,No,No,Yes,No,Two year,Yes,Electronic check,75.62,1139.23,No
4406-QAUDA,Female,0,Yes,Yes,66,Yes,Yes,Fiber optic,Yes,Yes,Yes,Yes,No,No,Month-to-month,No,Credit card (automatic),95.24,6289.47,Yes
6804-NNQJF,Female,0,Yes,No,64,Yes,Yes,No,No internet service,No internet service,No internet service,No internet service,No internet service,No internet service,Month-to-month,Yes,Bank transfer (automatic),18.77,1203.85,No
9775-SFWKH,Female,0,No,Yes,12,Yes,Yes,Fiber optic,No,Yes,Yes,No,No,Yes,Month-to-month,Yes,Mailed check,91.74,1080.94,Yes
5437-EUHFR,Female,1,No,Yes,63,Yes,Yes,DSL,No,Yes,Yes,No,Yes,No,Two year,Yes,Mailed check,55.88,3543.57,No
8546-MWYVS,Male,0,Yes,No,60,Yes,No,Fiber optic,Yes,Yes,No,No,Yes,No,One year,No,Electronic check,83.6,5018.33,No
6762-AESMR,Female,0,No,No,31,Yes,Yes,DSL,Yes,Yes,No,No,No,No,Month-to-month,No,Mailed check,60.15,1869.09,No
7479-QXRNL,Female,0,No,Yes,11,Yes,No,Fiber optic,No,No,No,No,No,Yes,Month-to-month,Yes,Bank transfer (automatic),74.52,811.79,Yes
5723-TXLZU,Male,0,No,No,40,Yes,No,Fiber optic,No,No,No,No,Yes,No,Month-to-month,No,Mailed check,77.13,3077.22,Yes
3032-YABYP,Female,0,Yes,Yes,65,Yes,No,Fiber optic,No,No,No,No,No,Yes,One year,Yes,Mailed check,78.48,5103.21,Yes
1056-LUFVG,Male,0,Yes,Yes,7,Yes,Yes,DSL,No,No,No,No,Yes,No,Two year,No,Mailed check,45.55,311.47,No
7687-EWGQG,Female,1,No,No,58,Yes,No,Fiber optic,Yes,No,No,No,Yes,No,One year,No,Electronic check,81.62,4728.63,No
6399-MCBZV,Male,0,No,Yes,24,Yes,No,Fiber optic,No,No,No,No,No,No,One year,No,Bank transfer (automatic),71.71,1721.08,No
7965-YUNWY,Female,0,No,No,4,Yes,Yes,Fiber optic,No,No,No,No,No,Yes,Two year,Yes,Electronic check,73.43,290.44,Yes
6799-XGNSR,Female,0,Yes,Yes,44,Yes,Yes,DSL,No,No,No,No,Yes,No,Month-to-month,No,Mailed check,56.37,2487.09,Yes
7836-ZHQXW,Male,0,Yes,No,1,Yes,No,No,No internet service,No internet service,No internet service,No internet service,No internet service,No internet service,One year,No,Credit card (automatic),21.7,27.05,No
7839-CKXML,Male,0,No,No,41,Yes,Yes,DSL,Yes,No,Yes,No,No,No,Two year,No,Credit card (automatic),54.77,2242.34,No
2955-KVJET,Male,0,Yes,No,37,No,No phone service,No,No internet service,No internet service,No internet service,No internet service,No internet service,No internet service,One year,No,Electronic check,22.44,817.55,No
1180-KBJBS,Male,0,Yes,Yes,2,Yes,No,Fiber optic,No,No,Yes,Yes,No,Yes,Month-to-month,Yes,Electronic check,92.06,200.98,Yes
5724-TFLRV,Male,0,Yes,No,45,Yes,No,DSL,No,No,No,No,Yes,Yes,One year,Yes,Mailed check,56.96,2563.24,No
6737-WHLGY,Male,0,No,No,21,Yes,No,DSL,Yes,No,No,No,Yes,Yes,Two year,No,Electronic check,58.1,1193.15,Yes
4976-MTEDM,Male,0,Yes,No,32,Yes,No,Fiber optic,No,Yes,No,Yes,No,Yes,Month-to-month,Yes,Mailed check,88.14,2812.26,Yes
3687-CQPEB,Male,0,No,No,31,Yes,Yes,No,No internet service,No internet service,No internet service,No internet service,No internet service,No internet service,Month-to-month,No,Credit card (automatic),18.44,571.05,No
5526-YNAZJ,Female,0,No,No,16,Yes,No,No,No internet service,No internet service,No internet service,No internet service,No internet service,No internet service,Month-to-month,No,Electronic check,19.64,323.18,Yes
9365-UGXUU,Female,0,No,No,55,Yes,No,DSL,Yes,Yes,Yes,Yes,No,Yes,Two year,No,Credit card (automatic),81.09,4462.91,No
4464-QPQFB,Male,1,Yes,No,2,Yes,Yes,Fiber optic,No,No,No,No,Yes,Yes,Two year,No,Credit card (automatic),80.07,148.91,No
3691-KYXFZ,Female,1,Yes,No,69,Yes,No,DSL,No,No,No,No,No,No,Month-to-month,Yes,Bank transfer (automatic),51.53,3569.08,No
6653-YYGSR,Female,0,No,No,48,Yes,No,DSL,Yes,No,No,No,Yes,Yes,Month-to-month,No,Credit card (automatic),66.68,3183.58,No
2055-ZGSNE,Female,0,No,Yes,54,Yes,Yes,No,No internet service,No internet service,No internet service,No internet service,No internet service,No internet service,Month-to-month,Yes,Credit card (automatic),19.59,1060.25,No
3038-YBHAC,Female,0,No,No,30,Yes,Yes,No,No internet service,No internet service,No internet service,No internet service,No internet service,No internet service,Month-to-month,Yes,Electronic check,21.09,625.43,No
3194-QZNUA,Male,0,No,No,20,Yes,No,Fiber optic,No,Yes,Yes,No,No,Yes,Month-to-month,Yes,Bank transfer (automatic),84.75,1712.5,No
8056-ZMXFL,Female,1,No,No,15,Yes,No,DSL,No,No,No,No,Yes,No,Month-to-month,Yes,Bank transfer (automatic),54.18,827.46,No
2837-JCUPN,Male,0,No,Yes,16,Yes,No,Fiber optic,No,Yes,Yes,No,Yes,No,Two year,Yes,Mailed check,96.31,1551.78,No
8342-UHLYF,Female,1,Yes,No,0,Yes,Yes,DSL,No,No,No,Yes,No,No,Two year,Yes,Credit card (automatic),52.36, ,Yes
6388-GSJNK,Female,1,Yes,No,71,Yes,No,No,No internet service,No internet service,No internet service,No internet service,No internet service,No internet service,Month-to-month,Yes,Bank transfer (automatic),18.25,1299.69,No
6589-UMUFP,Female,0,No,No,64,Yes,Yes,No,No internet service,No internet service,No internet service,No internet service,No internet service,No internet service,Month-to-month,No,Bank transfer (automatic),18.25,1164.69,No
1831-UFBLP,Male,0,Yes,No,65,Yes,No,DSL,No,Yes,Yes,No,No,No,Month-to-month,Yes,Mailed check,59.59,3870.66,No
6450-FMXCF,Female,0,No,No,36,Yes,No,DSL,No,Yes,No,No,Yes,Yes,Month-to-month,Yes,Credit card (automatic),55.62,1995.76,Yes
5924-VDDVB,Male,1,Yes,No,23,Yes,No,No,No internet service,No internet service,No internet service,No internet service,No internet service,No internet service,One year,Yes,Mailed check,20.05,478.9,No
3860-QJFAA,Female,0,No,Yes,61,Yes,No,Fiber optic,No,No,Yes,No,No,No,Two year,Yes,Electronic check,77.04,4706.14,Yes
2905-QJRFK,Male,1,Yes,Yes,20,Yes,No,Fiber optic,Yes,No,Yes,No,Yes,Yes,Month-to-month,Yes,Electronic check,88.07,1752.62,Yes
6594-XRNDM,Female,0,Yes,Yes,36,No,No phone service,DSL,No,No,No,Yes,No,No,Month-to-month,Yes,Mailed check,50.07,1808.89,No
5917-EUGXD,Male,0,No,Yes,34,Yes,No,DSL,Yes,Yes,Yes,Yes,No,Yes,Two year,Yes,Bank transfer (automatic),68.56,2329.39,No
9414-HPWGJ,Male,1,Yes,No,37,Yes,No,DSL,Yes,Yes,No,No,No,Yes,Month-to-month,No,Electronic check,56.9,2108.56,No
8790-WSPGN,Female,0,Yes,No,52,Yes,No,DSL,No,No,Yes,No,Yes,Yes,Month-to-month,Yes,Bank transfer (automatic),65.98,3425.56,No
6451-RWNUY,Male,0,Yes,No,14,Yes,No,Fiber optic,No,No,No,Yes,No,Yes,Month-to-month,Yes,Mailed check,81.58,1153.47,Yes
2913-RSXVA,Female,0,No,No,41,Yes,No,Fiber optic,Yes,Yes,Yes,No,No,No,Two year,No,Electronic check,93.02,3815.18,No
7025-EAPPK,Female,0,No,No,3,Yes,No,Fiber optic,No,Yes,No,Yes,No,Yes,Month-to-month,Yes,Mailed check,81.58,254.14,Yes
3810-FGYQB,Female,0,No,No,38,Yes,No,DSL,No,No,Yes,No,Yes,No,Two year,Yes,Bank transfer (automatic),57.37,2176.52,No
9259-HSVGX,Female,0,Yes,No,22,Yes,Yes,DSL,Yes,No,Yes,Yes,Yes,Yes,Two year,No,Bank transfer (automatic),85.01,1858.09,No
4002-UFHKD,Female,1,No,Yes,14,Yes,Yes,Fiber optic,No,No,No,No,No,No,Two year,Yes,Electronic check,73.55,1022.56,No
5157-HSTEZ,Female,1,Yes,No,11,Yes,No,Fiber optic,No,Yes,Yes,Yes,Yes,No,Month-to-month,Yes,Electronic check,85.41,944.54,Yes
6815-TDYYE,Female,0,No,Yes,69,No,No phone service,No,No internet service,No internet service,No internet service,No internet service,No internet service,No internet service,Month-to-month,Yes,Bank transfer (automatic),18.25,1247.7,No
3358-SMAFZ,Female,0,No,No,53,Yes,No,Fiber optic,Yes,No,No,Yes,Yes,No,Two year,No,Credit card (automatic),91.8,4862.99,No
3510-NNMPF,Female,0,No,No,37,Yes,Yes,Fiber optic,No,No,No,No,No,Yes,Month-to-month,Yes,Electronic check,74.15,2741.34,Yes
5816-RLDWL,Female,0,No,No,27,Yes,Yes,Fiber optic,No,No,No,No,No,No,Month-to-month,No,Bank transfer (automatic),74.12,2005.75,Yes
8768-MESVR,Female,1,No,Yes,18,Yes,No,No,No internet service,No internet service,No internet service,No internet service,No internet service,No internet service,Month-to-month,Yes,Electronic check,20.36,357.19,No
6954-NFPJC,Male,0,No,No,68,No,No phone service,DSL,No,Yes,Yes,No,No,No,Month-to-month,Yes,Credit card (automatic),54.65,3719.18,No
4844-ECKJP,Male,0,Yes,No,63,Yes,Yes,No,No internet service,No internet service,No internet service,No internet service,No internet service,No internet service,Two year,No,Bank transfer (automatic),25.08,1582.78,No
1922-ARNKD,Female,0,No,Yes,3,No,No phone service,Fiber optic,No,No,Yes,No,Yes,Yes,One year,No,Credit card (automatic),84.62,246.61,No
6180-RDDFJ,Female,0,Yes,Yes,9,Yes,No,No,No internet service,No internet service,No internet service,No internet service,No internet service,No internet service,Two year,No,Electronic check,19.51,187.34,No
3721-EDANL,Female,0,Yes,No,11,Yes,Yes,No,No internet service,No internet service,No internet service,No internet service,No internet service,No internet service,Month-to-month,Yes,Electronic check,19.31,214.07,No
4985-YGNEK,Female,0,Yes,Yes,68,Yes,No,DSL,No,No,Yes,No,Yes,No,Two year,Yes,Electronic check,59.04,4010.43,No
3117-RFNCT,Female,0,Yes,No,6,No,No phone service,Fiber optic,No,No,No,Yes,No,Yes,Month-to-month,No,Bank transfer (automatic),88.51,536.43,No
9376-WNHSM,Female,0,Yes,No,43,Yes,Yes,Fiber optic,Yes,Yes,Yes,No,No,Yes,One year,No,Credit card (automatic),96.96,4176.24,No
3729-RFNAT,Female,0,No,No,22,Yes,No,Fiber optic,No,No,No,Yes,No,Yes,One year,No,Mailed check,83.75,1845.72,No
3303-SNPVT,Female,0,Yes,Yes,1,Yes,Yes,DSL,Yes,No,No,No,Yes,Yes,Month-to-month,Yes,Electronic check,56.41,67.02,Yes
5846-ZLKLU,Male,0,Yes,No,36,Yes,Yes,No,No internet service,No internet service,No internet service,No internet service,No internet service,No internet service,One year,Yes,Electronic check,19.99,722.29,No
1526-AJWZY,Female,0,No,No,68,Yes,No,No,No internet service,No internet service,No internet service,No internet service,No internet service,No internet service,Month-to-month,Yes,Bank transfer (automatic),20.74,1422.78,No
8424-WPSFR,Male,0,Yes,Yes,19,Yes,No,Fiber optic,No,No,Yes,No,No,No,Month-to-month,Yes,Electronic check,72.84,1373.19,Yes
5486-WRSTB,Female,0,No,Yes,43,Yes,Yes,DSL,Yes,No,No,Yes,No,Yes,Month-to-month,Yes,Credit card (automatic),63.85,2746.08,Yes
5344-SPJZE,Female,0,No,Yes,69,Yes,No,No,No internet service,No internet service,No internet service,No internet service,No internet service,No internet service,Two year,Yes,Bank transfer (automatic),22.75,1565.62,No
6146-YBJEX,Male,0,No,No,50,Yes,Yes,Fiber optic,No,No,No,Yes,Yes,No,Month-to-month,No,Electronic check,82.3,4116.05,Yes
8536-DWWMZ,Female,1,No,No,30,Yes,No,Fiber optic,No,Yes,No,No,No,No,Month-to-month,No,Credit card (automatic),75.5,2281.69,No
1782-TVSMZ,Male,1,Yes,Yes,40,Yes,No,DSL,Yes,Yes,No,No,No,No,Month-to-month,No,Electronic check,57.87,2308.89,No
1340-PVTBV,Female,0,Yes,No,57,Yes,No,DSL,No,No,Yes,Yes,Yes,No,Month-to-month,No,Credit card (automatic),59.9,3417.09,No
3050-VXQLW,Female,1,Yes,No,4,Yes,No,Fiber optic,No,No,Yes,Yes,Yes,No,Two year,No,Electronic check,89.68,346.79,Yes
6758-SHBAP,Male,0,No,No,32,Yes,No,DSL,Yes,No,Yes,No,Yes,No,Two year,No,Electronic check,55.68,1798.77,No
1634-WDPCJ,Female,0,Yes,No,42,Yes,No,Fiber optic,No,Yes,No,Yes,No,Yes,Two year,Yes,Bank transfer (automatic),84.78,3561.01,No
1727-NWKLK,Male,0,Yes,Yes,18,Yes,No,DSL,No,No,No,No,No,Yes,Month-to-month,No,Bank transfer (automatic),48.59,872.17,Yes
1948-UJKNH,Female,0,Yes,Yes,31,No,No phone service,No,No internet service,No internet service,No internet service,No internet service,No internet service,No internet service,Month-to-month,Yes,Bank transfer (automatic),19.08,603.79,No
7958-QEPYW,Male,0,No,No,2,Yes,No,No,No internet service,No internet service,No internet service,No internet service,No internet service,No internet service,Two year,No,Electronic check,20.95,41.46,No
3144-UYRKN,Male,0,Yes,Yes,0,Yes,No,DSL,No,Yes,Yes,No,Yes,No,Month-to-month,Yes,Mailed check,62.0, ,Yes
1849-VUDEF,Female,0,No,No,40,Yes,No,DSL,No,No,No,Yes,No,Yes,Two year,No,Credit card (automatic),53.0,2123.39,No
3691-YDFLW,Female,0,Yes,No,47,Yes,No,Fiber optic,Yes,No,Yes,Yes,No,Yes,Month-to-month,Yes,Mailed check,87.11,4098.71,No
2345-NJJJJ,Male,0,Yes,No,38,Yes,No,Fiber optic,No,No,No,No,No,Yes,Two year,Yes,Electronic check,79.53,3047.61,No
5588-ZJXZG,Female,1,Yes,No,4,Yes,No,DSL,Yes,Yes,Yes,No,No,No,Month-to-month,No,Mailed check,66.46,267.73,Yes
7336-ANDYH,Female,0,No,No,10,Yes,Yes,Fiber optic,No,No,Yes,No,No,No,Two year,Yes,Electronic check,77.11,776.77,Yes
6457-HXTQK,Female,0,No,No,21,Yes,No,No,No internet service,No internet service,No internet service,No internet service,No internet service,No internet service,Two year,Yes,Electronic check,22.3,451.79,No
9021-QDLGY,Male,0,Yes,No,63,Yes,No,DSL,Yes,Yes,No,Yes,Yes,Yes,Month-to-month,No,Mailed check,82.71,5194.11,No
7661-JRUFH,Male,0,Yes,No,11,Yes,No,DSL,No,No,Yes,No,Yes,Yes,One year,Yes,Mailed check,57.09,626.85,Yes
5344-GHGWC,Male,0,No,No,52,Yes,No,Fiber optic,No,No,No,Yes,No,No,Month-to-month,No,Electronic check,72.62,3767.96,No
3885-DHEML,Male,0,Yes,No,54,Yes,No,No,No internet service,No internet service,No internet service,No internet service,No internet service,No internet service,Month-to-month,No,Electronic check,21.27,1140.54,No
8238-WTMPD,Male,0,Yes,Yes,52,Yes,No,DSL,Yes,No,No,Yes,Yes,Yes,Month-to-month,Yes,Bank transfer (automatic),61.68,3200.02,No
4032-YAQYP,Male,0,Yes,Yes,20,Yes,No,Fiber optic,Yes,No,No,No,Yes,Yes,Month-to-month,No,Electronic check,81.59,1650.15,Yes
5605-FSVQE,Male,0,Yes,No,18,Yes,No,DSL,No,Yes,No,No,Yes,Yes,Month-to-month,Yes,Credit card (automatic),58.4,1056.29,Yes
8845-DFDCK,Male,0,Yes,No,68,Yes,No,No,No internet service,No internet service,No internet service,No internet service,No internet service,No internet service,One year,Yes,Electronic check,18.25,1252.02,No
9481-BYZTM,Male,0,Yes,No,71,Yes,Yes,Fiber optic,No,Yes,No,No,No,No,One year,No,Mailed check,73.77,5257.73,No
6038-NLFFV,Female,0,Yes,No,65,Yes,No,Fiber optic,No,Yes,Yes,Yes,No,No,Month-to-month,No,Electronic check,90.89,5901.32,No
9058-HAKSN,Male,0,No,Yes,58,No,No phone service,No,No internet service,No internet service,No internet service,No internet service,No internet service,No internet service,Month-to-month,Yes,Electronic check,18.25,1073.68,No
9015-ZPSYU,Female,0,Yes,No,48,Yes,Yes,Fiber optic,No,No,No,No,No,Yes,Month-to-month,No,Credit card (automatic),74.09,3541.05,Yes
5461-QDGXK,Female,1,No,No,58,Yes,No,Fiber optic,No,Yes,No,No,No,No,Two year,No,Bank transfer (automatic),77.7,4519.53,No
9364-UCASZ,Female,1,Yes,No,22,Yes,Yes,DSL,No,No,No,Yes,Yes,Yes,One year,No,Credit card (automatic),57.07,1251.69,No
4455-MSQHL,Male,1,No,No,2,Yes,No,Fiber optic,No,No,No,Yes,No,No,One year,No,Electronic check,76.81,152.85,Yes
8014-MVWAG,Male,0,Yes,No,55,Yes,Yes,DSL,No,No,No,Yes,No,Yes,Month-to-month,No,Bank transfer (automatic),53.94,2979.91,No
4656-YXQPQ,Male,0,No,No,57,Yes,Yes,No,No internet service,No internet service,No internet service,No internet service,No internet service,No internet service,Month-to-month,Yes,Electronic check,18.45,1055.23,No
4038-JDQNM,Male,0,Yes,No,61,Yes,No,Fiber optic,No,No,Yes,No,Yes,No,Two year,Yes,Bank transfer (automatic),74.42,4544.71,No
1097-JJXHW,Female,0,No,No,17,Yes,No,No,No internet service,No internet service,No internet service,No internet service,No internet service,No internet service,One year,No,Credit card (automatic),20.51,340.86,No
4136-VUNSE,Male,0,Yes,No,60,Yes,Yes,DSL,Yes,Yes,No,Yes,No,No,Two year,No,Electronic check,57.05,3426.23,No
3297-VQRBP,Male,0,Yes,Yes,36,Yes,Yes,DSL,Yes,No,No,No,Yes,No,Month-to-month,Yes,Mailed check,61.1,2199.3,No
4017-XUEGM,Male,1,No,No,53,Yes,No,Fiber optic,Yes,Yes,Yes,No,No,Yes,One year,No,Bank transfer (automatic),94.62,5011.89,No
9645-YXUGK,Male,0,No,No,64,Yes,No,DSL,No,No,No,No,No,No,One year,No,Credit card (automatic),52.05,3333.72,No
6199-SKUQM,Male,1,Yes,No,13,Yes,No,DSL,No,No,No,Yes,Yes,No,Month-to-month,Yes,Electronic check,59.52,767.85,Yes
2040-AUWHD,Female,0,No,No,4,Yes,No,No,No internet service,No internet service,No internet service,No internet service,No internet service,No internet service,Month-to-month,Yes,Mailed check,24.37,107.01,Yes
6664-WHXGC,Male,0,Yes,No,61,Yes,Yes,DSL,Yes,Yes,No,No,Yes,Yes,Month-to-month,No,Electronic check,60.91,3721.41,No
8977-ABEXU,Female,0,Yes,No,0,Yes,No,Fiber optic,No,No,No,No,No,No,Month-to-month,No,Mailed check,68.01, ,No
5219-WLMZY,Male,0,No,No,62,Yes,Yes,No,No internet service,No internet service,No internet service,No internet service,No internet service,No internet service,One year,No,Mailed check,20.26,1247.59,No
8379-FSMQM,Female,0,Yes,No,66,Yes,No,DSL,No,No,Yes,No,Yes,No,Two year,No,Bank transfer (automatic),57.03,3762.1,No
5858-ZNRYE,Male,0,No,Yes,19,Yes,Yes,Fiber optic,Yes,No,No,No,No,No,Two year,Yes,Credit card (automatic),75.95,1437.51,No
1861-XXWCD,Male,0,Yes,No,42,Yes,No,No,No internet service,No internet service,No internet service,No internet service,No internet service,No internet service,One year,No,Mailed check,21.36,910.74,No
7592-BQRNA,Female,0,No,Yes,41,Yes,Yes,No,No internet service,No internet service,No internet service,No internet service,No internet service,No internet service,Two year,Yes,Mailed check,18.25,747.79,No
8211-GPVKP,Female,1,No,Yes,68,Yes,Yes,Fiber optic,Yes,No,No,No,Yes,No,Two year,Yes,Mailed check,84.51,5754.82,No
9703-KDASW,Female,0,No,No,38,Yes,Yes,No,No internet service,No internet service,No internet service,No internet service,No internet service,No internet service,Month-to-month,Yes,Bank transfer (automatic),19.08,726.6,No
2084-ZSLFQ,Male,1,No,No,61,Yes,Yes,DSL,Yes,No,Yes,Yes,Yes,Yes,Month-to-month,Yes,Electronic check,71.63,4364.94,No
4234-JZYMF,Female,0,Yes,Yes,47,Yes,Yes,DSL,No,Yes,No,No,Yes,No,One year,No,Electronic check,51.14,2415.89,No
4824-MWLTQ,Male,0,No,No,5,Yes,No,Fiber optic,Yes,Yes,Yes,No,No,No,Month-to-month,No,Mailed check,92.47,446.37,No
7887-XPNPB,Male,0,Yes,No,41,Yes,No,Fiber optic,No,No,No,No,No,No,Two year,No,Electronic check,64.74,2660.19,No
5238-WZCZA,Female,0,No,Yes,57,Yes,No,Fiber optic,No,Yes,Yes,No,Yes,No,Two year,Yes,Mailed check,88.15,5027.41,No
2050-NASXR,Female,0,No,No,42,Yes,No,Fiber optic,No,Yes,No,No,No,Yes,Two year,Yes,Electronic check,82.95,3489.69,No
7091-TWVXM,Male,0,No,No,9,No,No phone service,No,No internet service,No internet service,No internet service,No internet service,No internet service,No internet service,Two year,No,Electronic check,21.61,192.0,Yes
6824-BEUBV,Male,0,No,No,38,Yes,No,Fiber optic,No,Yes,No,No,Yes,Yes,One year,Yes,Electronic check,84.3,3181.88,Yes
8748-TMSGZ,Female,0,Yes,No,12,Yes,No,No,No internet service,No internet service,No internet service,No internet service,No internet service,No internet service,Two year,No,Mailed check,21.74,261.67,No
3944-CQVNA,Female,0,No,No,38,Yes,Yes,Fiber optic,Yes,No,No,Yes,Yes,No,Month-to-month,Yes,Electronic check,84.38,3209.2,Yes
4159-JMRDN,Female,0,Yes,No,10,Yes,No,Fiber optic,No,Yes,No,Yes,Yes,No,Month-to-month,Yes,Credit card (automatic),93.33,944.18,No
7336-CTEAQ,Male,0,No,No,15,Yes,Yes,Fiber optic,Yes,Yes,No,No,Yes,No,Month-to-month,Yes,Electronic check,89.95,1349.73,Yes
8491-KKQXN,Male,0,Yes,No,32,Yes,Yes,Fiber optic,No,Yes,Yes,No,Yes,No,One year,Yes,Electronic check,89.76,2863.59,No
7271-ZPDSS,Male,0,No,No,59,Yes,Yes,Fiber optic,No,Yes,No,No,Yes,Yes,Two year,No,Electronic check,82.86,4897.38,No
9584-VSTKY,Male,0,Yes,No,58,Yes,No,No,No internet service,No internet service,No internet service,No internet service,No internet service,No internet service,Month-to-month,No,Electronic check,22.07,1273.24,No
9585-SCNLP,Male,0,No,Yes,50,Yes,No,No,No internet service,No internet service,No internet service,No internet service,No internet service,No internet service,Month-to-month,Yes,Bank transfer (automatic),21.19,1061.27,No
6580-NATLN,Male,0,Yes,Yes,14,Yes,No,Fiber optic,No,No,No,Yes,No,No,Two year,No,Mailed check,76.56,1065.51,No
9157-RCGPV,Female,0,No,No,42,Yes,Yes,No,No internet service,No internet service,No internet service,No internet service,No internet service,No internet service,Month-to-month,No,Mailed check,18.25,770.52,No
8888-YLVHD,Male,0,Yes,No,26,Yes,Yes,Fiber optic,Yes,No,No,Yes,No,No,One year,Yes,Bank transfer (automatic),80.13,2089.43,No
7540-FCSJU,Male,0,No,Yes,55,Yes,No,DSL,No,No,Yes,No,No,No,Month-to-month,No,Electronic check,51.92,2853.15,No
3792-BVNST,Male,0,Yes,No,59,Yes,Yes,Fiber optic,No,Yes,No,No,Yes,No,Two year,No,Credit card (automatic),82.44,4880.36,No
8609-TSVGJ,Female,1,No,Yes,69,Yes,Yes,DSL,No,No,Yes,Yes,No,No,One year,No,Electronic check,62.52,4326.14,No
4830-UVWHB,Male,0,Yes,Yes,46,Yes,Yes,Fiber optic,No,Yes,No,No,No,No,Month-to-month,Yes,Electronic check,74.35,3424.76,No
8232-XWAKB,Male,0,No,Yes,7,Yes,Yes,No,No internet service,No internet service,No internet service,No internet service,No internet service,No internet service,Month-to-month,No,Bank transfer (automatic),18.63,123.7,No
8581-ZMKAJ,Female,0,Yes,No,62,Yes,No,No,No internet service,No internet service,No internet service,No internet service,No internet service,No internet service,Two year,Yes,Credit card (automatic),18.25,1139.84,No
7479-ZQZTF,Male,0,No,No,6,Yes,No,Fiber optic,No,Yes,No,No,Yes,No,Two year,Yes,Electronic check,77.12,465.3,Yes
4598-JTDWF,Male,0,Yes,Yes,1,No,No phone service,No,No internet service,No internet service,No internet service,No internet service,No internet service,No internet service,Month-to-month,No,Bank transfer (automatic),20.97,15.41,Yes
9497-HBHPP,Male,0,Yes,No,16,Yes,Yes,Fiber optic,Yes,No,No,No,Yes,No,Month-to-month,Yes,Electronic check,80.48,1301.31,Yes
1236-YEYBE,Male,0,No,Yes,3,No,No phone service,Fiber optic,No,Yes,Yes,Yes,No,Yes,Month-to-month,No,Electronic check,95.76,287.82,Yes
1883-YRFVM,Male,0,Yes,No,25,No,No phone service,No,No internet service,No internet service,No internet service,No internet service,No internet service,No internet service,Month-to-month,Yes,Electronic check,19.76,497.77,No
1824-BDSRJ,Female,0,Yes,Yes,71,Yes,No,Fiber optic,Yes,Yes,No,No,Yes,Yes,Month-to-month,No,Electronic check,88.17,6267.2,Yes
8728-KFNEC,Female,0,No,No,68,Yes,Yes,Fiber optic,No,No,No,No,No,No,Two year,No,Mailed check,69.12,4696.03,No
6300-EVDYJ,Female,1,No,No,4,Yes,Yes,No,No internet service,No internet service,No internet service,No internet service,No internet service,No internet service,Month-to-month,Yes,Credit card (automatic),20.78,80.02,No
2865-WSFTH,Male,0,No,No,4,Yes,Yes,DSL,No,Yes,Yes,No,No,No,Month-to-month,Yes,Credit card (automatic),55.81,242.89,Yes
2754-YDAPS,Male,1,Yes,Yes,68,Yes,No,No,No internet service,No internet service,No internet service,No internet service,No internet service,No internet service,Month-to-month,Yes,Mailed check,18.56,1268.74,No
1876-DSTPU,Male,0,Yes,Yes,2,Yes,No,Fiber optic,Yes,Yes,No,No,No,No,One year,No,Bank transfer (automatic),82.8,165.37,No
3170-YYFKL,Female,1,No,No,37,Yes,Yes,Fiber optic,No,Yes,Yes,Yes,No,Yes,One year,Yes,Electronic check,96.76,3565.03,Yes
9523-BELBF,Male,1,Yes,No,0,Yes,No,Fiber optic,No,Yes,Yes,Yes,No,Yes,Month-to-month,No,Mailed check,96.27, ,No
4606-HQSGF,Male,0,No,No,7,Yes,No,DSL,No,No,No,No,No,Yes,Month-to-month,Yes,Bank transfer (automatic),52.89,375.87,No
8266-DFSTA,Female,0,Yes,No,12,Yes,No,No,No internet service,No internet service,No internet service,No internet service,No internet service,No internet service,Month-to-month,No,Electronic check,22.49,268.28,Yes
7356-DXHJK,Male,0,No,No,69,No,No phone service,Fiber optic,No,No,No,No,Yes,No,Month-to-month,Yes,Electronic check,75.76,5231.41,No
8515-NAVLX,Female,0,No,No,49,Yes,Yes,DSL,No,Yes,Yes,No,Yes,No,Month-to-month,No,Electronic check,61.53,3016.0,No
6590-WUBLX,Female,0,No,No,7,Yes,No,No,No internet service,No internet service,No internet service,No internet service,No internet service,No internet service,Two year,Yes,Electronic check,28.52,207.32,Yes
1644-KJSRK,Female,0,Yes,Yes,29,Yes,No,Fiber optic,Yes,Yes,Yes,Yes,Yes,No,Month-to-month,Yes,Electronic check,104.57,3038.07,No
7198-WBQDA,Male,0,No,No,39,Yes,Yes,No,No internet service,No internet service,No internet service,No internet service,No internet service,No internet service,One year,No,Electronic check,20.92,834.79,No
4144-SAMNP,Male,0,Yes,No,32,Yes,No,No,No internet service,No internet service,No internet service,No internet service,No internet service,No internet service,Month-to-month,No,Mailed check,18.25,586.38,No
4273-RFSHZ,Male,1,No,No,72,Yes,No,DSL,No,No,No,No,Yes,No,Two year,Yes,Electronic check,53.09,3818.14,No
1114-VWNAP,Male,0,No,Yes,51,Yes,No,Fiber optic,No,No,No,No,Yes,No,Two year,Yes,Credit card (automatic),73.66,3754.5,No
5695-DXXKM,Male,0,Yes,No,32,Yes,Yes,Fiber optic,Yes,Yes,No,No,No,Yes,Two year,Yes,Credit card (automatic),95.95,3069.27,Yes
8252-DCBDD,Male,0,Yes,No,72,Yes,No,No,No internet service,No internet service,No internet service,No internet service,No internet service,No internet service,Month-to-month,No,Credit card (automatic),22.43,1607.71,No
4079-KYAXZ,Male,1,No,No,36,Yes,No,Fiber optic,Yes,No,No,No,No,Yes,Month-to-month,No,Credit card (automatic),83.41,3002.08,Yes
8865-VREMN,Female,0,Yes,Yes,69,Yes,Yes,No,No internet service,No internet service,No internet service,No internet service,No internet service,No internet service,Two year,Yes,Mailed check,18.25,1262.5,No
9773-QCCKQ,Male,0,No,No,68,Yes,No,Fiber optic,No,No,Yes,Yes,No,Yes,Two year,No,Bank transfer (automatic),88.86,6040.89,No
4423-UBYSX,Female,0,Yes,Yes,3,Yes,No,DSL,No,No,No,No,No,No,Two year,No,Mailed check,36.76,111.97,Yes
4189-LLPKF,Male,0,Yes,No,59,Yes,No,DSL,No,No,No,No,No,No,Month-to-month,Yes,Electronic check,50.4,2949.74,No
1725-EHEAA,Male,0,No,No,30,Yes,No,Fiber optic,No,No,No,Yes,Yes,No,One year,Yes,Mailed check,83.98,2521.36,Yes
1829-XSBPV,Male,1,No,No,13,Yes,No,No,No internet service,No internet service,No internet service,No internet service,No internet service,No internet service,One year,No,Bank transfer (automatic),21.29,269.12,No
3852-GMQQY,Female,0,Yes,No,59,Yes,Yes,Fiber optic,No,No,No,Yes,Yes,No,Month-to-month,Yes,Credit card (automatic),78.9,4664.49,No
5657-JGGNP,Female,0,No,No,67,Yes,No,No,No internet service,No internet service,No internet service,No internet service,No internet service,No internet service,Month-to-month,No,Electronic check,19.7,1314.14,No
6062-JZLMW,Female,1,No,No,25,Yes,Yes,Fiber optic,No,Yes,No,Yes,No,No,Month-to-month,Yes,Mailed check,82.02,2062.43,Yes
4734-VFTSR,Female,0,No,Yes,23,Yes,Yes,DSL,No,No,No,No,No,Yes,Two year,No,Electronic check,51.05,1165.42,No
6491-ETLZU,Male,0,Yes,No,55,Yes,No,No,No internet service,No internet service,No internet service,No internet service,No internet service,No internet service,Month-to-month,No,Electronic check,18.53,1001.07,No
3755-UMGDF,Female,1,Yes,No,8,Yes,Yes,Fiber optic,No,No,No,No,Yes,Yes,Two year,No,Mailed check,74.78,597.84,No
1715-YLRAB,Male,0,No,Yes,34,Yes,Yes,Fiber optic,No,No,No,No,No,No,Month-to-month,No,Mailed check,78.09,2662.66,Yes
3007-RYCHH,Male,0,No,No,23,Yes,Yes,DSL,Yes,Yes,Yes,No,No,Yes,Month-to-month,No,Bank transfer (automatic),62.82,1445.47,No
1364-JELAR,Female,0,Yes,Yes,30,Yes,No,DSL,No,No,Yes,Yes,No,Yes,Month-to-month,No,Bank transfer (automatic),71.73,2172.18,No
7866-PTZWJ,Female,0,No,Yes,65,Yes,Yes,Fiber optic,No,No,No,No,No,No,One year,Yes,Electronic check,67.72,4392.67,No
9955-FWERH,Female,0,Yes,No,65,Yes,No,No,No internet service,No internet service,No internet service,No internet service,No internet service,No internet service,One year,Yes,Mailed check,18.25,1194.36,No
3587-SEVWT,Female,0,Yes,No,40,No,No phone service,DSL,No,Yes,Yes,No,Yes,No,Month-to-month,Yes,Electronic check,66.67,2677.53,No
1884-KFMEY,Female,0,No,No,35,Yes,Yes,No,No internet service,No internet service,No internet service,No internet service,No internet service,No internet service,Two year,Yes,Mailed check,18.25,645.71,No
7481-NPWVX,Female,1,No,No,33,Yes,Yes,Fiber optic,Yes,No,No,No,Yes,No,Two year,Yes,Electronic check,82.41,2711.61,No
2252-ECXHC,Female,0,Yes,No,38,Yes,Yes,Fiber optic,No,Yes,No,No,No,No,Month-to-month,No,Bank transfer (automatic),76.32,2903.11,No
4530-ABENQ,Female,1,No,Yes,22,Yes,No,No,No internet service,No internet service,No internet service,No internet service,No internet service,No internet service,Month-to-month,Yes,Electronic check,18.25,404.37,No
2061-CRDBQ,Male,0,No,Yes,43,Yes,Yes,DSL,Yes,Yes,No,Yes,No,No,Month-to-month,No,Electronic check,59.02,2528.5,Yes
2066-DNGRK,Female,0,No,No,69,Yes,No,No,No internet service,No internet service,No internet service,No internet service,No internet service,No internet service,Two year,No,Electronic check,19.62,1341.58,No
5464-JCXRG,Female,0,No,No,57,Yes,No,No,No internet service,No internet service,No internet service,No internet service,No internet service,No internet service,Month-to-month,Yes,Credit card (automatic),23.66,1356.02,No
5917-KWRZU,Male,0,Yes,No,58,Yes,Yes,DSL,No,No,No,No,No,No,Two year,No,Electronic check,40.88,2377.73,No
2274-NKYDF,Female,0,Yes,No,25,Yes,Yes,Fiber optic,Yes,No,No,Yes,Yes,No,Month-to-month,Yes,Bank transfer (automatic),91.81,2293.72,No
3214-AFEKT,Male,1,Yes,Yes,21,Yes,No,DSL,No,Yes,No,No,Yes,Yes,One year,Yes,Bank transfer (automatic),69.77,1470.56,No
1237-PKKRQ,Male,0,No,No,39,Yes,No,Fiber optic,No,No,No,No,No,Yes,Two year,No,Credit card (automatic),76.78,3003.8,No
4242-HHYUR,Female,0,No,No,10,Yes,No,Fiber optic,Yes,Yes,Yes,No,No,Yes,One year,No,Mailed check,94.46,968.53,No
8654-FYKYL,Male,0,Yes,No,8,Yes,Yes,No,No internet service,No internet service,No internet service,No internet service,No internet service,No internet service,Month-to-month,Yes,Bank transfer (automatic),21.29,179.33,No
5257-LRDTW,Male,0,Yes,Yes,11,Yes,No,Fiber optic,Yes,No,No,Yes,Yes,No,Two year,Yes,Mailed check,88.06,972.84,No
3471-NFFJU,Male,0,Yes,No,25,Yes,Yes,Fiber optic,Yes,Yes,No,Yes,No,Yes,Two year,No,Electronic check,89.93,2238.56,No
2296-LATHM,Male,0,Yes,Yes,37,Yes,Yes,Fiber optic,No,Yes,Yes,Yes,No,No,Month-to-month,No,Credit card (automatic),81.05,2991.62,No
4330-MLKYQ,Female,0,No,No,2,Yes,Yes,Fiber optic,Yes,No,No,No,No,No,Month-to-month,Yes,Credit card (automatic),80.74,149.85,Yes
9125-BSSGK,Male,0,No,Yes,14,Yes,Yes,DSL,Yes,No,No,No,Yes,Yes,Two year,No,Mailed check,56.13,787.52,No
1730-QCZWT,Female,0,Yes,No,46,Yes,No,DSL,No,No,No,No,No,No,One year,Yes,Bank transfer (automatic),46.35,2126.58,No
9447-FYUYX,Male,0,No,No,4,Yes,Yes,DSL,Yes,No,Yes,No,Yes,Yes,Month-to-month,Yes,Credit card (automatic),73.79,308.95,Yes
2686-BARHH,Male,0,No,No,53,Yes,No,DSL,No,No,Yes,Yes,No,Yes,Two year,No,Mailed check,64.47,3420.32,No
9818-CSRXE,Male,1,No,No,23,Yes,Yes,DSL,No,No,No,No,Yes,Yes,Month-to-month,Yes,Credit card (automatic),58.57,1367.65,No
6194-CPXTY,Male,0,Yes,Yes,10,Yes,Yes,Fiber optic,Yes,Yes,Yes,No,No,Yes,Two year,Yes,Mailed check,83.21,830.67,No
9968-HDTAP,Female,0,Yes,No,32,Yes,No,DSL,No,Yes,No,No,No,No,Two year,Yes,Credit card (automatic),50.42,1612.35,No
3018-YNGJH,Female,0,Yes,No,56,Yes,No,No,No internet service,No internet service,No internet service,No internet service,No internet service,No internet service,One year,No,Mailed check,20.99,1181.06,No
8188-LGRTY,Male,0,No,No,51,Yes,No,DSL,No,No,Yes,No,No,No,Month-to-month,Yes,Mailed check,46.82,2393.77,No
1162-WKYVA,Male,1,No,No,63,Yes,Yes,Fiber optic,No,No,No,No,No,No,One year,No,Bank transfer (automatic),73.36,4587.95,No
1966-YRBVB,Female,0,No,No,42,Yes,Yes,Fiber optic,Yes,Yes,Yes,No,No,Yes,Two year,Yes,Credit card (automatic),93.42,3907.29,Yes
7165-KYTUH,Male,0,Yes,No,43,Yes,Yes,DSL,Yes,No,No,No,Yes,No,Two year,Yes,Electronic check,59.37,2555.41,No
5477-MVXKY,Male,0,Yes,No,35,Yes,No,DSL,No,No,Yes,No,No,Yes,Month-to-month,Yes,Bank transfer (automatic),60.38,2107.66,Yes
7974-YSPNN,Male,0,Yes,No,11,Yes,Yes,DSL,Yes,No,No,Yes,No,No,Month-to-month,No,Credit card (automatic),55.05,592.0,No
4289-NBCHM,Female,0,No,Yes,55,Yes,No,Fiber optic,Yes,Yes,Yes,Yes,No,No,Month-to-month,No,Electronic check,95.63,5262.08,No
9627-XJJFD,Female,0,Yes,Yes,2,Yes,No,No,No internet service,No internet service,No internet service,No internet service,No internet service,No internet service,Month-to-month,No,Electronic check,22.36,47.48,Yes
8426-EDEPQ,Female,0,Yes,Yes,49,Yes,No,No,No internet service,No internet service,No internet service,No internet service,No internet service,No internet service,Month-to-month,Yes,Mailed check,18.25,892.5,No
6698-USPVL,Male,0,No,Yes,28,Yes,No,DSL,No,No,No,Yes,Yes,No,Month-to-month,Yes,Bank transfer (automatic),61.42,1718.96,No
6795-MJXPZ,Male,0,No,No,15,Yes,No,No,No internet service,No internet service,No internet service,No internet service,No internet service,No internet service,Two year,Yes,Bank transfer (automatic),18.25,265.5,No
9437-KCTAM,Female,1,No,Yes,39,Yes,Yes,Fiber optic,No,No,No,No,Yes,Yes,Two year,Yes,Credit card (automatic),82.52,3216.11,No
3591-PDDYK,Female,0,Yes,Yes,26,Yes,No,Fiber optic,No,No,No,No,Yes,No,Month-to-month,No,Mailed check,76.8,2004.75,No
7774-ZDZYA,Female,0,No,No,69,Yes,No,DSL,No,No,No,No,No,No,Two year,No,Mailed check,49.46,3404.43,No
4810-QCLDQ,Female,0,Yes,No,41,Yes,No,DSL,Yes,No,No,Yes,Yes,Yes,Month-to-month,Yes,Mailed check,72.08,2954.47,No
3518-AYHHR,Male,1,No,No,56,Yes,Yes,Fiber optic,No,No,No,Yes,No,No,Month-to-month,Yes,Credit card (automatic),76.04,4251.86,Yes
9186-KUMAB,Female,0,Yes,No,9,Yes,No,No,No internet service,No internet service,No internet service,No internet service,No internet service,No internet service,Month-to-month,Yes,Electronic check,18.25,161.05,No
3529-ZXYUD,Male,1,Yes,Yes,37,Yes,Yes,DSL,No,Yes,No,No,No,No,Month-to-month,Yes,Mailed check,57.17,2101.75,No
2879-HQRXQ,Female,0,No,Yes,7,Yes,No,Fiber optic,Yes,No,Yes,No,No,No,Two year,Yes,Mailed check,79.23,556.44,No
1339-UQKRX,Male,0,No,No,17,Yes,No,DSL,Yes,No,Yes,No,Yes,Yes,Month-to-month,Yes,Electronic check,70.08,1193.58,No
9571-QYSDS,Female,0,No,No,16,Yes,No,DSL,No,No,No,No,Yes,Yes,Month-to-month,Yes,Bank transfer (automatic),56.88,898.78,Yes
6341-XKVHK,Female,0,Yes,No,57,Yes,No,No,No internet service,No internet service,No internet service,No internet service,No internet service,No internet service,One year,Yes,Electronic check,21.75,1236.83,No
1410-BYDDK,Female,0,Yes,No,65,Yes,No,DSL,No,No,No,No,Yes,Yes,Month-to-month,Yes,Electronic check,53.57,3481.91,No
9671-FBPNF,Female,0,No,Yes,43,Yes,No,DSL,No,No,Yes,Yes,Yes,Yes,Month-to-month,Yes,Electronic check,65.2,2809.39,No
2046-FPPJX,Male,0,No,No,8,Yes,No,No,No internet service,No internet service,No internet service,No internet service,No internet service,No internet service,Month-to-month,Yes,Electronic check,20.45,159.22,No
6036-PNCUS,Female,0,No,Yes,47,Yes,No,Fiber optic,No,No,No,No,No,No,Two year,No,Electronic check,73.58,3452.13,No
9160-TSSCJ,Male,0,No,No,38,Yes,No,DSL,No,Yes,Yes,No,Yes,No,One year,Yes,Bank transfer (automatic),63.0,2389.14,No
6055-SRNSD,Male,0,No,No,5,Yes,No,Fiber optic,Yes,No,No,No,No,No,One year,Yes,Bank transfer (automatic),70.48,357.99,Yes
9819-MCYRF,Male,0,No,No,29,Yes,No,Fiber optic,No,No,No,Yes,No,No,Month-to-month,Yes,Bank transfer (automatic),75.68,2191.92,No
7651-XZJMG,Male,0,Yes,No,17,Yes,No,Fiber optic,Yes,No,No,Yes,No,Yes,Two year,Yes,Mailed check,83.62,1415.67,No
7285-PJDZJ,Female,0,Yes,No,42,Yes,Yes,Fiber optic,No,Yes,No,Yes,No,No,One year,Yes,Bank transfer (automatic),84.02,3522.48,Yes
6647-YXSZN,Male,0,Yes,No,32,Yes,No,Fiber optic,Yes,No,No,No,Yes,No,Month-to-month,Yes,Bank transfer (automatic),82.49,2654.27,Yes
2384-QPBHQ,Male,1,Yes,No,52,Yes,Yes,DSL,No,Yes,Yes,No,Yes,No,One year,No,Bank transfer (automatic),62.5,3255.93,Yes
5188-PAZTR,Male,0,No,No,55,Yes,No,No,No internet service,No internet service,No internet service,No internet service,No internet service,No internet service,Month-to-month,Yes,Bank transfer (automatic),18.25,1004.1,No
3805-UQVVE,Female,0,No,No,18,Yes,No,DSL,No,No,Yes,Yes,No,No,Month-to-month,Yes,Electronic check,62.86,1132.87,Yes
7207-URXZX,Female,0,No,No,68,Yes,Yes,No,No internet service,No internet service,No internet service,No internet service,No internet service,No internet service,Two year,Yes,Electronic check,20.96,1431.01,No
2125-DPGTH,Female,1,Yes,No,25,Yes,Yes,DSL,No,Yes,No,Yes,No,No,Month-to-month,Yes,Bank transfer (automatic),54.82,1347.96,Yes
2159-CFKJS,Female,0,Yes,Yes,28,Yes,No,No,No internet service,No internet service,No internet service,No internet service,No internet service,No internet service,One year,Yes,Credit card (automatic),21.82,598.77,No
6218-LGVJE,Male,0,Yes,No,23,Yes,No,No,No internet service,No internet service,No internet service,No internet service,No internet service,No internet service,Month-to-month,No,Bank transfer (automatic),18.25,415.15,No
1338-QQMWS,Male,1,No,No,5,Yes,Yes,Fiber optic,No,Yes,Yes,No,No,No,Month-to-month,No,Mailed check,77.25,385.57,Yes
9139-DJPWU,Female,0,Yes,No,53,Yes,No,Fiber optic,No,No,Yes,Yes,No,No,Month-to-month,No,Electronic check,76.85,4061.52,Yes
8605-PWXQT,Male,0,No,No,38,Yes,Yes,Fiber optic,Yes,Yes,No,No,Yes,Yes,Month-to-month,Yes,Electronic check,85.36,3254.93,No
7245-PHRFE,Male,0,Yes,Yes,3,Yes,No,Fiber optic,No,No,Yes,Yes,Yes,Yes,One year,No,Bank transfer (automatic),95.87,298.72,Yes
2278-GXCKD,Male,0,Yes,Yes,57,Yes,No,Fiber optic,Yes,Yes,Yes,Yes,Yes,Yes,Two year,Yes,Electronic check,99.42,5660.41,No
6403-NJMWA,Female,0,No,No,47,Yes,No,Fiber optic,Yes,Yes,Yes,No,Yes,No,Month-to-month,Yes,Credit card (automatic),88.41,4162.07,No
4172-SCFMN,Female,0,No,Yes,59,Yes,Yes,Fiber optic,Yes,Yes,Yes,No,No,Yes,Month-to-month,No,Electronic check,99.16,5859.27,No
7262-SVXVH,Male,0,Yes,Yes,25,Yes,No,DSL,No,No,No,No,No,No,Month-to-month,No,Electronic check,43.79,1083.33,No
4956-XUDFT,Female,1,No,Yes,39,No,No phone service,DSL,No,No,Yes,No,Yes,Yes,One year,Yes,Bank transfer (automatic),63.29,2473.45,No
4619-NNZXV,Female,0,No,Yes,55,Yes,No,Fiber optic,No,Yes,No,No,No,Yes,Month-to-month,Yes,Credit card (automatic),85.8,4741.64,No
6586-DUYQW,Female,0,No,No,38,No,No phone service,Fiber optic,No,Yes,Yes,No,No,Yes,Month-to-month,No,Electronic check,90.11,3434.11,No
7037-QZLLM,Female,0,No,No,38,Yes,No,No,No internet service,No internet service,No internet service,No internet service,No internet service,No internet service,One year,Yes,Electronic check,20.2,768.95,Yes
9028-WFXBU,Female,0,No,No,47,Yes,No,Fiber optic,No,No,No,Yes,No,Yes,One year,Yes,Electronic check,74.81,3519.54,No
9992-YFEST,Male,0,Yes,No,24,Yes,Yes,Fiber optic,No,No,Yes,No,Yes,Yes,Month-to-month,Yes,Bank transfer (automatic),84.83,2036.65,Yes
7710-EXCJL,Female,0,No,Yes,33,Yes,Yes,Fiber optic,Yes,No,No,Yes,No,No,One year,Yes,Credit card (automatic),84.28,2782.03,No
7652-TDTAH,Male,0,Yes,Yes,20,Yes,No,DSL,No,No,No,Yes,No,No,Two year,Yes,Bank transfer (automatic),52.95,1052.09,No
3335-QADXT,Male,0,No,No,24,Yes,No,No,No internet service,No internet service,No internet service,No internet service,No internet service,No internet service,Month-to-month,Yes,Mailed check,19.12,472.1,Yes
4812-UJDER,Female,0,Yes,No,21,Yes,Yes,Fiber optic,No,Yes,Yes,No,No,Yes,One year,No,Bank transfer (automatic),86.58,1821.53,No
9923-UKMNR,Male,0,Yes,Yes,22,Yes,Yes,No,No internet service,No internet service,No internet service,No internet service,No internet service,No internet service,Month-to-month,No,Mailed check,18.25,406.42,No
6307-WWWYD,Male,0,No,No,24,Yes,No,DSL,Yes,No,No,No,No,No,Month-to-month,No,Mailed check,52.58,1255.26,No
1210-RDLNX,Male,0,Yes,No,25,Yes,Yes,Fiber optic,No,No,Yes,No,Yes,Yes,Month-to-month,Yes,Credit card (automatic),95.1,2381.71,Yes
1082-LTVJC,Female,0,Yes,No,29,Yes,No,Fiber optic,Yes,No,Yes,Yes,No,No,One year,Yes,Credit card (automatic),86.61,2522.71,No
1797-WADSQ,Female,1,No,Yes,37,Yes,No,Fiber optic,No,No,No,No,Yes,No,Month-to-month,No,Credit card (automatic),75.45,2779.82,No
9208-XLQNJ,Male,0,No,No,33,No,No phone service,Fiber optic,No,Yes,No,No,No,No,Two year,No,Bank transfer (automatic),68.61,2268.36,No
8539-HKLKY,Female,0,No,Yes,72,Yes,No,DSL,No,Yes,No,No,No,Yes,Month-to-month,Yes,Mailed check,64.33,4626.32,Yes
5358-LJRQA,Female,0,Yes,No,14,Yes,No,DSL,Yes,No,Yes,Yes,No,Yes,Month-to-month,Yes,Electronic check,73.42,1019.96,Yes
3369-VHRAG,Female,0,No,No,43,Yes,No,Fiber optic,No,No,Yes,No,No,Yes,One year,Yes,Mailed check,81.76,3516.52,No
9104-ELQSS,Female,0,Yes,No,9,Yes,No,DSL,Yes,Yes,Yes,No,Yes,Yes,Month-to-month,No,Credit card (automatic),66.16,584.13,Yes
6745-SGWLX,Male,1,Yes,Yes,36,Yes,No,DSL,Yes,Yes,No,No,No,Yes,Month-to-month,Yes,Electronic check,53.83,1932.74,No
4178-CVMHF,Male,1,No,Yes,6,Yes,No,No,No internet service,No internet service,No internet service,No internet service,No internet service,No internet service,Month-to-month,Yes,Electronic check,20.34,118.47,Yes
2922-FZJSK,Female,0,No,No,31,Yes,Yes,Fiber optic,No,No,Yes,No,Yes,No,Month-to-month,No,Mailed check,79.61,2473.73,No
4684-XBWJF,Female,0,No,No,10,Yes,No,No,No internet service,No internet service,No internet service,No internet service,No internet service,No internet service,Month-to-month,Yes,Electronic check,18.25,195.31,Yes
8013-SVCCU,Male,0,No,No,47,No,No phone service,Fiber optic,No,Yes,No,No,Yes,No,One year,No,Electronic check,77.91,3670.1,No
6723-VEZKP,Male,0,Yes,No,67,Yes,Yes,Fiber optic,Yes,No,No,No,Yes,Yes,Month-to-month,No,Bank transfer (automatic),81.69,5494.96,Yes
8765-YUJYJ,Female,0,No,Yes,47,Yes,Yes,DSL,Yes,No,No,No,Yes,No,Month-to-month,No,Credit card (automatic),54.26,2560.88,Yes
4352-QPDZK,Male,0,Yes,No,44,Yes,Yes,No,No internet service,No internet service,No internet service,No internet service,No internet service,No internet service,Two year,No,Bank transfer (automatic),18.25,801.0,No
3942-AXXWG,Female,0,No,Yes,32,Yes,No,Fiber optic,No,No,No,No,Yes,No,One year,Yes,Electronic check,78.04,2477.23,No
1650-VKNAE,Female,0,No,Yes,3,Yes,Yes,Fiber optic,No,No,Yes,No,Yes,Yes,Two year,Yes,Electronic check,92.07,285.13,No
3597-DBBTN,Male,0,No,No,46,Yes,Yes,DSL,No,No,No,No,Yes,No,Month-to-month,Yes,Bank transfer (automatic),50.56,2320.4,No
8468-AWVEX,Male,1,No,No,52,Yes,No,Fiber optic,Yes,No,Yes,No,Yes,Yes,Month-to-month,No,Credit card (automatic),93.19,4841.2,No
8277-WPBZY,Female,0,No,No,30,No,No phone service,No,No internet service,No internet service,No internet service,No internet service,No internet service,No internet service,One year,Yes,Bank transfer (automatic),22.51,667.05,No
5284-LCTPD,Female,0,No,No,30,Yes,Yes,Fiber optic,Yes,No,Yes,Yes,No,Yes,Two year,No,Electronic check,101.43,3023.77,No
6096-VSEBP,Male,0,Yes,No,26,Yes,No,No,No internet service,No internet service,No internet service,No internet service,No internet service,No internet service,One year,No,Electronic check,20.01,520.89,No
1794-KVJWJ,Female,1,Yes,Yes,47,Yes,Yes,Fiber optic,No,No,Yes,No,No,Yes,One year,Yes,Bank transfer (automatic),89.18,4193.46,No
4262-TGSCP,Male,1,No,No,35,Yes,Yes,Fiber optic,No,Yes,No,No,No,No,Month-to-month,Yes,Bank transfer (automatic),71.76,2513.19,No
7198-NVSVL,Female,0,No,No,48,Yes,Yes,DSL,Yes,No,Yes,No,No,No,One year,No,Electronic check,59.66,2876.97,No
7439-PSZPF,Male,0,Yes,No,30,Yes,No,Fiber optic,No,No,Yes,Yes,No,Yes,One year,Yes,Bank transfer (automatic),91.64,2725.63,No
5449-TFHWM,Male,0,Yes,No,43,Yes,No,No,No internet service,No internet service,No internet service,No internet service,No internet service,No internet service,Month-to-month,Yes,Credit card (automatic),19.33,843.59,No
3112-KADKK,Male,0,Yes,No,58,Yes,Yes,Fiber optic,No,No,No,No,Yes,No,Month-to-month,Yes,Electronic check,73.63,4276.46,Yes
9778-DSHPQ,Female,0,No,No,22,Yes,Yes,Fiber optic,Yes,No,Yes,Yes,No,Yes,One year,No,Bank transfer (automatic),92.97,2040.14,No
8742-SFYDU,Female,0,Yes,No,67,Yes,Yes,No,No internet service,No internet service,No internet service,No internet service,No internet service,No internet service,Month-to-month,Yes,Mailed check,20.86,1395.83,No
7972-UMPHX,Male,0,Yes,No,41,Yes,No,DSL,Yes,No,Yes,No,Yes,No,Month-to-month,No,Bank transfer (automatic),67.23,2759.91,No
3085-HYMUV,Female,0,No,Yes,41,Yes,No,DSL,No,No,Yes,No,Yes,No,Month-to-month,Yes,Mailed check,57.82,2375.34,Yes
7944-KLBGV,Male,0,No,No,12,No,No phone service,Fiber optic,No,Yes,No,Yes,No,Yes,Month-to-month,Yes,Credit card (automatic),88.22,1050.11,No
4377-BWYMX,Male,1,Yes,Yes,0,Yes,No,DSL,Yes,Yes,No,No,No,Yes,Month-to-month,Yes,Electronic check,60.32, ,No
1576-UPEFF,Female,0,Yes,Yes,52,Yes,No,DSL,Yes,Yes,No,No,Yes,No,Month-to-month,No,Electronic check,56.19,2915.56,No
1774-DUGZB,Female,0,No,Yes,39,Yes,Yes,Fiber optic,No,No,No,Yes,No,Yes,Two year,Yes,Electronic check,74.9,2920.17,No
6589-AMYZV,Male,0,Yes,Yes,45,Yes,Yes,Fiber optic,No,Yes,No,No,Yes,No,Month-to-month,Yes,Bank transfer (automatic),83.27,3739.23,Yes
4003-ZZEVU,Female,0,No,No,21,Yes,Yes,Fiber optic,No,Yes,No,No,No,No,Month-to-month,Yes,Electronic check,77.0,1617.77,Yes
8753-YXTFR,Female,0,No,No,51,Yes,No,No,No internet service,No internet service,No internet service,No internet service,No internet service,No internet service,Two year,No,Mailed check,20.27,1028.32,No
8108-KEHEH,Male,0,Yes,Yes,27,Yes,No,DSL,No,Yes,No,No,No,Yes,Two year,No,Credit card (automatic),60.68,1641.85,Yes
3696-LHMBM,Male,1,No,Yes,52,Yes,No,DSL,Yes,No,No,No,No,No,Month-to-month,Yes,Electronic check,47.96,2479.74,Yes
9606-WKTMG,Female,0,Yes,No,62,Yes,Yes,DSL,No,No,No,No,Yes,No,One year,No,Electronic check,51.92,3209.32,No
4434-XSJKU,Male,0,Yes,Yes,16,Yes,Yes,Fiber optic,No,Yes,No,No,No,No,Month-to-month,No,Mailed check,74.31,1197.07,Yes
8346-RNJHA,Male,0,No,No,63,Yes,Yes,No,No internet service,No internet service,No internet service,No internet service,No internet service,No internet service,Month-to-month,Yes,Bank transfer (automatic),18.48,1172.5,No
5893-DBYKR,Female,0,No,Yes,5,Yes,No,No,No internet service,No internet service,No internet service,No internet service,No internet service,No internet service,One year,Yes,Mailed check,19.81,113.94,No
1621-RVBMP,Male,0,Yes,Yes,13,Yes,No,DSL,No,Yes,Yes,No,Yes,No,Month-to-month,Yes,Mailed check,62.38,803.89,Yes
6454-YYEDP,Male,0,Yes,No,16,Yes,No,DSL,No,No,No,No,Yes,No,Month-to-month,No,Electronic check,47.69,731.79,No
2771-KJUGU,Female,0,Yes,No,37,Yes,No,Fiber optic,No,No,No,No,No,No,One year,Yes,Electronic check,70.25,2591.02,No
1148-RTDTN,Female,0,Yes,No,68,Yes,Yes,Fiber optic,No,No,No,No,Yes,No,Month-to-month,Yes,Bank transfer (automatic),73.47,4990.82,No
4981-XMRWX,Male,0,No,Yes,12,Yes,Yes,No,No internet service,No internet service,No internet service,No internet service,No internet service,No internet service,One year,No,Credit card (automatic),20.72,259.3,No
3558-UCPBD,Male,0,Yes,No,52,Yes,Yes,Fiber optic,No,No,No,Yes,Yes,No,Month-to-month,Yes,Mailed check,84.6,4403.16,Yes
6154-KPXLY,Female,0,No,No,8,Yes,Yes,No,No internet service,No internet service,No internet service,No internet service,No internet service,No internet service,Month-to-month,Yes,Bank transfer (automatic),20.51,168.67,No
9607-BEUCN,Female,0,Yes,Yes,43,Yes,No,No,No internet service,No internet service,No internet service,No internet service,No internet service,No internet service,Month-to-month,No,Electronic check,20.97,881.77,No
7878-LPKVK,Female,0,No,Yes,25,Yes,No,Fiber optic,No,No,Yes,Yes,No,No,Month-to-month,Yes,Electronic check,84.61,2122.22,Yes
4184-XQSLC,Female,0,No,Yes,18,Yes,Yes,DSL,Yes,No,No,No,Yes,Yes,Two year,Yes,Electronic check,72.15,1305.09,No
9889-EMVAA,Male,1,No,No,47,Yes,Yes,DSL,No,Yes,No,No,Yes,No,Month-to-month,Yes,Electronic check,60.23,2825.68,No
6549-ZFKNK,Female,0,Yes,Yes,29,Yes,No,Fiber optic,No,No,No,No,Yes,No,Two year,No,Bank transfer (automatic),82.4,2379.55,No
7268-SKHQB,Female,0,Yes,No,31,No,No phone service,Fiber optic,No,Yes,Yes,Yes,Yes,Yes,Two year,Yes,Electronic check,96.38,2980.71,No
2812-HSRRZ,Male,1,Yes,Yes,68,Yes,No,DSL,No,Yes,Yes,No,No,No,One year,Yes,Electronic check,59.71,4058.59,Yes
6908-AZMCK,Female,0,No,Yes,10,Yes,Yes,DSL,Yes,No,No,No,No,No,One year,No,Bank transfer (automatic),50.93,516.12,No
4303-XANPK,Male,0,No,Yes,25,Yes,No,DSL,No,Yes,No,No,No,No,Month-to-month,Yes,Mailed check,46.61,1166.57,Yes
4901-ZCZZN,Female,0,No,No,25,Yes,Yes,DSL,Yes,No,Yes,No,No,No,Month-to-month,Yes,Bank transfer (automatic),57.46,1440.67,No
8235-WCFMU,Female,0,No,Yes,16,Yes,No,No,No internet service,No internet service,No internet service,No internet service,No internet service,No internet service,Two year,Yes,Mailed check,23.78,364.45,No
1486-APXZN,Female,0,Yes,No,43,Yes,Yes,Fiber optic,Yes,Yes,No,No,No,Yes,One year,Yes,Mailed check,97.08,4188.67,Yes
2412-CNWEV,Male,0,No,No,22,Yes,Yes,Fiber optic,Yes,No,Yes,No,No,No,Two year,No,Credit card (automatic),85.69,1880.28,Yes
4996-UWWXQ,Male,0,No,No,24,Yes,Yes,DSL,No,No,Yes,No,No,Yes,One year,No,Credit card (automatic),57.29,1371.98,No
3897-BBLBU,Female,0,Yes,No,36,Yes,Yes,No,No internet service,No internet service,No internet service,No internet service,No internet service,No internet service,Two year,Yes,Bank transfer (automatic),22.31,797.36,No
1738-SVUNA,Male,1,Yes,No,64,Yes,Yes,Fiber optic,No,Yes,Yes,Yes,No,Yes,One year,Yes,Mailed check,94.23,6031.84,No
5750-CALLY,Male,0,No,No,1,Yes,No,Fiber optic,No,No,No,Yes,Yes,Yes,Two year,Yes,Electronic check,85.93,96.49,No
6373-KGPGG,Male,1,Yes,No,31,Yes,Yes,DSL,Yes,Yes,No,No,No,Yes,Month-to-month,Yes,Mailed check,65.14,2016.56,No
9753-NBQKC,Male,0,Yes,Yes,54,Yes,No,No,No internet service,No internet service,No internet service,No internet service,No internet service,No internet service,Month-to-month,No,Mailed check,18.25,984.1,No
6349-RVVPC,Male,0,No,Yes,49,Yes,No,No,No internet service,No internet service,No internet service,No internet service,No internet service,No internet service,Month-to-month,Yes,Credit card (automatic),20.37,1006.54,No
5136-EAMXN,Male,0,No,No,64,Yes,Yes,No,No internet service,No internet service,No internet service,No internet service,No internet service,No internet service,Month-to-month,No,Mailed check,18.25,1170.38,No
4227-GKKWV,Female,0,Yes,No,31,Yes,No,Fiber optic,No,No,No,Yes,Yes,No,Month-to-month,Yes,Bank transfer (automatic),83.43,2564.53,Yes
2127-NQMBZ,Female,0,Yes,No,36,Yes,No,Fiber optic,No,No,No,No,Yes,Yes,Two year,Yes,Credit card (automatic),82.78,2973.51,No
6602-USMKT,Male,0,No,Yes,12,Yes,Yes,DSL,No,No,Yes,No,Yes,No,Month-to-month,Yes,Electronic check,51.86,630.39,No
4333-PUSMR,Female,0,No,No,53,Yes,No,DSL,No,No,Yes,No,No,Yes,Month-to-month,Yes,Mailed check,51.96,2760.66,No
7228-REUUC,Female,1,Yes,No,2,No,No phone service,DSL,No,Yes,Yes,Yes,No,Yes,Two year,No,Mailed check,75.25,153.78,No
5092-GDHZA,Female,0,No,No,41,Yes,No,DSL,Yes,No,No,No,Yes,Yes,Two year,No,Electronic check,62.61,2561.98,No
9655-UPWTK,Female,0,No,No,39,Yes,Yes,DSL,No,No,No,No,No,Yes,Month-to-month,Yes,Credit card (automatic),48.89,1911.85,No
9634-TXHDV,Male,0,No,No,65,Yes,No,No,No internet service,No internet service,No internet service,No internet service,No internet service,No internet service,Month-to-month,No,Bank transfer (automatic),18.25,1175.72,No
2131-RHMVK,Female,0,Yes,Yes,59,Yes,No,Fiber optic,No,Yes,No,Yes,No,Yes,Month-to-month,No,Credit card (automatic),86.82,5112.44,No
9923-USRYH,Female,0,Yes,No,10,Yes,Yes,Fiber optic,Yes,No,Yes,No,Yes,Yes,Month-to-month,Yes,Credit card (automatic),94.86,939.56,Yes
6297-DJAMU,Male,0,No,No,0,Yes,No,DSL,Yes,No,Yes,No,No,Yes,Month-to-month,No,Credit card (automatic),67.73, ,Yes
5599-DULNF,Male,0,Yes,No,25,Yes,No,DSL,No,No,Yes,Yes,No,No,Month-to-month,Yes,Electronic check,56.65,1423.87,No
9167-BEQRE,Female,1,No,No,41,No,No phone service,Fiber optic,No,No,No,Yes,No,No,Month-to-month,No,Electronic check,75.1,3074.49,Yes
1869-CRJXM,Female,0,Yes,No,61,Yes,Yes,No,No internet service,No internet service,No internet service,No internet service,No internet service,No internet service,One year,No,Bank transfer (automatic),19.6,1195.86,No
9818-EGZBP,Female,0,Yes,Yes,60,Yes,Yes,DSL,No,Yes,No,No,No,No,Month-to-month,Yes,Bank transfer (automatic),53.03,3174.5,No
8666-WFRGV,Female,0,Yes,Yes,61,Yes,Yes,DSL,Yes,No,No,No,Yes,No,Month-to-month,Yes,Electronic check,64.17,3925.67,Yes
6781-DHBBD,Female,0,Yes,No,11,Yes,Yes,DSL,No,Yes,No,No,No,Yes,Month-to-month,No,Electronic check,60.58,661.07,Yes
4292-QTJWX,Female,0,No,No,26,Yes,No,Fiber optic,Yes,Yes,Yes,Yes,Yes,Yes,Month-to-month,No,Mailed check,107.49,2772.96,No
5043-SDGMJ,Male,0,Yes,Yes,66,Yes,No,Fiber optic,Yes,Yes,No,Yes,No,No,One year,Yes,Credit card (automatic),81.43,5361.94,No
3043-TSTPM,Female,1,No,No,27,Yes,No,DSL,Yes,Yes,No,No,Yes,No,One year,No,Bank transfer (automatic),69.91,1884.87,No
9735-JTNGX,Female,0,No,No,65,Yes,No,Fiber optic,No,Yes,No,No,No,Yes,Two year,Yes,Mailed check,83.64,5441.75,No
7528-RMJMP,Male,0,Yes,Yes,27,Yes,Yes,Fiber optic,Yes,Yes,No,No,Yes,Yes,Month-to-month,Yes,Mailed check,99.98,2719.44,Yes
1576-FEUZQ,Male,1,No,Yes,20,Yes,No,DSL,Yes,No,Yes,No,No,Yes,Month-to-month,No,Bank transfer (automatic),63.03,1277.98,Yes
2092-LMGKV,Male,0,Yes,Yes,6,Yes,No,Fiber optic,No,No,No,No,Yes,Yes,Two year,No,Electronic check,87.15,528.53,Yes
4000-PMKSN,Male,0,No,No,13,Yes,No,DSL,Yes,No,Yes,Yes,No,Yes,Month-to-month,Yes,Bank transfer (automatic),65.75,841.14,Yes
4031-LPYPN,Female,0,No,No,38,Yes,No,No,No internet service,No internet service,No internet service,No internet service,No internet service,No internet service,Month-to-month,Yes,Credit card (automatic),18.25,694.12,No
1501-XFARC,Female,0,Yes,No,72,Yes,No,Fiber optic,No,Yes,No,No,No,Yes,One year,Yes,Electronic check,79.56,5724.52,Yes
1866-SUCUH,Female,0,Yes,No,61,Yes,No,Fiber optic,Yes,Yes,Yes,No,Yes,Yes,Month-to-month,Yes,Mailed check,102.71,6246.29,No
8006-SYRMK,Female,0,No,No,11,Yes,No,DSL,Yes,Yes,Yes,No,No,No,One year,No,Mailed check,57.29,639.1,No
1974-QAJXR,Female,0,No,No,37,Yes,No,Fiber optic,No,No,Yes,No,No,Yes,Month-to-month,Yes,Mailed check,79.3,2932.76,No
8756-BVQZM,Female,0,Yes,No,57,Yes,No,No,No internet service,No internet service,No internet service,No internet service,No internet service,No internet service,One year,Yes,Electronic check,21.04,1197.17,No
8020-RQNLX,Male,0,No,No,55,Yes,Yes,Fiber optic,No,No,No,No,Yes,No,Month-to-month,Yes,Bank transfer (automatic),73.17,4021.6,No
2826-BUANE,Female,0,Yes,Yes,38,Yes,No,Fiber optic,No,Yes,No,No,Yes,No,One year,No,Bank transfer (automatic),78.14,2976.05,No
4427-MSVLM,Male,0,No,No,3,Yes,Yes,DSL,No,No,No,Yes,No,Yes,Two year,Yes,Credit card (automatic),58.38,171.45,Yes
9356-DAKAH,Male,0,Yes,No,47,Yes,No,DSL,No,Yes,Yes,No,No,No,Month-to-month,Yes,Electronic check,61.55,2882.06,No
3929-WXWLA,Female,0,No,Yes,6,Yes,No,Fiber optic,No,No,Yes,No,No,Yes,One year,Yes,Mailed check,80.85,496.67,No
2798-NKTNL,Male,0,Yes,No,59,Yes,No,DSL,No,No,No,Yes,No,Yes,One year,No,Electronic check,59.02,3469.4,No
4610-YPNXM,Female,0,No,No,39,Yes,Yes,DSL,No,Yes,No,No,Yes,No,One year,Yes,Bank transfer (automatic),57.92,2259.05,No
9000-TYREE,Male,1,No,No,7,Yes,Yes,Fiber optic,No,No,Yes,No,No,No,Month-to-month,No,Bank transfer (automatic),77.15,556.82,Yes
2851-UQMEM,Female,0,No,No,57,Yes,No,DSL,Yes,No,No,No,No,No,Month-to-month,No,Mailed check,50.6,2880.42,No
8996-TEPTZ,Male,0,No,Yes,56,Yes,Yes,Fiber optic,No,No,No,Yes,Yes,No,Month-to-month,Yes,Electronic check,71.78,4005.85,No
3024-WZEDZ,Female,0,No,No,34,Yes,No,Fiber optic,No,No,No,No,No,No,Month-to-month,Yes,Bank transfer (automatic),74.77,2551.1,Yes
1636-TTUBP,Female,0,No,No,72,Yes,No,Fiber optic,No,Yes,No,Yes,Yes,No,Month-to-month,No,Electronic check,80.42,5789.27,No
3141-FZNXQ,Female,0,No,No,12,Yes,No,Fiber optic,Yes,Yes,Yes,No,No,Yes,Month-to-month,Yes,Mailed check,93.71,1095.26,Yes
5841-FVTNX,Female,1,No,No,38,Yes,No,Fiber optic,No,Yes,No,No,No,Yes,Month-to-month,Yes,Bank transfer (automatic),81.25,3090.6,Yes
5544-GCZQC,Female,0,No,No,20,Yes,Yes,Fiber optic,Yes,Yes,Yes,Yes,Yes,Yes,Month-to-month,Yes,Credit card (automatic),94.85,1896.47,Yes
5345-YUUPN,Male,0,No,Yes,46,Yes,Yes,DSL,No,Yes,No,Yes,No,Yes,Two year,Yes,Bank transfer (automatic),63.82,2928.38,No
2955-ENGLZ,Male,0,Yes,No,1,Yes,No,No,No internet service,No internet service,No internet service,No internet service,No internet service,No internet service,Month-to-month,Yes,Bank transfer (automatic),18.25,31.44,No
7679-JGHQM,Male,1,No,No,43,Yes,No,Fiber optic,Yes,No,No,No,Yes,No,Month-to-month,Yes,Bank transfer (automatic),81.57,3499.66,Yes
4066-AUBGP,Female,0,Yes,No,29,Yes,No,Fiber optic,No,Yes,Yes,No,Yes,Yes,One year,Yes,Electronic check,89.16,2590.85,Yes
1375-QTTFX,Male,1,No,No,54,Yes,Yes,Fiber optic,No,Yes,Yes,Yes,No,Yes,One year,Yes,Bank transfer (automatic),97.86,5298.91,Yes
4157-XQHTD,Female,0,No,No,39,No,No phone service,DSL,No,Yes,No,No,Yes,No,Two year,Yes,Electronic check,52.31,2045.5,Yes
8754-EGEVF,Female,0,No,No,23,Yes,No,No,No internet service,No internet service,No internet service,No internet service,No internet service,No internet service,One year,Yes,Bank transfer (automatic),23.47,550.06,No
5466-QFNZP,Male,0,Yes,Yes,41,Yes,No,No,No internet service,No internet service,No internet service,No internet service,No internet service,No internet service,Month-to-month,Yes,Credit card (automatic),19.91,844.84,No
8252-LFDCB,Male,0,Yes,No,27,Yes,No,No,No internet service,No internet service,No internet service,No internet service,No internet service,No internet service,Month-to-month,Yes,Mailed check,19.63,528.89,No
4751-DCEJV,Female,0,No,No,50,Yes,No,No,No internet service,No internet service,No internet service,No internet service,No internet service,No internet service,Two year,Yes,Electronic check,20.37,1013.51,Yes
7307-DDQGU,Male,0,Yes,Yes,21,Yes,No,DSL,Yes,Yes,Yes,No,Yes,Yes,Month-to-month,Yes,Bank transfer (automatic),75.32,1563.17,No
4041-LUUNX,Female,0,Yes,Yes,7,Yes,No,DSL,No,No,No,Yes,Yes,No,Month-to-month,Yes,Mailed check,55.84,388.97,No
5500-AWPZL,Female,0,No,No,13,Yes,Yes,No,No internet service,No internet service,No internet service,No internet service,No internet service,No internet service,Month-to-month,Yes,Mailed check,19.36,250.39,No
8569-TFKRQ,Female,0,No,No,44,Yes,No,DSL,Yes,No,Yes,No,No,Yes,One year,Yes,Mailed check,64.6,2837.47,No
7057-ZBLCY,Female,0,Yes,Yes,37,Yes,Yes,DSL,No,No,No,No,No,No,Two year,No,Bank transfer (automatic),42.0,1563.18,No
7007-VWLTL,Female,0,No,Yes,31,Yes,No,No,No internet service,No internet service,No internet service,No internet service,No internet service,No internet service,Month-to-month,Yes,Electronic check,18.52,573.78,No
2606-MELYW,Male,0,Yes,Yes,61,Yes,Yes,Fiber optic,No,Yes,No,No,Yes,Yes,Two year,Yes,Mailed check,91.3,5567.07,No
2395-CNDNP,Male,0,No,Yes,66,Yes,Yes,Fiber optic,Yes,No,No,No,No,Yes,Two year,No,Electronic check,80.3,5291.52,No
6351-WTUEM,Female,0,Yes,No,60,Yes,No,Fiber optic,No,Yes,No,Yes,Yes,No,Month-to-month,Yes,Electronic check,96.56,5789.93,No
9739-XFGVT,Female,0,No,No,12,Yes,Yes,No,No internet service,No internet service,No internet service,No internet service,No internet service,No internet service,One year,No,Mailed check,18.25,223.27,No
9320-QWLCG,Male,0,Yes,No,46,Yes,No,Fiber optic,No,Yes,Yes,Yes,Yes,No,Two year,No,Electronic check,94.92,4353.59,No
9184-ZFULB,Male,0,No,No,53,Yes,No,Fiber optic,No,No,No,Yes,Yes,No,One year,No,Electronic check,79.65,4226.92,No
5136-CKCLT,Female,0,Yes,No,70,Yes,Yes,No,No internet service,No internet service,No internet service,No internet service,No internet service,No internet service,Two year,No,Bank transfer (automatic),21.57,1526.66,No
7413-PQYRX,Male,0,No,No,51,Yes,No,Fiber optic,No,No,Yes,No,No,No,Two year,Yes,Mailed check,76.69,3906.1,No
7980-GHJQB,Female,0,Yes,No,71,Yes,No,DSL,Yes,Yes,Yes,No,No,No,Month-to-month,Yes,Electronic check,68.7,4868.67,No
7508-FXVKC,Male,0,Yes,No,24,Yes,Yes,Fiber optic,Yes,No,Yes,Yes,No,Yes,Two year,Yes,Electronic check,94.15,2254.77,No
3994-SDVCV,Female,0,No,No,22,Yes,No,DSL,No,No,No,Yes,Yes,No,Two year,Yes,Bank transfer (automatic),52.29,1152.75,No
5316-QQAPC,Male,0,No,No,29,Yes,Yes,DSL,No,No,Yes,Yes,Yes,No,One year,Yes,Electronic check,60.97,1776.55,No
4300-SWXKX,Female,0,Yes,No,10,Yes,Yes,DSL,No,No,Yes,No,No,No,Month-to-month,Yes,Bank transfer (automatic),50.49,509.26,No
3216-PLMER,Male,0,Yes,Yes,34,Yes,No,Fiber optic,Yes,Yes,Yes,No,No,Yes,Month-to-month,No,Electronic check,95.74,3258.72,No
9168-YZJGV,Male,0,Yes,Yes,26,Yes,No,Fiber optic,No,Yes,Yes,No,Yes,Yes,Month-to-month,Yes,Credit card (automatic),99.23,2593.73,Yes
4135-WEAGP,Female,0,Yes,No,66,Yes,Yes,DSL,No,No,No,No,No,No,Month-to-month,Yes,Mailed check,50.08,3320.69,No
2665-ZPSGC,Male,0,Yes,No,46,Yes,Yes,DSL,Yes,No,No,Yes,No,Yes,One year,Yes,Electronic check,62.31,2868.02,No
2684-BVKCY,Female,0,Yes,No,49,Yes,Yes,DSL,No,Yes,Yes,Yes,No,Yes,One year,No,Electronic check,67.89,3329.54,Yes
3195-FJRQZ,Male,1,No,No,7,Yes,No,Fiber optic,Yes,Yes,No,No,No,No,One year,Yes,Electronic check,88.06,616.17,No
5702-JJNFV,Female,0,No,Yes,54,Yes,Yes,DSL,No,No,No,No,No,No,Month-to-month,Yes,Bank transfer (automatic),44.96,2444.55,No
7482-YLQHJ,Male,0,Yes,No,41,Yes,No,Fiber optic,No,No,Yes,No,No,Yes,Month-to-month,Yes,Electronic check,87.98,3604.33,Yes
6862-EUVSV,Female,0,No,No,66,Yes,No,Fiber optic,No,No,No,No,Yes,No,Two year,No,Credit card (automatic),78.73,5172.16,No
8049-UKXRZ,Male,0,No,Yes,19,Yes,Yes,DSL,Yes,No,No,No,Yes,Yes,One year,No,Electronic check,61.26,1163.78,Yes
6518-VCGXE,Female,0,Yes,No,44,Yes,No,Fiber optic,Yes,Yes,No,No,Yes,Yes,Month-to-month,Yes,Electronic check,94.36,4156.84,Yes
8657-LHSLB,Male,0,Yes,No,34,No,No phone service,Fiber optic,No,No,No,No,No,No,Month-to-month,No,Electronic check,69.11,2352.32,Yes
3705-STNLZ,Female,0,No,No,19,Yes,Yes,DSL,Yes,Yes,Yes,Yes,Yes,No,One year,Yes,Electronic check,66.44,1252.48,Yes
2186-UATNA,Female,0,Yes,No,23,Yes,Yes,DSL,No,No,No,No,No,Yes,Month-to-month,Yes,Electronic check,50.18,1134.88,No
2506-ZCYEZ,Female,1,Yes,No,56,Yes,Yes,Fiber optic,No,No,No,Yes,No,No,Month-to-month,Yes,Credit card (automatic),77.44,4337.15,No
9504-TRSGB,Male,0,No,No,54,Yes,No,No,No internet service,No internet service,No internet service,No internet service,No internet service,No internet service,One year,Yes,Credit card (automatic),22.48,1212.24,No
8796-ASNLR,Female,0,No,No,8,Yes,No,No,No internet service,No internet service,No internet service,No internet service,No internet service,No internet service,Two year,No,Bank transfer (automatic),18.25,135.5,No
9634-SMSBB,Male,0,Yes,No,15,Yes,No,DSL,Yes,Yes,No,Yes,No,No,One year,Yes,Bank transfer (automatic),57.11,850.82,No
7359-AQJME,Female,0,No,No,54,Yes,No,DSL,No,Yes,Yes,No,No,Yes,Month-to-month,Yes,Credit card (automatic),64.51,3468.42,Yes
7316-WWSPR,Male,0,No,No,71,No,No phone service,DSL,No,No,No,No,Yes,No,Month-to-month,Yes,Electronic check,50.31,3567.4,No
4712-XDHBR,Female,0,No,No,57,Yes,Yes,Fiber optic,No,Yes,No,No,Yes,No,Month-to-month,Yes,Mailed check,85.91,4888.22,No
5751-MNDSP,Male,0,No,No,63,Yes,No,Fiber optic,Yes,Yes,No,Yes,No,No,Month-to-month,Yes,Electronic check,91.56,5761.55,No
7237-MPRGN,Male,0,Yes,No,48,Yes,Yes,No,No internet service,No internet service,No internet service,No internet service,No internet service,No internet service,One year,No,Mailed check,18.25,884.31,No
9862-HQLEP,Female,0,No,No,28,No,No phone service,No,No internet service,No internet service,No internet service,No internet service,No internet service,No internet service,One year,No,Electronic check,21.79,630.47,No
8617-EKTBC,Male,0,Yes,No,6,Yes,Yes,Fiber optic,Yes,Yes,Yes,No,Yes,No,Month-to-month,Yes,Credit card (automatic),100.34,600.18,No
3461-SENRZ,Male,0,Yes,No,68,No,No phone service,Fiber optic,No,No,Yes,No,No,No,One year,No,Credit card (automatic),78.67,5334.84,No
7068-RCWWL,Female,1,Yes,Yes,1,Yes,Yes,DSL,No,No,Yes,No,Yes,Yes,One year,Yes,Mailed check,57.62,55.31,Yes
5590-BBQDZ,Male,0,Yes,No,32,No,No phone service,Fiber optic,No,No,No,No,Yes,No,Two year,Yes,Bank transfer (automatic),76.13,2427.46,Yes
1572-CRJFW,Male,0,Yes,No,47,Yes,Yes,Fiber optic,Yes,No,No,No,Yes,No,Month-to-month,No,Mailed check,82.02,3860.38,No
3268-DXTJA,Male,0,Yes,No,36,Yes,Yes,Fiber optic,Yes,No,Yes,No,Yes,No,Month-to-month,Yes,Electronic check,92.03,3311.64,No
3508-TLDDS,Female,0,Yes,No,29,Yes,No,DSL,No,No,Yes,Yes,Yes,No,Two year,Yes,Electronic check,56.13,1626.87,No
1038-ZVLWL,Male,0,No,No,40,Yes,No,Fiber optic,No,No,No,Yes,No,No,Month-to-month,Yes,Mailed check,76.39,3043.07,No
1724-TRKLF,Female,0,Yes,No,3,No,No phone service,Fiber optic,No,No,Yes,Yes,No,No,Month-to-month,No,Electronic check,77.64,234.99,No
1038-BLYEA,Male,1,No,No,38,Yes,Yes,Fiber optic,Yes,No,Yes,No,No,No,One year,Yes,Bank transfer (automatic),82.9,3147.36,Yes
4077-EYGSR,Male,0,Yes,Yes,23,Yes,No,Fiber optic,Yes,Yes,Yes,No,No,Yes,Month-to-month,Yes,Mailed check,103.67,2379.13,Yes
8183-CSFUN,Male,0,Yes,Yes,49,Yes,Yes,DSL,No,No,Yes,No,No,Yes,Month-to-month,Yes,Electronic check,65.07,3190.88,No
4700-NAZQK,Female,0,Yes,No,36,Yes,No,Fiber optic,No,No,Yes,No,No,Yes,Month-to-month,No,Bank transfer (automatic),84.66,3053.81,Yes
9639-JTABF,Male,0,Yes,Yes,52,Yes,No,No,No internet service,No internet service,No internet service,No internet service,No internet service,No internet service,Month-to-month,No,Bank transfer (automatic),18.25,944.74,No
1602-NLZQH,Male,0,No,No,24,Yes,Yes,Fiber optic,No,Yes,Yes,No,Yes,Yes,One year,Yes,Electronic check,94.9,2292.97,No
7202-DBFXY,Female,0,Yes,No,30,Yes,Yes,Fiber optic,No,Yes,No,Yes,No,No,Month-to-month,Yes,Electronic check,75.83,2266.67,Yes
7495-GZDEW,Male,0,No,No,37,Yes,No,Fiber optic,No,Yes,No,No,Yes,No,Month-to-month,Yes,Mailed check,86.13,3186.18,No
4287-WREUL,Female,0,No,No,57,Yes,Yes,Fiber optic,No,No,No,No,No,Yes,Two year,No,Bank transfer (automatic),76.8,4378.87,Yes
6803-RCKRC,Female,0,Yes,No,52,Yes,Yes,DSL,Yes,Yes,Yes,No,Yes,No,Two year,No,Bank transfer (automatic),67.08,3471.59,No
4792-JSWMB,Male,1,No,No,49,Yes,No,DSL,No,No,No,No,No,No,Month-to-month,No,Credit card (automatic),44.88,2194.13,Yes
4644-TVXCK,Female,0,Yes,No,3,Yes,Yes,No,No internet service,No internet service,No internet service,No internet service,No internet service,No internet service,Month-to-month,No,Mailed check,22.29,76.01,Yes
8139-GGCSB,Male,0,No,Yes,51,No,No phone service,Fiber optic,No,Yes,Yes,Yes,No,No,One year,No,Mailed check,91.28,4655.03,No
9635-HRVPX,Female,0,No,No,30,Yes,Yes,Fiber optic,No,No,No,Yes,Yes,Yes,Month-to-month,Yes,Bank transfer (automatic),90.04,2702.24,Yes
4138-GTHFB,Female,0,Yes,No,13,Yes,No,DSL,No,Yes,Yes,No,Yes,Yes,Two year,Yes,Credit card (automatic),73.43,940.55,No
1468-RQNBB,Male,0,Yes,Yes,0,Yes,Yes,Fiber optic,No,No,No,No,No,No,Month-to-month,No,Credit card (automatic),67.52, ,Yes
5930-QGKZP,Female,0,Yes,No,42,Yes,No,No,No internet service,No internet service,No internet service,No internet service,No internet service,No internet service,One year,No,Mailed check,18.27,756.24,No
8889-HABMM,Female,0,Yes,No,58,Yes,No,DSL,No,No,No,No,Yes,No,Month-to-month,No,Bank transfer (automatic),49.81,2882.71,No
7747-GGGGY,Female,0,No,No,60,Yes,Yes,DSL,No,No,No,No,Yes,Yes,Month-to-month,Yes,Electronic check,52.91,3167.72,No
9945-LKGDK,Female,0,Yes,Yes,40,Yes,No,DSL,No,No,No,No,No,No,One year,Yes,Bank transfer (automatic),42.87,1731.63,No
4875-GHCKT,Female,1,Yes,No,17,Yes,No,DSL,Yes,No,Yes,No,No,No,Month-to-month,No,Mailed check,57.78,980.17,Yes
1445-WWKFC,Male,0,Yes,No,59,Yes,Yes,Fiber optic,No,No,No,Yes,No,No,One year,Yes,Electronic check,78.91,4658.64,No
6837-PAUEB,Female,0,No,No,68,Yes,No,Fiber optic,Yes,No,No,Yes,No,No,Month-to-month,Yes,Electronic check,77.58,5271.66,No
3912-UALTR,Male,0,Yes,No,58,Yes,No,Fiber optic,Yes,No,No,Yes,Yes,No,Two year,No,Electronic check,87.64,5087.19,No
8801-GPWJZ,Female,0,No,No,41,Yes,No,Fiber optic,Yes,No,No,No,No,Yes,Month-to-month,Yes,Mailed check,82.09,3353.05,No
7101-XNSCT,Male,0,No,Yes,35,Yes,No,Fiber optic,No,No,Yes,No,Yes,No,Month-to-month,Yes,Credit card (automatic),86.01,3000.4,No
7424-SYWBT,Male,0,No,No,39,Yes,No,DSL,Yes,No,No,No,Yes,Yes,Month-to-month,No,Electronic check,68.19,2663.08,No
6157-YBFMH,Female,0,No,Yes,29,Yes,Yes,No,No internet service,No internet service,No internet service,No internet service,No internet service,No internet service,Two year,Yes,Electronic check,21.28,611.05,No
9835-FBURY,Female,0,Yes,Yes,10,Yes,No,Fiber optic,No,No,No,Yes,No,Yes,Month-to-month,Yes,Bank transfer (automatic),87.94,885.84,Yes
3660-CMJLL,Female,0,Yes,Yes,24,Yes,Yes,DSL,No,Yes,Yes,Yes,Yes,No,Month-to-month,Yes,Bank transfer (automatic),73.28,1736.26,No
3161-BVXCL,Male,0,No,No,44,No,No phone service,DSL,No,No,Yes,Yes,Yes,No,Month-to-month,No,Electronic check,66.38,2914.29,No
3945-JBAQA,Female,0,No,No,50,Yes,No,Fiber optic,Yes,Yes,No,Yes,Yes,Yes,Two year,Yes,Electronic check,96.17,4823.86,No
8547-TUPJX,Male,0,No,Yes,42,No,No phone service,DSL,No,No,No,Yes,No,Yes,Two year,No,Electronic check,53.88,2283.77,No
3479-HMQTT,Male,0,Yes,No,65,Yes,No,No,No internet service,No internet service,No internet service,No internet service,No internet service,No internet service,One year,Yes,Mailed check,20.9,1357.18,No
7075-MTBFF,Male,0,Yes,Yes,46,Yes,No,Fiber optic,Yes,Yes,No,No,No,Yes,Month-to-month,Yes,Electronic check,85.06,3908.88,No
6065-ZVRLZ,Female,0,No,No,23,Yes,No,No,No internet service,No internet service,No internet service,No internet service,No internet service,No internet service,Month-to-month,No,Bank transfer (automatic),21.25,494.5,Yes
2754-NYJJS,Female,0,Yes,No,36,Yes,Yes,Fiber optic,No,No,No,Yes,Yes,No,Two year,Yes,Bank transfer (automatic),81.44,2933.28,No
7767-TXAVA,Male,0,Yes,No,55,Yes,No,No,No internet service,No internet service,No internet service,No internet service,No internet service,No internet service,Month-to-month,Yes,Bank transfer (automatic),19.32,1052.37,No
4251-NFSMJ,Male,0,Yes,No,45,Yes,Yes,Fiber optic,Yes,Yes,No,Yes,No,No,Month-to-month,Yes,Mailed check,80.24,3615.51,No
9396-HYJAK,Female,0,No,No,27,Yes,Yes,DSL,Yes,Yes,Yes,No,Yes,No,Month-to-month,Yes,Mailed check,58.78,1583.03,No
1384-SWLMF,Male,0,Yes,No,51,Yes,No,Fiber optic,Yes,No,No,Yes,No,No,Month-to-month,No,Bank transfer (automatic),80.46,4107.69,Yes
3433-DCMTV,Female,0,Yes,Yes,14,Yes,No,Fiber optic,No,No,Yes,No,No,Yes,Two year,No,Mailed check,80.16,1132.87,No
8413-VWZVF,Male,0,No,Yes,44,Yes,Yes,No,No internet service,No internet service,No internet service,No internet service,No internet service,No internet service,Month-to-month,Yes,Electronic check,18.25,796.34,No
6620-FSEBV,Female,0,Yes,No,57,Yes,Yes,DSL,No,Yes,No,No,No,Yes,Two year,No,Mailed check,53.86,3062.11,Yes
8995-QGDQR,Male,0,No,No,66,Yes,Yes,Fiber optic,Yes,No,No,No,Yes,No,One year,Yes,Credit card (automatic),86.96,5743.31,No
4416-ZNETP,Female,0,No,No,72,Yes,No,No,No internet service,No internet service,No internet service,No internet service,No internet service,No internet service,Month-to-month,No,Mailed check,18.86,1370.46,No
9861-BGTTU,Male,0,Yes,Yes,71,No,No phone service,Fiber optic,No,No,No,No,Yes,Yes,Two year,No,Mailed check,77.95,5544.25,No
6744-SEGPJ,Female,1,No,No,72,Yes,Yes,No,No internet service,No internet service,No internet service,No internet service,No internet service,No internet service,Month-to-month,No,Credit card (automatic),20.35,1448.54,No
9634-AUATS,Female,0,No,Yes,40,No,No phone service,DSL,Yes,No,No,Yes,No,Yes,Month-to-month,Yes,Bank transfer (automatic),72.04,2872.59,No
3887-BFFDP,Male,0,Yes,Yes,64,Yes,No,Fiber optic,No,Yes,Yes,No,No,Yes,Month-to-month,Yes,Mailed check,87.25,5586.59,No
2595-GXMAY,Male,1,Yes,No,39,Yes,No,Fiber optic,No,Yes,Yes,No,Yes,Yes,Two year,Yes,Bank transfer (automatic),96.93,3776.32,Yes
6520-KHHZM,Female,1,No,No,4,Yes,No,DSL,No,No,Yes,No,No,Yes,Two year,Yes,Electronic check,55.0,227.88,Yes
7324-SFLVS,Male,0,Yes,No,27,Yes,Yes,DSL,No,No,No,Yes,No,Yes,One year,Yes,Credit card (automatic),60.5,1628.79,No
5253-UMRWR,Female,0,No,No,37,Yes,No,DSL,No,Yes,No,Yes,Yes,No,One year,Yes,Bank transfer (automatic),61.92,2303.9,No
2814-NCAXN,Male,0,No,No,17,Yes,No,DSL,No,Yes,No,Yes,Yes,No,Month-to-month,Yes,Electronic check,70.46,1190.12,No
1049-ZLFVT,Female,0,Yes,Yes,36,Yes,No,DSL,Yes,No,No,No,No,No,Month-to-month,Yes,Electronic check,51.34,1846.77,No
1876-NUAGT,Female,0,No,No,26,Yes,Yes,DSL,No,No,No,Yes,Yes,No,Month-to-month,Yes,Electronic check,57.98,1492.85,Yes
6333-DERVT,Female,0,Yes,No,24,Yes,No,Fiber optic,No,No,No,No,No,Yes,One year,Yes,Credit card (automatic),76.05,1806.0,No
8545-TZEWR,Female,0,No,No,68,No,No phone service,DSL,No,No,Yes,No,Yes,No,Month-to-month,No,Electronic check,55.45,3790.27,No
8880-CFKBZ,Female,1,Yes,No,26,Yes,Yes,No,No internet service,No internet service,No internet service,No internet service,No internet service,No internet service,Month-to-month,No,Bank transfer (automatic),22.36,588.05,No
1545-GJPHR,Female,0,No,No,53,Yes,No,Fiber optic,No,No,No,Yes,No,No,Two year,No,Credit card (automatic),69.63,3701.86,Yes
4421-CFLLF,Male,0,No,No,6,Yes,Yes,DSL,No,No,Yes,No,Yes,Yes,Two year,No,Credit card (automatic),64.99,375.41,Yes
7161-NGZQL,Male,0,No,Yes,26,Yes,Yes,Fiber optic,No,No,Yes,No,Yes,No,Month-to-month,No,Electronic check,78.25,2038.94,Yes
4100-FYDRR,Male,0,No,Yes,58,Yes,No,No,No internet service,No internet service,No internet service,No internet service,No internet service,No internet service,Two year,No,Electronic check,22.04,1297.06,No
8768-ADKLF,Female,0,No,No,71,Yes,No,DSL,No,Yes,No,Yes,Yes,No,Month-to-month,No,Credit card (automatic),66.81,4745.79,No
9576-ACVGR,Female,0,Yes,No,30,Yes,No,No,No internet service,No internet service,No internet service,No internet service,No internet service,No internet service,Month-to-month,Yes,Electronic check,18.25,558.25,No
9342-RANBM,Female,0,No,No,67,Yes,No,Fiber optic,No,Yes,No,Yes,Yes,Yes,One year,No,Electronic check,90.77,6095.51,No
4274-KAPBZ,Female,0,No,No,3,Yes,No,No,No internet service,No internet service,No internet service,No internet service,No internet service,No internet service,Two year,Yes,Credit card (automatic),23.05,65.78,No
8439-LEALA,Male,0,No,No,17,Yes,No,Fiber optic,No,No,No,Yes,Yes,Yes,Month-to-month,No,Credit card (automatic),85.5,1460.98,Yes
1284-PTFLT,Male,1,No,No,62,Yes,No,Fiber optic,Yes,No,No,Yes,No,No,Month-to-month,Yes,Mailed check,80.7,5014.95,No
3969-WMYCD,Female,0,Yes,No,51,Yes,No,DSL,No,No,No,No,Yes,No,Month-to-month,No,Bank transfer (automatic),58.6,2987.95,No
8817-YPPTG,Male,0,Yes,Yes,62,Yes,Yes,DSL,No,Yes,Yes,Yes,Yes,Yes,One year,Yes,Mailed check,83.53,5158.8,No
9398-MAPBP,Male,0,Yes,No,44,Yes,No,Fiber optic,No,No,Yes,No,No,No,Month-to-month,Yes,Credit card (automatic),81.26,3581.36,No
7682-TGKFZ,Female,0,No,No,11,Yes,Yes,DSL,No,No,Yes,No,No,No,Month-to-month,Yes,Credit card (automatic),51.01,554.04,No
4458-PBHYX,Male,0,Yes,Yes,7,Yes,Yes,Fiber optic,No,Yes,No,No,No,Yes,Month-to-month,Yes,Mailed check,82.23,575.2,No
9113-DCUMM,Female,0,No,No,21,Yes,Yes,Fiber optic,No,Yes,No,No,Yes,No,Month-to-month,Yes,Mailed check,83.02,1742.45,Yes
9130-MRLGP,Male,0,Yes,No,40,Yes,No,DSL,Yes,Yes,Yes,No,No,No,Two year,Yes,Bank transfer (automatic),60.88,2431.0,No
5642-NBREM,Female,1,Yes,No,40,Yes,No,DSL,No,No,No,No,No,No,Month-to-month,No,Bank transfer (automatic),41.6,1671.87,No
5376-NHTXR,Female,0,Yes,No,56,Yes,No,DSL,No,No,No,No,Yes,Yes,Month-to-month,No,Electronic check,52.41,2932.74,No
2996-FXZYQ,Female,0,Yes,Yes,31,Yes,Yes,Fiber optic,No,Yes,Yes,Yes,No,No,Month-to-month,Yes,Electronic check,93.06,2893.97,Yes
1927-WNASL,Female,0,No,No,54,No,No phone service,Fiber optic,No,Yes,No,No,Yes,No,Month-to-month,Yes,Mailed check,85.19,4591.21,Yes
1419-SRLDP,Male,0,Yes,No,5,Yes,No,Fiber optic,Yes,No,Yes,No,No,No,One year,Yes,Mailed check,81.38,414.28,No
4812-MSHJA,Female,0,Yes,Yes,38,Yes,Yes,DSL,No,No,No,Yes,Yes,Yes,Month-to-month,No,Electronic check,67.15,2542.29,No
6893-UXUXA,Female,0,Yes,No,8,Yes,No,No,No internet service,No internet service,No internet service,No internet service,No internet service,No internet service,Month-to-month,Yes,Electronic check,18.25,143.03,No
6379-RZQSP,Female,0,No,Yes,31,Yes,No,Fiber optic,No,No,No,Yes,No,Yes,Two year,Yes,Mailed check,79.24,2454.37,No
8963-LYVQR,Male,0,No,No,35,Yes,No,Fiber optic,Yes,No,No,No,No,Yes,Month-to-month,No,Credit card (automatic),74.86,2636.21,No
7433-MJEKM,Female,0,Yes,No,15,Yes,No,DSL,No,No,No,No,No,No,Two year,No,Mailed check,46.56,686.32,No
2667-FSMYE,Male,0,No,No,11,Yes,Yes,Fiber optic,No,Yes,No,No,No,No,Month-to-month,Yes,Electronic check,82.44,901.35,No
7754-ZYYBQ,Female,0,Yes,No,40,Yes,No,No,No internet service,No internet service,No internet service,No internet service,No internet service,No internet service,One year,Yes,Credit card (automatic),24.97,1001.83,No
7199-CYYKC,Male,0,Yes,No,66,Yes,Yes,DSL,No,Yes,No,No,No,Yes,Two year,Yes,Electronic check,46.34,3057.31,No
8002-YKKAJ,Male,0,No,Yes,57,No,No phone service,Fiber optic,No,No,No,Yes,No,Yes,Month-to-month,Yes,Bank transfer (automatic),74.03,4226.74,No
7512-GSGUL,Female,0,Yes,No,8,Yes,Yes,Fiber optic,No,No,Yes,Yes,No,Yes,Two year,Yes,Mailed check,95.74,755.71,No
4586-BNRRX,Male,0,No,Yes,16,Yes,Yes,DSL,No,No,Yes,Yes,Yes,No,Two year,No,Credit card (automatic),61.48,995.59,No
7403-RUGAR,Female,0,Yes,Yes,4,Yes,Yes,Fiber optic,No,Yes,No,No,Yes,No,One year,No,Bank transfer (automatic),82.33,324.55,No
6525-ZFQQL,Female,0,No,No,25,Yes,Yes,DSL,No,Yes,Yes,No,No,No,Two year,No,Credit card (automatic),51.76,1291.65,No
5184-JHRUS,Female,1,Yes,No,0,Yes,No,Fiber optic,No,No,No,Yes,No,No,Month-to-month,Yes,Bank transfer (automatic),73.33, ,Yes
9817-XQWXZ,Male,0,No,No,0,No,No phone service,DSL,Yes,Yes,Yes,No,Yes,No,Month-to-month,No,Mailed check,62.08, ,No
9389-XQNXX,Male,1,No,Yes,34,Yes,Yes,Fiber optic,No,No,Yes,No,No,Yes,Month-to-month,Yes,Mailed check,83.9,2849.62,Yes
8948-EFWTW,Female,1,Yes,No,8,Yes,Yes,DSL,Yes,No,No,No,Yes,No,Two year,No,Bank transfer (automatic),54.48,437.99,Yes
1669-SQBZE,Female,0,No,No,37,No,No phone service,Fiber optic,No,Yes,No,No,No,Yes,Month-to-month,No,Bank transfer (automatic),78.19,2889.53,No
3399-DBGSS,Male,0,Yes,Yes,3,No,No phone service,DSL,No,No,No,Yes,Yes,Yes,Month-to-month,No,Mailed check,59.22,192.93,Yes
8975-MLRTE,Female,1,No,No,51,Yes,Yes,Fiber optic,Yes,Yes,No,No,Yes,No,One year,Yes,Bank transfer (automatic),97.34,4968.26,No
7725-ZFUQW,Female,0,Yes,Yes,18,Yes,No,DSL,Yes,No,Yes,No,No,No,One year,Yes,Mailed check,55.69,993.25,No
4030-EHVZL,Female,0,Yes,No,4,Yes,No,DSL,No,No,No,No,Yes,Yes,Month-to-month,No,Electronic check,55.13,217.73,Yes
6472-QWCHR,Male,0,No,No,47,No,No phone service,DSL,Yes,Yes,Yes,No,Yes,No,One year,Yes,Mailed check,76.51,3602.47,No
9414-YBQKM,Male,0,Yes,No,62,Yes,Yes,Fiber optic,No,No,Yes,No,Yes,No,Month-to-month,No,Electronic check,85.16,5274.27,Yes
3652-BMRUN,Male,0,No,Yes,37,Yes,No,Fiber optic,Yes,No,Yes,Yes,No,Yes,Month-to-month,No,Bank transfer (automatic),91.12,3375.75,No
7936-KQVTF,Female,0,Yes,Yes,51,Yes,No,DSL,No,Yes,Yes,Yes,Yes,No,Month-to-month,Yes,Credit card (automatic),71.63,3639.68,No
9168-YBRBN,Female,0,Yes,Yes,45,Yes,No,Fiber optic,Yes,Yes,Yes,Yes,No,No,Month-to-month,Yes,Electronic check,89.74,4064.05,No
5487-EETET,Female,0,No,Yes,8,Yes,No,Fiber optic,Yes,No,Yes,No,No,Yes,Month-to-month,Yes,Bank transfer (automatic),80.17,652.91,Yes
3802-VWUWU,Male,1,No,Yes,49,Yes,No,No,No internet service,No internet service,No internet service,No internet service,No internet service,No internet service,One year,Yes,Electronic check,22.31,1099.38,Yes
2730-SFHKE,Female,0,Yes,No,65,Yes,No,DSL,No,No,Yes,No,No,Yes,Month-to-month,Yes,Electronic check,55.95,3640.25,Yes
8136-CNRPV,Female,0,Yes,Yes,37,Yes,No,Fiber optic,Yes,No,Yes,No,No,No,Month-to-month,Yes,Electronic check,88.76,3275.96,No
7689-YREHE,Female,0,Yes,No,26,Yes,No,Fiber optic,No,No,No,Yes,No,Yes,One year,Yes,Electronic check,83.24,2162.15,No
7336-RJKZP,Female,0,Yes,No,19,Yes,No,DSL,No,No,No,Yes,No,No,Two year,Yes,Credit card (automatic),45.95,876.92,No
6193-GVMSB,Male,0,Yes,Yes,61,Yes,No,DSL,Yes,No,No,No,No,No,Month-to-month,Yes,Mailed check,56.19,3424.2,No
9304-XVJBB,Male,1,Yes,No,15,Yes,No,Fiber optic,No,Yes,No,No,No,No,One year,No,Electronic check,73.7,1107.85,Yes
4515-SKUGZ,Female,0,No,Yes,12,Yes,No,Fiber optic,Yes,Yes,No,Yes,No,No,One year,No,Bank transfer (automatic),83.35,975.39,No
2941-SQFQN,Male,0,No,No,19,Yes,Yes,DSL,No,No,No,Yes,Yes,Yes,Month-to-month,Yes,Credit card (automatic),57.87,1115.92,Yes
7442-NJHYZ,Male,0,Yes,No,23,Yes,Yes,Fiber optic,No,Yes,Yes,No,Yes,Yes,Month-to-month,No,Mailed check,88.65,2043.96,No
8404-JHFLS,Female,0,Yes,Yes,49,Yes,No,DSL,No,No,No,Yes,Yes,No,Month-to-month,No,Credit card (automatic),59.13,2892.1,No
9473-GHKDC,Female,1,Yes,No,6,Yes,No,Fiber optic,No,No,No,No,Yes,No,Month-to-month,No,Credit card (automatic),71.97,438.74,No
9447-XHEZP,Male,0,No,Yes,28,Yes,No,No,No internet service,No internet service,No internet service,No internet service,No internet service,No internet service,Month-to-month,No,Bank transfer (automatic),21.51,606.02,No
7557-SKVZU,Female,0,No,No,4,Yes,No,Fiber optic,No,No,No,No,No,Yes,Month-to-month,No,Electronic check,73.48,299.22,No
7352-TXYUF,Male,0,No,No,34,Yes,No,Fiber optic,No,Yes,No,No,No,Yes,One year,Yes,Mailed check,79.14,2679.11,Yes
4838-SXQQS,Female,1,No,Yes,64,Yes,Yes,Fiber optic,No,No,No,No,No,No,Month-to-month,Yes,Electronic check,74.21,4745.23,No
8677-USLDF,Male,0,No,No,69,Yes,No,No,No internet service,No internet service,No internet service,No internet service,No internet service,No internet service,Month-to-month,No,Credit card (automatic),18.25,1257.12,No
2830-JDPXX,Female,0,Yes,Yes,6,No,No phone service,DSL,No,Yes,No,Yes,No,Yes,Month-to-month,Yes,Bank transfer (automatic),70.41,425.4,Yes
6400-WURKE,Male,0,Yes,Yes,43,Yes,No,Fiber optic,Yes,Yes,Yes,Yes,Yes,Yes,Two year,No,Electronic check,115.72,4979.53,No
6032-JNRBP,Male,1,No,Yes,71,Yes,No,No,No internet service,No internet service,No internet service,No internet service,No internet service,No internet service,Month-to-month,Yes,Credit card (automatic),20.57,1446.07,No
6051-EJWBK,Male,0,Yes,No,12,Yes,No,Fiber optic,No,No,Yes,Yes,No,Yes,One year,No,Electronic check,88.45,1076.47,Yes
2255-KDNBT,Female,0,No,No,37,Yes,Yes,DSL,No,Yes,No,No,Yes,No,Month-to-month,No,Bank transfer (automatic),53.31,1965.83,No
7472-BRRKE,Male,0,No,No,12,Yes,Yes,No,No internet service,No internet service,No internet service,No internet service,No internet service,No internet service,Two year,Yes,Mailed check,18.25,208.02,No
2487-JGZTW,Male,0,No,No,53,Yes,No,DSL,Yes,No,No,Yes,Yes,Yes,Month-to-month,Yes,Electronic check,60.37,3202.98,No
8625-ENZER,Female,0,Yes,Yes,43,Yes,Yes,Fiber optic,Yes,No,No,No,Yes,Yes,Month-to-month,Yes,Bank transfer (automatic),86.23,3714.8,No
5333-VNXWN,Female,0,No,No,12,Yes,No,No,No internet service,No internet service,No internet service,No internet service,No internet service,No internet service,Two year,No,Credit card (automatic),18.56,214.03,No
5163-HXQSS,Male,1,No,No,24,Yes,No,Fiber optic,No,Yes,No,Yes,No,No,Two year,Yes,Bank transfer (automatic),88.25,2108.69,No
8501-LGLCT,Male,0,No,No,23,Yes,No,No,No internet service,No internet service,No internet service,No internet service,No internet service,No internet service,Month-to-month,No,Credit card (automatic),20.22,467.53,No
2417-MZVBW,Female,1,No,No,28,Yes,Yes,Fiber optic,No,No,No,No,Yes,No,Month-to-month,Yes,Credit card (automatic),75.66,2128.83,No
3877-EFFVX,Female,0,No,No,69,Yes,No,No,No internet service,No internet service,No internet service,No internet service,No internet service,No internet service,One year,Yes,Mailed check,22.05,1530.37,No
8057-WFYBP,Female,0,Yes,Yes,17,Yes,No,No,No internet service,No internet service,No internet service,No internet service,No internet service,No internet service,Two year,No,Bank transfer (automatic),23.22,392.89,No
1186-DRGWU,Female,0,Yes,Yes,4,Yes,No,DSL,Yes,Yes,No,No,No,Yes,Two year,No,Mailed check,64.56,260.38,No
1152-SHUNX,Female,0,Yes,No,17,Yes,Yes,DSL,No,No,No,No,No,Yes,Month-to-month,No,Electronic check,53.83,900.85,Yes
3533-XJSBE,Male,1,Yes,No,62,Yes,Yes,Fiber optic,Yes,Yes,No,No,Yes,No,One year,No,Electronic check,79.08,4902.59,No
4462-JXGHT,Female,0,No,No,36,No,No phone service,No,No internet service,No internet service,No internet service,No internet service,No internet service,No internet service,Month-to-month,Yes,Credit card (automatic),18.25,664.74,No
4745-GSRRD,Male,0,No,No,70,No,No phone service,Fiber optic,Yes,No,No,No,Yes,No,Month-to-month,No,Electronic check,80.99,5644.33,No
1279-MZVJE,Male,0,Yes,Yes,54,Yes,No,No,No internet service,No internet service,No internet service,No internet service,No internet service,No internet service,Month-to-month,Yes,Mailed check,20.45,1111.45,No
3144-SAJRY,Male,0,Yes,No,72,Yes,No,Fiber optic,No,No,Yes,Yes,No,No,Month-to-month,No,Electronic check,83.94,6031.44,No
5268-WEGJH,Female,0,Yes,No,11,Yes,No,Fiber optic,No,No,Yes,Yes,No,Yes,Month-to-month,Yes,Mailed check,89.26,970.33,Yes
2405-DPDZD,Male,0,No,No,51,Yes,Yes,Fiber optic,Yes,Yes,No,No,No,Yes,Month-to-month,No,Electronic check,80.4,4104.92,No
4900-HBAYR,Male,1,Yes,No,56,No,No phone service,Fiber optic,No,No,No,No,No,No,Two year,Yes,Bank transfer (automatic),72.44,4051.15,No
5369-DJVPS,Female,0,Yes,No,45,Yes,No,DSL,No,No,No,Yes,Yes,No,Two year,No,Bank transfer (automatic),55.18,2496.19,No
9400-EAQJJ,Male,0,Yes,No,43,Yes,No,No,No internet service,No internet service,No internet service,No internet service,No internet service,No internet service,One year,Yes,Bank transfer (automatic),18.25,765.01,No
5050-ARGDC,Male,0,Yes,No,23,Yes,Yes,DSL,No,No,Yes,No,Yes,No,Month-to-month,No,Mailed check,60.41,1392.14,No
1143-LBBVP,Female,1,No,No,8,Yes,No,No,No internet service,No internet service,No internet service,No internet service,No internet service,No internet service,Month-to-month,Yes,Bank transfer (automatic),19.98,180.06,No
8067-YWGNW,Male,0,Yes,Yes,11,Yes,No,Fiber optic,Yes,No,Yes,No,No,Yes,One year,Yes,Mailed check,93.59,1039.75,No
7736-SPGZZ,Male,0,Yes,No,8,No,No phone service,DSL,No,No,Yes,No,Yes,Yes,Month-to-month,Yes,Electronic check,53.9,424.05,Yes
2334-DNKNE,Male,0,Yes,Yes,21,Yes,Yes,DSL,No,Yes,Yes,Yes,No,Yes,Month-to-month,Yes,Mailed check,65.18,1357.29,No
1878-BWBQN,Female,0,No,No,16,Yes,No,No,No internet service,No internet service,No internet service,No internet service,No internet service,No internet service,Two year,Yes,Mailed check,21.34,342.48,No
1576-WYWGC,Female,0,No,Yes,32,Yes,No,DSL,No,Yes,Yes,No,No,No,One year,Yes,Electronic check,60.49,1928.13,No
6342-XSCJQ,Female,1,Yes,No,46,Yes,No,Fiber optic,Yes,No,Yes,No,Yes,No,Month-to-month,Yes,Mailed check,86.14,3955.77,No
9098-ATQBQ,Male,0,Yes,No,14,Yes,Yes,DSL,No,Yes,No,No,Yes,No,Two year,Yes,Electronic check,57.36,794.28,No
8356-RWZME,Male,0,No,Yes,32,Yes,Yes,Fiber optic,Yes,No,Yes,Yes,Yes,No,Month-to-month,No,Bank transfer (automatic),90.59,2898.36,Yes
2142-RXZRX,Female,0,Yes,Yes,14,Yes,Yes,DSL,No,Yes,No,No,No,No,Two year,Yes,Credit card (automatic),52.88,749.78,No
4918-SUPXL,Male,0,No,No,26,Yes,No,DSL,No,No,No,Yes,Yes,No,Month-to-month,Yes,Bank transfer (automatic),56.53,1473.12,Yes
2065-BWTAX,Male,0,Yes,No,60,Yes,Yes,DSL,No,Yes,Yes,No,No,Yes,Two year,No,Mailed check,58.4,3492.34,No
3225-CMJVF,Female,0,Yes,Yes,67,Yes,No,Fiber optic,No,No,No,No,Yes,Yes,Month-to-month,Yes,Credit card (automatic),78.68,5280.29,No
8301-VQVLK,Female,0,No,Yes,47,Yes,No,Fiber optic,No,Yes,No,Yes,No,No,Two year,Yes,Bank transfer (automatic),88.36,4135.55,No
9285-QDXRR,Male,0,No,No,7,Yes,Yes,Fiber optic,Yes,Yes,No,No,No,No,Month-to-month,Yes,Electronic check,80.55,561.76,Yes
3080-HURVX,Male,0,No,No,5,Yes,Yes,DSL,Yes,No,No,No,No,No,Two year,Yes,Bank transfer (automatic),52.78,276.24,No
3417-JDMBR,Male,0,Yes,Yes,62,Yes,No,DSL,Yes,No,No,No,No,Yes,Month-to-month,No,Bank transfer (automatic),52.3,3234.15,No
8812-EYEJF,Female,1,Yes,No,1,Yes,No,Fiber optic,Yes,No,No,No,Yes,Yes,Two year,Yes,Bank transfer (automatic),94.15,81.1,No
8411-ZDEKW,Female,0,Yes,No,21,Yes,No,DSL,Yes,Yes,Yes,No,Yes,Yes,Month-to-month,No,Electronic check,65.12,1370.83,Yes
4974-FSEST,Female,0,No,Yes,20,No,No phone service,Fiber optic,No,Yes,No,Yes,Yes,Yes,One year,No,Bank transfer (automatic),93.77,1872.82,Yes
6743-JCHVK,Female,0,No,No,5,Yes,Yes,Fiber optic,No,No,No,Yes,No,Yes,Two year,Yes,Credit card (automatic),73.93,384.54,Yes
8311-MBXHK,Male,0,Yes,Yes,69,Yes,No,Fiber optic,No,Yes,No,No,No,Yes,Month-to-month,No,Electronic check,81.38,5607.91,Yes
7643-CJPDW,Female,0,No,Yes,12,Yes,No,DSL,No,No,No,No,No,No,Two year,No,Credit card (automatic),47.32,558.57,No
3858-VEQGB,Female,0,No,Yes,0,Yes,Yes,Fiber optic,No,Yes,Yes,No,Yes,Yes,One year,Yes,Bank transfer (automatic),87.56, ,Yes
7915-FZHUS,Female,0,Yes,No,21,Yes,Yes,No,No internet service,No internet service,No internet service,No internet service,No internet service,No internet service,Month-to-month,No,Bank transfer (automatic),23.16,482.59,No
8457-JRCXR,Female,0,No,No,23,Yes,No,Fiber optic,No,Yes,Yes,Yes,No,Yes,Two year,Yes,Bank transfer (automatic),96.68,2236.45,No
7686-SYEYF,Female,0,Yes,No,63,Yes,No,Fiber optic,No,No,No,No,No,No,Month-to-month,No,Electronic check,70.45,4446.66,Yes
1196-LUJEV,Male,0,Yes,Yes,40,Yes,Yes,DSL,No,No,Yes,No,Yes,Yes,One year,Yes,Electronic check,69.42,2786.69,No
2623-XRBBV,Male,0,No,Yes,21,Yes,Yes,DSL,Yes,Yes,Yes,No,Yes,No,One year,Yes,Electronic check,71.7,1506.94,No
8969-XHBQK,Female,0,Yes,No,60,Yes,Yes,No,No internet service,No internet service,No internet service,No internet service,No internet service,No internet service,Month-to-month,Yes,Mailed check,22.09,1326.53,No
5935-VZNAA,Male,0,Yes,Yes,11,No,No phone service,Fiber optic,No,Yes,Yes,No,No,No,Month-to-month,No,Mailed check,79.9,866.19,Yes
1601-RDBZE,Female,0,No,No,3,Yes,No,DSL,No,Yes,Yes,No,No,No,One year,Yes,Electronic check,57.83,170.0,No
3629-YSSDS,Female,0,No,No,11,Yes,No,DSL,Yes,No,No,No,Yes,Yes,Month-to-month,Yes,Mailed check,59.46,648.6,No
2140-LQAXP,Male,0,No,No,32,Yes,No,DSL,No,Yes,Yes,Yes,Yes,No,Month-to-month,No,Electronic check,71.29,2279.06,Yes
5953-QWBMZ,Male,0,No,Yes,20,Yes,No,No,No internet service,No internet service,No internet service,No internet service,No internet service,No internet service,Month-to-month,No,Credit card (automatic),22.79,444.69,No
7149-HKDMJ,Female,1,Yes,No,72,Yes,No,Fiber optic,Yes,Yes,No,No,No,Yes,Month-to-month,No,Bank transfer (automatic),88.9,6408.69,No
3961-DEJBZ,Female,0,No,Yes,71,Yes,No,No,No internet service,No internet service,No internet service,No internet service,No internet service,No internet service,Two year,Yes,Electronic check,18.25,1307.22,No
2347-HZJUQ,Female,0,No,No,71,Yes,Yes,Fiber optic,No,Yes,Yes,No,No,Yes,Two year,Yes,Mailed check,88.84,6316.54,Yes
6429-DUXBH,Male,0,Yes,No,51,No,No phone service,No,No internet service,No internet service,No internet service,No internet service,No internet service,No internet service,Month-to-month,Yes,Electronic check,19.77,1023.95,No
1569-HZHAE,Female,0,No,No,46,Yes,Yes,DSL,No,Yes,No,Yes,No,No,One year,Yes,Mailed check,56.4,2599.77,No
7629-MPJWR,Female,1,Yes,No,58,Yes,No,Fiber optic,No,No,Yes,No,Yes,Yes,One year,Yes,Credit card (automatic),92.7,5370.82,No
6090-MXYPD,Female,0,Yes,No,46,Yes,Yes,Fiber optic,No,Yes,Yes,No,Yes,Yes,Month-to-month,No,Mailed check,89.49,4121.7,Yes
1786-VYGQP,Male,0,No,Yes,55,Yes,No,No,No internet service,No internet service,No internet service,No internet service,No internet service,No internet service,One year,Yes,Electronic check,18.25,1025.48,No
7860-MQQRG,Female,0,No,Yes,12,No,No phone service,DSL,No,No,No,No,No,No,One year,No,Credit card (automatic),43.27,513.16,No
7763-MYGAJ,Female,0,Yes,No,43,Yes,Yes,Fiber optic,No,Yes,No,Yes,No,Yes,Month-to-month,No,Credit card (automatic),84.91,3664.38,Yes
6831-YYSQT,Male,0,Yes,No,34,No,No phone service,Fiber optic,Yes,No,No,No,No,No,One year,Yes,Electronic check,68.48,2338.84,No
1949-XZYMU,Female,0,No,No,28,Yes,No,No,No internet service,No internet service,No internet service,No internet service,No internet service,No internet service,Month-to-month,Yes,Electronic check,23.39,656.57,No
8408-GSMED,Female,1,Yes,No,55,No,No phone service,No,No internet service,No internet service,No internet service,No internet service,No internet service,No internet service,Month-to-month,No,Electronic check,24.27,1331.43,No
5069-XLMBH,Male,0,Yes,Yes,4,Yes,No,Fiber optic,No,No,No,Yes,Yes,Yes,Two year,No,Bank transfer (automatic),79.89,315.93,Yes
5481-WMWVA,Female,0,No,No,66,Yes,No,No,No internet service,No internet service,No internet service,No internet service,No internet service,No internet service,One year,Yes,Bank transfer (automatic),20.59,1375.84,No
8107-FNDJT,Male,1,No,No,52,Yes,No,Fiber optic,No,Yes,Yes,No,No,No,Month-to-month,No,Bank transfer (automatic),88.0,4566.91,Yes
4112-RLFRH,Male,0,No,Yes,59,Yes,No,No,No internet service,No internet service,No internet service,No internet service,No internet service,No internet service,One year,Yes,Electronic check,21.8,1287.37,No
3706-EHJCA,Female,1,No,No,5,Yes,No,No,No internet service,No internet service,No internet service,No internet service,No internet service,No internet service,One year,Yes,Credit card (automatic),25.47,114.75,No
9769-MKDDM,Female,1,No,No,47,Yes,Yes,DSL,No,No,No,No,Yes,No,Month-to-month,No,Electronic check,55.18,2582.44,No
4962-NLWGG,Female,0,No,No,34,Yes,No,Fiber optic,No,No,Yes,Yes,No,No,Month-to-month,Yes,Electronic check,83.43,2847.53,Yes
1712-GPVCK,Female,0,Yes,No,17,No,No phone service,Fiber optic,No,Yes,Yes,No,Yes,No,Month-to-month,Yes,Mailed check,83.38,1426.05,Yes
5235-FCTXV,Male,0,No,No,10,Yes,Yes,No,No internet service,No internet service,No internet service,No internet service,No internet service,No internet service,One year,Yes,Mailed check,22.13,217.93,No
3033-RURWZ,Female,1,Yes,No,50,No,No phone service,Fiber optic,No,No,No,No,No,Yes,One year,No,Mailed check,79.37,3973.97,Yes
8860-HPTHV,Male,0,Yes,No,22,Yes,No,DSL,Yes,No,Yes,Yes,No,Yes,One year,Yes,Mailed check,71.29,1561.9,No
8583-YGBSQ,Female,0,Yes,No,46,Yes,No,Fiber optic,Yes,Yes,Yes,No,Yes,No,Two year,Yes,Mailed check,97.0,4459.29,No
4345-MVPGU,Female,1,No,Yes,58,Yes,No,Fiber optic,Yes,Yes,No,No,No,No,Month-to-month,No,Electronic check,81.33,4704.35,No
3450-FQFDW,Female,1,Yes,Yes,56,No,No phone service,No,No internet service,No internet service,No internet service,No internet service,No internet service,No internet service,Month-to-month,Yes,Credit card (automatic),21.2,1179.48,No
1257-SAUVK,Male,0,Yes,Yes,55,Yes,No,Fiber optic,Yes,No,Yes,Yes,No,No,Two year,Yes,Electronic check,85.29,4705.13,No
1518-SBAGM,Female,0,No,No,26,Yes,Yes,DSL,Yes,Yes,No,Yes,No,No,One year,No,Credit card (automatic),70.49,1830.53,No
4729-QCQXK,Female,1,No,No,72,Yes,No,No,No internet service,No internet service,No internet service,No internet service,No internet service,No internet service,One year,Yes,Credit card (automatic),20.21,1448.74,No
9394-SBKCH,Female,0,No,Yes,34,Yes,No,Fiber optic,No,No,Yes,No,Yes,No,Month-to-month,No,Electronic check,86.05,2920.17,No
1601-HQYYU,Female,1,Yes,Yes,54,Yes,No,Fiber optic,Yes,Yes,No,Yes,Yes,Yes,Month-to-month,Yes,Mailed check,106.5,5746.7,Yes
1029-KNTML,Male,0,Yes,No,8,Yes,Yes,No,No internet service,No internet service,No internet service,No internet service,No internet service,No internet service,Month-to-month,Yes,Credit card (automatic),24.23,189.39,No
9749-NGUBY,Female,0,No,No,17,Yes,No,Fiber optic,No,No,No,No,Yes,Yes,One year,No,Mailed check,77.04,1310.7,No
5612-AZQSF,Male,0,Yes,No,43,Yes,Yes,Fiber optic,No,No,No,Yes,No,No,Month-to-month,Yes,Bank transfer (automatic),75.42,3247.64,Yes
2288-YMGLH,Male,0,No,No,20,Yes,Yes,DSL,No,No,No,No,Yes,Yes,Month-to-month,No,Mailed check,58.36,1173.47,Yes
9771-YUYRG,Male,0,Yes,No,55,Yes,Yes,No,No internet service,No internet service,No internet service,No internet service,No internet service,No internet service,Month-to-month,No,Mailed check,18.25,1011.95,No
6040-MMTWU,Male,0,No,No,47,Yes,Yes,DSL,No,No,No,No,Yes,Yes,One year,Yes,Mailed check,55.55,2619.53,No
9771-YTVRT,Male,0,Yes,No,0,Yes,Yes,DSL,Yes,No,Yes,No,Yes,No,Two year,Yes,Mailed check,61.91, ,No
8685-XUZGE,Male,0,Yes,Yes,26,Yes,Yes,No,No internet service,No internet service,No internet service,No internet service,No internet service,No internet service,Month-to-month,No,Electronic check,18.42,475.13,Yes
8071-AGJUN,Female,0,No,No,44,Yes,Yes,Fiber optic,No,Yes,No,Yes,No,No,Month-to-month,Yes,Credit card (automatic),88.57,3898.43,No
2265-XGKXT,Male,0,Yes,Yes,62,Yes,No,DSL,Yes,Yes,No,Yes,Yes,Yes,Month-to-month,Yes,Credit card (automatic),72.51,4499.02,No
5103-GEBJD,Male,0,Yes,Yes,57,No,No phone service,DSL,No,No,No,No,Yes,No,Month-to-month,No,Credit card (automatic),53.5,3035.53,Yes
4367-CEGGM,Male,0,No,No,39,Yes,No,No,No internet service,No internet service,No internet service,No internet service,No internet service,No internet service,Two year,Yes,Bank transfer (automatic),19.76,768.97,No
3169-HMKQK,Female,0,Yes,No,62,Yes,No,Fiber optic,No,No,No,No,No,Yes,Month-to-month,No,Electronic check,78.95,4876.64,Yes
2928-AZGJA,Female,0,Yes,No,37,Yes,Yes,Fiber optic,No,Yes,Yes,Yes,No,Yes,One year,No,Electronic check,92.43,3424.3,No
7397-YEGFP,Male,0,Yes,No,28,Yes,No,No,No internet service,No internet service,No internet service,No internet service,No internet service,No internet service,Two year,Yes,Electronic check,21.71,613.89,No
9976-AGUFQ,Female,0,Yes,No,39,Yes,Yes,Fiber optic,No,No,Yes,No,No,No,One year,Yes,Bank transfer (automatic),78.59,3058.21,Yes
8791-GRDEF,Male,1,Yes,Yes,18,Yes,No,DSL,No,Yes,Yes,Yes,Yes,No,Month-to-month,Yes,Credit card (automatic),74.62,1345.56,No
9702-HHQUA,Male,1,No,Yes,55,Yes,Yes,DSL,Yes,No,No,No,No,No,Month-to-month,No,Bank transfer (automatic),52.68,2894.04,No
1294-ATVKY,Female,0,No,No,43,Yes,No,Fiber optic,Yes,Yes,Yes,Yes,Yes,Yes,Month-to-month,Yes,Credit card (automatic),116.47,5010.73,No
7770-NQCDL,Male,1,Yes,No,64,Yes,No,Fiber optic,No,No,No,Yes,No,Yes,Month-to-month,Yes,Credit card (automatic),85.11,5444.62,Yes
5337-TMNUM,Female,0,Yes,No,12,Yes,No,DSL,No,No,No,No,Yes,No,Month-to-month,No,Electronic check,48.78,601.1,No
5274-VGCJT,Female,0,No,No,29,Yes,Yes,Fiber optic,Yes,Yes,No,Yes,Yes,No,Month-to-month,Yes,Mailed check,95.32,2765.46,Yes
5569-CWDTN,Male,0,No,Yes,48,Yes,No,DSL,No,No,Yes,No,Yes,No,One year,Yes,Electronic check,59.81,2875.69,Yes
8369-PGXNK,Male,0,Yes,Yes,62,Yes,No,No,No internet service,No internet service,No internet service,No internet service,No internet service,No internet service,Month-to-month,No,Mailed check,18.25,1129.23,No
3609-AJFLK,Female,0,No,No,70,Yes,No,DSL,No,Yes,Yes,Yes,No,Yes,Month-to-month,No,Mailed check,59.11,4134.71,No
1824-NWJHT,Male,0,No,No,34,Yes,No,Fiber optic,Yes,No,Yes,No,Yes,No,Two year,No,Bank transfer (automatic),96.01,3271.03,No
2348-YQVJB,Male,0,Yes,No,10,Yes,No,Fiber optic,No,Yes,No,No,No,Yes,Month-to-month,No,Bank transfer (automatic),77.86,774.17,No
6962-RGDTM,Male,0,Yes,No,48,Yes,No,Fiber optic,No,No,Yes,No,Yes,Yes,One year,No,Credit card (automatic),92.23,4433.15,No
5907-NMVTT,Female,0,Yes,No,39,Yes,No,Fiber optic,Yes,Yes,No,No,Yes,No,One year,Yes,Electronic check,85.38,3329.97,Yes
2791-FVSCZ,Female,0,No,Yes,20,Yes,No,DSL,Yes,No,Yes,No,No,No,Month-to-month,Yes,Electronic check,61.32,1230.67,No
4832-DQWSD,Male,0,No,No,46,Yes,No,No,No internet service,No internet service,No internet service,No internet service,No internet service,No internet service,Month-to-month,No,Bank transfer (automatic),18.25,835.94,No
4379-QTELM,Female,0,No,No,2,Yes,No,DSL,No,No,No,No,Yes,Yes,Month-to-month,No,Bank transfer (automatic),54.07,108.53,Yes
8101-NXZRZ,Female,0,Yes,No,29,Yes,Yes,Fiber optic,No,Yes,Yes,No,Yes,No,One year,No,Electronic check,85.09,2459.31,Yes
6816-FUGFT,Female,0,No,No,66,Yes,No,DSL,Yes,Yes,Yes,No,Yes,Yes,Month-to-month,Yes,Credit card (automatic),86.59,5723.07,No
4392-YGLJY,Female,1,No,No,61,Yes,Yes,DSL,No,Yes,Yes,No,No,Yes,Month-to-month,No,Mailed check,62.72,3821.71,No
5289-VEHFF,Female,0,No,No,36,Yes,Yes,Fiber optic,No,No,Yes,Yes,Yes,No,Two year,No,Mailed check,82.99,2976.54,Yes
4541-FDXLT,Male,0,Yes,Yes,21,Yes,No,Fiber optic,No,No,No,Yes,No,Yes,Month-to-month,Yes,Bank transfer (automatic),84.54,1766.73,No
7088-QZJUN,Male,0,No,Yes,30,Yes,No,No,No internet service,No internet service,No internet service,No internet service,No internet service,No internet service,Month-to-month,Yes,Bank transfer (automatic),20.97,624.99,No
7044-CZPEY,Male,0,Yes,No,45,Yes,Yes,No,No internet service,No internet service,No internet service,No internet service,No internet service,No internet service,Two year,No,Bank transfer (automatic),18.25,827.96,No
2844-HRKZS,Female,0,No,No,44,Yes,No,No,No internet service,No internet service,No internet service,No internet service,No internet service,No internet service,Month-to-month,Yes,Electronic check,24.08,1068.39,No
2491-AZWRP,Female,0,No,Yes,13,Yes,No,Fiber optic,Yes,No,No,No,No,Yes,Month-to-month,Yes,Electronic check,74.48,968.01,Yes
9492-STLMG,Male,0,Yes,Yes,11,No,No phone service,DSL,Yes,Yes,Yes,No,Yes,Yes,Two year,No,Credit card (automatic),79.72,858.4,No
7745-LJFVU,Female,0,No,No,62,Yes,No,Fiber optic,Yes,Yes,Yes,No,Yes,No,Two year,Yes,Credit card (automatic),99.43,6159.42,No
7332-SQDUQ,Male,0,Yes,No,37,Yes,No,Fiber optic,Yes,Yes,No,No,No,No,One year,No,Mailed check,81.65,3018.34,Yes
7721-KPTUN,Male,0,No,Yes,46,Yes,Yes,DSL,Yes,No,Yes,Yes,Yes,Yes,Month-to-month,No,Credit card (automatic),84.33,3862.46,No
6746-AWZZW,Male,0,Yes,No,53,Yes,No,No,No internet service,No internet service,No internet service,No internet service,No internet service,No internet service,One year,Yes,Credit card (automatic),20.46,1071.55,No
9887-VUTFH,Female,0,No,No,54,Yes,Yes,Fiber optic,No,Yes,Yes,Yes,Yes,No,Month-to-month,Yes,Credit card (automatic),100.03,5404.74,No
7773-RYMBW,Female,0,No,No,47,Yes,No,Fiber optic,Yes,Yes,No,No,No,No,One year,Yes,Bank transfer (automatic),81.1,3819.47,No
2073-ZYWRN,Male,0,Yes,Yes,72,Yes,No,Fiber optic,No,Yes,No,No,No,Yes,Month-to-month,Yes,Mailed check,82.47,5944.79,No
8380-GREWS,Male,0,No,No,71,No,No phone service,No,No internet service,No internet service,No internet service,No internet service,No internet service,No internet service,Month-to-month,Yes,Electronic check,18.25,1306.78,No
7960-DPWBW,Male,0,Yes,No,14,Yes,Yes,DSL,No,Yes,Yes,No,No,No,One year,No,Electronic check,63.2,893.07,Yes
7914-ZPRVH,Male,0,Yes,Yes,70,Yes,No,Fiber optic,No,No,Yes,Yes,No,Yes,One year,Yes,Electronic check,85.74,5995.92,No
6649-SSVDY,Female,0,No,No,15,Yes,No,Fiber optic,No,No,No,No,No,No,Month-to-month,Yes,Credit card (automatic),69.73,1039.34,Yes
7449-MBTAC,Female,1,No,Yes,42,Yes,No,Fiber optic,No,Yes,No,No,Yes,No,One year,Yes,Electronic check,76.75,3226.53,No
7804-TCYYQ,Male,0,No,No,6,Yes,Yes,No,No internet service,No internet service,No internet service,No internet service,No internet service,No internet service,Month-to-month,No,Electronic check,21.97,126.82,No
6099-ANYVG,Male,1,No,No,42,Yes,Yes,DSL,No,Yes,No,Yes,No,No,One year,No,Bank transfer (automatic),59.26,2488.4,No
3459-XECQA,Female,0,No,Yes,27,Yes,Yes,No,No internet service,No internet service,No internet service,No internet service,No internet service,No internet service,Two year,No,Credit card (automatic),18.25,505.59,No
9548-SDUCL,Female,0,No,Yes,65,Yes,No,Fiber optic,No,No,Yes,No,No,No,Two year,Yes,Electronic check,73.66,4772.93,No
5143-CGMYG,Male,0,No,No,59,Yes,Yes,Fiber optic,No,Yes,No,Yes,Yes,Yes,One year,Yes,Electronic check,88.65,5204.14,No
5914-VLJQC,Male,0,No,Yes,2,Yes,No,DSL,No,Yes,No,Yes,Yes,Yes,One year,No,Electronic check,64.04,148.37,No
5197-KUKJP,Male,0,Yes,No,0,Yes,Yes,Fiber optic,Yes,Yes,No,Yes,No,No,Month-to-month,Yes,Electronic check,83.13, ,Yes
6576-EQUQR,Female,0,Yes,No,30,Yes,No,Fiber optic,Yes,Yes,No,No,No,No,Month-to-month,No,Credit card (automatic),88.1,2641.38,No
6293-WUNYA,Female,0,No,No,55,Yes,No,DSL,No,Yes,No,No,Yes,Yes,Month-to-month,No,Electronic check,63.4,3472.21,No
3229-EDNQH,Female,0,No,No,45,Yes,No,Fiber optic,No,No,Yes,No,No,Yes,Two year,No,Electronic check,76.1,3405.62,No
4186-MNMFJ,Male,0,No,No,31,Yes,No,DSL,No,Yes,Yes,Yes,Yes,Yes,One year,Yes,Electronic check,68.49,2117.19,No
4871-WTWMT,Male,1,Yes,Yes,17,Yes,No,Fiber optic,Yes,Yes,No,No,Yes,Yes,Month-to-month,No,Electronic check,94.32,1607.07,Yes
1645-CNFMG,Female,0,No,Yes,67,Yes,Yes,Fiber optic,Yes,No,No,Yes,Yes,No,Month-to-month,No,Mailed check,88.25,5900.28,No
8124-XDMXG,Female,0,Yes,Yes,34,Yes,Yes,Fiber optic,No,Yes,No,No,No,No,One year,No,Credit card (automatic),73.13,2473.19,Yes
7442-MJUUA,Male,0,No,No,22,Yes,No,DSL,Yes,Yes,No,No,Yes,Yes,One year,No,Mailed check,72.23,1578.89,No
1796-NMWXC,Female,0,Yes,No,12,Yes,No,DSL,No,No,Yes,No,No,Yes,Month-to-month,No,Mailed check,55.12,659.28,No
7605-JNYMT,Female,0,Yes,No,13,Yes,Yes,No,No internet service,No internet service,No internet service,No internet service,No internet service,No internet service,Month-to-month,No,Bank transfer (automatic),23.42,293.35,No
3604-ASUJN,Male,1,No,No,36,Yes,No,Fiber optic,No,No,Yes,No,No,No,Month-to-month,Yes,Mailed check,75.06,2717.57,No
4824-SJMHJ,Female,0,No,No,4,Yes,No,No,No internet service,No internet service,No internet service,No internet service,No internet service,No internet service,Month-to-month,No,Electronic check,18.81,66.51,No
3414-BCWDJ,Male,0,Yes,Yes,21,Yes,No,DSL,Yes,No,Yes,Yes,No,No,Month-to-month,Yes,Bank transfer (automatic),63.02,1324.32,No
2717-HPEYF,Male,0,Yes,Yes,27,Yes,No,Fiber optic,No,No,No,No,Yes,No,Month-to-month,Yes,Mailed check,76.77,2083.14,No
8080-CAXND,Male,0,Yes,No,3,Yes,Yes,DSL,No,Yes,No,No,No,Yes,Two year,Yes,Electronic check,58.69,189.39,Yes
1370-DEVCQ,Male,0,Yes,No,49,Yes,No,Fiber optic,Yes,No,No,No,No,Yes,Month-to-month,Yes,Credit card (automatic),79.11,3863.87,Yes
3235-VYBXX,Male,0,Yes,No,28,Yes,No,No,No internet service,No internet service,No internet service,No internet service,No internet service,No internet service,Month-to-month,Yes,Bank transfer (automatic),20.15,539.9,No
9839-JCLUN,Male,1,No,No,36,No,No phone service,DSL,No,Yes,No,Yes,Yes,No,Month-to-month,No,Credit card (automatic),61.1,2190.01,No
6926-YNLCZ,Male,0,No,No,34,Yes,Yes,Fiber optic,No,No,Yes,Yes,Yes,Yes,Month-to-month,Yes,Mailed check,93.94,3183.41,Yes
5962-RTYNB,Female,1,Yes,Yes,19,No,No phone service,Fiber optic,Yes,Yes,Yes,No,Yes,Yes,Two year,No,Bank transfer (automatic),97.99,1843.19,Yes
5081-WVBGT,Male,0,No,No,34,Yes,Yes,No,No internet service,No internet service,No internet service,No internet service,No internet service,No internet service,Two year,No,Credit card (automatic),23.71,811.21,No
9974-LVFPK,Male,0,Yes,No,1,Yes,No,DSL,Yes,Yes,Yes,Yes,Yes,Yes,Month-to-month,Yes,Bank transfer (automatic),88.36,92.42,No
9859-RYWZV,Female,0,Yes,Yes,57,Yes,No,No,No internet service,No internet service,No internet service,No internet service,No internet service,No internet service,Two year,Yes,Mailed check,21.39,1197.62,No
1512-FHQSF,Female,0,Yes,No,17,Yes,Yes,Fiber optic,No,Yes,No,No,No,Yes,Month-to-month,Yes,Electronic check,85.69,1446.04,Yes
7232-NHCWE,Female,1,No,No,55,Yes,Yes,DSL,No,No,Yes,Yes,Yes,No,Month-to-month,No,Electronic check,64.1,3522.31,No
4966-NKCVA,Male,0,Yes,No,63,Yes,No,Fiber optic,No,No,No,No,No,Yes,Month-to-month,No,Mailed check,75.49,4764.2,No
1726-TRPCH,Female,0,Yes,Yes,51,Yes,Yes,DSL,Yes,No,No,No,Yes,No,Two year,Yes,Credit card (automatic),51.32,2614.74,No
1573-FAABF,Male,0,Yes,Yes,21,Yes,No,Fiber optic,No,No,Yes,Yes,No,No,Month-to-month,Yes,Electronic check,80.92,1729.38,Yes
1071-AMEDE,Male,0,Yes,Yes,59,Yes,No,Fiber optic,Yes,Yes,No,No,No,Yes,Two year,Yes,Bank transfer (automatic),92.13,5430.02,No
3881-ACZKQ,Male,0,Yes,Yes,9,Yes,Yes,DSL,No,No,No,No,No,No,Month-to-month,No,Mailed check,45.57,419.93,No
9133-UQXFS,Male,0,No,No,5,Yes,No,Fiber optic,Yes,Yes,No,Yes,No,Yes,Two year,Yes,Credit card (automatic),96.03,478.75,No
5669-LUVYQ,Female,0,No,No,5,Yes,No,Fiber optic,Yes,Yes,No,No,No,No,Month-to-month,No,Mailed check,82.12,426.02,Yes
7217-RYXVU,Female,0,No,No,27,Yes,Yes,DSL,No,Yes,No,No,No,Yes,Month-to-month,No,Bank transfer (automatic),53.03,1427.54,No
7458-TVZAB,Male,0,Yes,No,41,Yes,Yes,No,No internet service,No internet service,No internet service,No internet service,No internet service,No internet service,Month-to-month,Yes,Credit card (automatic),20.84,854.32,No
4460-BJSGP,Male,0,Yes,Yes,40,Yes,No,No,No internet service,No internet service,No internet service,No internet service,No internet service,No internet service,Two year,No,Mailed check,19.38,791.79,No
5281-GJWWP,Male,0,Yes,No,62,Yes,No,DSL,Yes,No,No,Yes,No,No,Month-to-month,No,Bank transfer (automatic),49.85,3082.73,No
1251-SWRYH,Female,1,Yes,No,21,Yes,Yes,No,No internet service,No internet service,No internet service,No internet service,No internet service,No internet service,Two year,Yes,Electronic check,21.34,467.49,No
7450-QSZTV,Male,0,No,No,28,Yes,No,No,No internet service,No internet service,No internet service,No internet service,No internet service,No internet service,Two year,No,Electronic check,19.61,555.0,No
8859-FLQED,Male,0,Yes,Yes,70,Yes,No,DSL,Yes,Yes,No,No,No,No,Month-to-month,Yes,Electronic check,57.29,4014.38,No
4654-GHCCE,Female,0,Yes,No,33,Yes,No,DSL,Yes,No,No,No,Yes,Yes,Two year,Yes,Mailed check,55.52,1819.75,No
1771-DMTJN,Female,0,No,No,1,Yes,No,Fiber optic,No,Yes,Yes,Yes,Yes,No,Month-to-month,Yes,Bank transfer (automatic),83.6,73.53,Yes
6299-QLJTK,Male,0,Yes,No,25,Yes,Yes,No,No internet service,No internet service,No internet service,No internet service,No internet service,No internet service,Two year,Yes,Mailed check,20.87,525.83,No
5515-FJKTG,Female,0,No,Yes,18,Yes,No,No,No internet service,No internet service,No internet service,No internet service,No internet service,No internet service,Month-to-month,No,Credit card (automatic),18.25,338.5,No
4210-LKEUN,Female,0,Yes,No,19,Yes,No,DSL,No,No,Yes,Yes,Yes,Yes,One year,No,Electronic check,69.18,1297.63,No
9174-JHULB,Male,0,No,No,32,Yes,No,DSL,No,Yes,No,No,No,Yes,Two year,No,Electronic check,62.62,1992.16,No
4787-SKMGL,Female,1,Yes,Yes,3,No,No phone service,Fiber optic,No,No,Yes,No,No,Yes,Month-to-month,Yes,Mailed check,74.15,220.23,No
2580-PFSDK,Male,0,No,No,31,Yes,No,DSL,Yes,Yes,No,No,No,No,Month-to-month,No,Electronic check,59.33,1853.34,Yes
9279-WELRX,Female,0,Yes,Yes,18,No,No phone service,DSL,No,Yes,No,No,No,No,Month-to-month,Yes,Bank transfer (automatic),49.58,883.15,Yes
4086-UKJVL,Male,0,No,No,2,Yes,No,Fiber optic,No,No,No,Yes,Yes,Yes,Month-to-month,Yes,Bank transfer (automatic),80.24,146.78,Yes
7039-DARTZ,Male,0,Yes,No,60,Yes,No,Fiber optic,No,Yes,No,No,Yes,No,Month-to-month,No,Bank transfer (automatic),84.29,5059.0,Yes
4845-AZUCD,Male,1,No,Yes,37,Yes,Yes,Fiber optic,Yes,Yes,Yes,Yes,Yes,No,Month-to-month,No,Bank transfer (automatic),101.98,3782.71,Yes
3720-DFZGJ,Female,0,Yes,No,5,Yes,No,No,No internet service,No internet service,No internet service,No internet service,No internet service,No internet service,Two year,Yes,Electronic check,20.37,76.01,No
2162-YEMVQ,Male,0,Yes,Yes,55,Yes,No,DSL,Yes,Yes,Yes,Yes,No,No,Two year,Yes,Mailed check,79.63,4365.84,No
6502-BYTFG,Female,0,No,No,39,Yes,Yes,Fiber optic,Yes,No,No,No,Yes,No,Month-to-month,No,Electronic check,83.32,3238.56,No
4543-FMTVX,Male,0,No,No,68,Yes,No,Fiber optic,Yes,Yes,No,No,No,Yes,Month-to-month,No,Bank transfer (automatic),91.73,6238.68,No
5017-MHSYS,Male,0,Yes,No,41,Yes,No,DSL,Yes,No,No,Yes,No,No,Month-to-month,Yes,Credit card (automatic),60.8,2479.22,No
8344-ZNCKT,Female,0,No,No,1,Yes,Yes,Fiber optic,No,No,No,Yes,No,Yes,One year,Yes,Credit card (automatic),80.51,97.4,Yes
8995-AKSNY,Male,0,Yes,No,27,No,No phone service,No,No internet service,No internet service,No internet service,No internet service,No internet service,No internet service,Month-to-month,Yes,Credit card (automatic),24.32,642.23,No
4869-DHHDQ,Male,0,No,No,16,Yes,Yes,Fiber optic,No,Yes,Yes,Yes,No,Yes,Month-to-month,No,Bank transfer (automatic),90.2,1463.42,No
4873-RAHTT,Female,0,No,No,69,Yes,No,No,No internet service,No internet service,No internet service,No internet service,No internet service,No internet service,Month-to-month,Yes,Bank transfer (automatic),18.25,1261.45,No
2023-TQWWQ,Male,0,No,Yes,68,Yes,Yes,DSL,No,Yes,No,Yes,No,No,Month-to-month,No,Electronic check,63.19,4307.58,Yes
1003-FJPEF,Male,0,No,Yes,38,Yes,No,DSL,Yes,No,No,No,Yes,Yes,Month-to-month,Yes,Bank transfer (automatic),59.79,2267.15,Yes
8310-AEFRA,Male,0,No,No,6,Yes,Yes,Fiber optic,No,Yes,Yes,Yes,Yes,No,Month-to-month,Yes,Electronic check,85.83,518.78,Yes
5291-XRNWP,Male,0,Yes,No,31,Yes,Yes,No,No internet service,No internet service,No internet service,No internet service,No internet service,No internet service,Month-to-month,Yes,Electronic check,18.25,561.55,No
5683-DLWUJ,Female,0,No,No,3,Yes,No,Fiber optic,Yes,No,No,No,Yes,No,Month-to-month,Yes,Mailed check,88.7,281.66,Yes
7800-JQEGK,Female,0,Yes,Yes,20,Yes,Yes,Fiber optic,Yes,No,Yes,No,No,No,Month-to-month,Yes,Mailed check,81.47,1636.85,Yes
7604-KBAPN,Male,0,No,No,31,Yes,Yes,Fiber optic,No,Yes,No,No,Yes,No,One year,Yes,Electronic check,78.99,2452.0,No
9057-GTBFE,Female,0,No,No,13,Yes,Yes,DSL,Yes,No,Yes,No,No,No,One year,Yes,Credit card (automatic),52.59,691.14,Yes
1420-MTGMP,Male,0,Yes,No,69,Yes,Yes,Fiber optic,No,No,No,No,No,No,Month-to-month,No,Credit card (automatic),68.17,4703.68,No
8191-AVKPF,Female,0,No,No,45,Yes,No,DSL,No,No,No,No,Yes,Yes,One year,Yes,Mailed check,51.41,2317.9,No
7208-FWHFC,Male,1,No,No,19,Yes,No,Fiber optic,Yes,No,No,No,No,No,Month-to-month,No,Credit card (automatic),79.5,1507.49,Yes
7629-TDSTF,Male,1,No,No,57,Yes,No,Fiber optic,No,Yes,No,No,No,Yes,Month-to-month,Yes,Electronic check,79.5,4527.22,Yes
1259-KQPZM,Male,1,Yes,No,47,Yes,No,Fiber optic,Yes,No,Yes,Yes,Yes,No,Month-to-month,Yes,Credit card (automatic),87.92,4106.0,Yes
7831-REPZN,Male,0,Yes,No,6,Yes,Yes,No,No internet service,No internet service,No internet service,No internet service,No internet service,No internet service,Month-to-month,Yes,Credit card (automatic),20.11,107.98,No
9299-VYXNW,Male,0,No,Yes,39,Yes,Yes,DSL,No,No,No,Yes,Yes,No,Month-to-month,No,Mailed check,52.69,2052.17,No
4566-EECGU,Male,0,Yes,No,58,Yes,No,DSL,No,Yes,No,Yes,No,Yes,Month-to-month,Yes,Electronic check,61.78,3587.13,No
3746-LQEJF,Female,0,Yes,No,35,Yes,No,Fiber optic,No,No,Yes,Yes,No,Yes,One year,No,Bank transfer (automatic),84.77,2986.21,No
3344-QYVXW,Male,0,No,No,43,Yes,No,No,No internet service,No internet service,No internet service,No internet service,No internet service,No internet service,One year,Yes,Mailed check,18.25,793.29,No
7853-YXTYP,Female,0,Yes,Yes,30,Yes,Yes,Fiber optic,No,No,Yes,No,Yes,Yes,Month-to-month,Yes,Mailed check,92.12,2754.06,Yes
8313-AFUME,Male,0,No,Yes,41,Yes,Yes,No,No internet service,No internet service,No internet service,No internet service,No internet service,No internet service,Month-to-month,Yes,Bank transfer (automatic),19.46,807.11,No
1977-MPMDE,Female,1,No,No,43,Yes,No,Fiber optic,No,Yes,Yes,No,No,No,Month-to-month,Yes,Electronic check,87.83,3766.06,No
7256-GAFBN,Female,0,No,No,42,No,No phone service,No,No internet service,No internet service,No internet service,No internet service,No internet service,No internet service,One year,Yes,Bank transfer (automatic),18.25,776.34,No
4657-PWPMJ,Female,0,Yes,No,42,Yes,No,No,No internet service,No internet service,No internet service,No internet service,No internet service,No internet service,Month-to-month,No,Mailed check,18.25,761.28,No
8878-REGZH,Male,0,Yes,No,46,Yes,Yes,Fiber optic,Yes,Yes,Yes,Yes,Yes,No,Month-to-month,No,Electronic check,93.91,4314.18,Yes
1418-RVYPS,Male,1,Yes,No,5,Yes,No,Fiber optic,Yes,No,No,No,Yes,No,Month-to-month,Yes,Credit card (automatic),73.79,374.67,No
1991-ZAPUJ,Female,0,No,Yes,65,Yes,No,Fiber optic,No,Yes,No,No,Yes,No,One year,Yes,Electronic check,93.74,6091.91,No
4073-CFGVE,Male,0,Yes,No,8,Yes,No,No,No internet service,No internet service,No internet service,No internet service,No internet service,No internet service,Month-to-month,No,Mailed check,22.46,187.38,No
6354-BTNVS,Female,1,No,No,10,Yes,No,DSL,No,No,No,Yes,Yes,Yes,Month-to-month,Yes,Bank transfer (automatic),54.89,531.91,No
1527-RQBUH,Male,0,No,No,17,Yes,No,No,No internet service,No internet service,No internet service,No internet service,No internet service,No internet service,Month-to-month,Yes,Electronic check,28.0,473.85,Yes
5072-ZDKXT,Female,0,No,No,24,No,No phone service,Fiber optic,No,No,Yes,Yes,No,Yes,Two year,Yes,Electronic check,93.9,2250.48,No
6481-XVLAL,Female,0,Yes,No,57,Yes,No,Fiber optic,Yes,No,Yes,Yes,Yes,No,One year,Yes,Bank transfer (automatic),89.06,5054.83,No
1701-SELJE,Male,0,Yes,No,29,Yes,Yes,DSL,Yes,No,No,No,No,Yes,Month-to-month,Yes,Bank transfer (automatic),60.11,1745.89,Yes
5683-TSWUA,Female,0,No,No,0,Yes,Yes,Fiber optic,Yes,No,No,No,No,No,Month-to-month,No,Bank transfer (automatic),76.73, ,Yes
2552-PCJZK,Male,0,Yes,No,62,Yes,No,DSL,No,Yes,No,No,Yes,No,Month-to-month,Yes,Bank transfer (automatic),58.8,3650.63,No
5841-ACGTV,Female,1,Yes,No,28,Yes,No,No,No internet service,No internet service,No internet service,No internet service,No internet service,No internet service,Month-to-month,Yes,Credit card (automatic),20.14,591.94,No
3327-UDKHV,Female,1,Yes,Yes,65,No,No phone service,DSL,No,No,No,No,Yes,No,Month-to-month,Yes,Electronic check,54.32,3528.21,No
9118-BFXQT,Male,0,No,No,52,Yes,No,Fiber optic,No,Yes,Yes,No,Yes,No,One year,Yes,Electronic check,89.82,4669.5,No
9757-HVPWH,Male,0,No,Yes,18,Yes,No,Fiber optic,No,No,No,Yes,Yes,Yes,Two year,No,Credit card (automatic),93.62,1683.56,No
4826-NJDXT,Male,0,No,Yes,65,Yes,Yes,Fiber optic,Yes,No,No,Yes,No,Yes,One year,Yes,Mailed check,92.34,6013.97,No
7109-ZLULQ,Female,0,No,Yes,51,Yes,No,Fiber optic,No,Yes,No,No,Yes,Yes,One year,No,Bank transfer (automatic),91.0,4636.71,No
6362-WSDAN,Male,0,Yes,No,30,Yes,No,Fiber optic,No,No,No,No,Yes,No,One year,Yes,Electronic check,80.68,2422.52,No
4299-RNFCN,Female,0,No,No,59,Yes,No,DSL,No,Yes,No,No,No,No,Month-to-month,No,Mailed check,50.26,2969.54,No
8155-EUGWK,Female,0,Yes,No,67,Yes,Yes,No,No internet service,No internet service,No internet service,No internet service,No internet service,No internet service,Month-to-month,No,Electronic check,18.25,1217.31,Yes
1562-SYYQT,Male,0,No,Yes,29,Yes,Yes,DSL,No,No,No,Yes,No,No,Month-to-month,Yes,Electronic check,48.79,1427.03,Yes
4800-GZBSC,Male,1,Yes,Yes,12,Yes,Yes,No,No internet service,No internet service,No internet service,No internet service,No internet service,No internet service,Month-to-month,No,Mailed check,18.25,229.3,No
5034-HXCFU,Female,0,Yes,No,14,Yes,Yes,Fiber optic,No,No,No,No,No,Yes,Month-to-month,No,Bank transfer (automatic),78.7,1101.11,Yes
1448-CPSAQ,Female,0,No,Yes,19,No,No phone service,DSL,No,No,No,No,No,No,Month-to-month,Yes,Credit card (automatic),49.11,930.3,No
3939-FKGGK,Male,0,Yes,No,33,Yes,Yes,Fiber optic,No,No,Yes,Yes,No,No,Month-to-month,No,Electronic check,80.3,2659.91,No
1544-ZVSNB,Male,0,No,No,19,Yes,No,Fiber optic,No,Yes,Yes,No,No,No,One year,Yes,Mailed check,82.81,1567.17,Yes
4107-NBBJB,Male,0,Yes,No,49,Yes,Yes,Fiber optic,Yes,Yes,No,No,No,Yes,Two year,No,Bank transfer (automatic),86.82,4238.25,No
8331-GTAZY,Male,0,Yes,No,26,Yes,No,DSL,Yes,Yes,Yes,No,Yes,No,Month-to-month,Yes,Electronic check,70.68,1830.79,No
1830-VVMRP,Male,0,Yes,Yes,29,No,No phone service,No,No internet service,No internet service,No internet service,No internet service,No internet service,No internet service,Month-to-month,No,Bank transfer (automatic),21.64,635.05,No
6751-BRLNB,Female,0,No,No,55,Yes,No,Fiber optic,Yes,Yes,No,No,No,No,Month-to-month,No,Credit card (automatic),86.73,4781.29,No
2016-GPPKU,Female,0,Yes,No,64,Yes,Yes,Fiber optic,No,No,No,Yes,No,No,Two year,Yes,Bank transfer (automatic),77.03,4937.81,No
3707-XPSJT,Female,0,No,No,54,Yes,Yes,Fiber optic,No,No,Yes,No,No,No,Month-to-month,No,Electronic check,74.05,4003.1,No
5715-BKXSC,Female,0,Yes,Yes,23,Yes,No,DSL,No,No,No,No,No,Yes,Two year,Yes,Bank transfer (automatic),52.8,1199.53,No
9091-BXHPK,Male,1,Yes,No,24,Yes,No,DSL,No,No,No,No,Yes,Yes,One year,No,Electronic check,57.9,1394.98,Yes
5049-HCXDB,Male,0,Yes,No,52,Yes,Yes,DSL,No,Yes,Yes,Yes,Yes,Yes,Month-to-month,Yes,Electronic check,80.73,4203.47,No
1085-GXWZT,Male,1,No,Yes,10,Yes,Yes,No,No internet service,No internet service,No internet service,No internet service,No internet service,No internet service,Two year,Yes,Credit card (automatic),18.25,191.19,No
2255-HNVHV,Female,0,No,No,59,Yes,No,DSL,No,No,No,No,No,Yes,Month-to-month,No,Bank transfer (automatic),53.36,3156.89,No
7249-ZYJFG,Female,1,Yes,Yes,46,Yes,No,Fiber optic,No,No,No,No,Yes,No,One year,No,Credit card (automatic),77.29,3547.73,No
5386-GFXHP,Male,0,No,No,24,Yes,No,DSL,No,No,No,Yes,No,No,Month-to-month,Yes,Credit card (automatic),57.04,1381.18,Yes
2034-XKFBB,Male,0,No,No,24,Yes,No,DSL,No,No,No,No,No,No,One year,No,Mailed check,47.57,1154.44,No
8137-SAMNU,Female,0,Yes,No,16,Yes,Yes,DSL,No,No,Yes,Yes,No,Yes,Month-to-month,Yes,Electronic check,58.62,927.16,No
3106-FMDHT,Female,0,No,No,11,Yes,No,No,No internet service,No internet service,No internet service,No internet service,No internet service,No internet service,Two year,No,Mailed check,18.76,215.64,No
9706-EPHQN,Male,0,Yes,No,51,Yes,Yes,DSL,No,No,Yes,Yes,Yes,No,Month-to-month,No,Mailed check,59.69,3047.26,No
4112-DRZPP,Male,0,No,No,10,Yes,Yes,DSL,No,No,Yes,No,No,No,Month-to-month,Yes,Bank transfer (automatic),50.1,501.58,Yes
1524-HHCBC,Female,0,No,No,9,Yes,No,DSL,No,No,No,No,No,Yes,Month-to-month,Yes,Credit card (automatic),49.02,448.0,Yes
2898-KQREL,Male,0,Yes,Yes,59,Yes,Yes,Fiber optic,Yes,No,Yes,No,Yes,Yes,Two year,No,Bank transfer (automatic),101.38,5977.32,No
5607-DBVXT,Male,0,Yes,No,53,Yes,Yes,No,No internet service,No internet service,No internet service,No internet service,No internet service,No internet service,Two year,Yes,Electronic check,22.06,1167.12,No
3406-SNRAB,Male,0,No,No,62,Yes,No,No,No internet service,No internet service,No internet service,No internet service,No internet service,No internet service,One year,No,Bank transfer (automatic),18.8,1173.77,No
8693-VWCKS,Female,0,No,No,19,Yes,Yes,DSL,No,No,No,Yes,No,Yes,Month-to-month,Yes,Electronic check,53.74,1032.6,Yes
7801-XPEVN,Female,0,No,No,4,Yes,Yes,DSL,No,Yes,Yes,Yes,No,No,Month-to-month,No,Electronic check,54.31,201.16,Yes
2073-QVTXE,Female,0,Yes,No,40,Yes,Yes,Fiber optic,Yes,Yes,Yes,Yes,No,No,One year,Yes,Electronic check,90.26,3601.17,Yes
2919-ESKAJ,Female,1,Yes,No,62,Yes,No,DSL,No,No,No,Yes,Yes,Yes,One year,Yes,Mailed check,56.94,3515.57,No
7108-LKNKL,Female,0,Yes,No,55,Yes,Yes,No,No internet service,No internet service,No internet service,No internet service,No internet service,No internet service,Month-to-month,No,Bank transfer (automatic),18.25,994.74,No
4925-YZUWN,Female,0,Yes,No,31,Yes,No,DSL,No,No,Yes,No,Yes,No,Two year,No,Electronic check,62.4,1927.78,No
9155-RNCVM,Female,1,No,No,26,Yes,No,Fiber optic,No,No,No,Yes,No,No,One year,Yes,Electronic check,72.23,1887.28,No
4915-PCVFD,Male,0,No,No,67,Yes,No,DSL,Yes,No,Yes,Yes,Yes,No,Two year,No,Credit card (automatic),70.24,4702.57,No
3582-EMMNJ,Male,0,No,Yes,47,Yes,Yes,No,No internet service,No internet service,No internet service,No internet service,No internet service,No internet service,Month-to-month,Yes,Mailed check,18.25,863.65,No
5936-BLYXT,Male,0,Yes,Yes,6,Yes,No,DSL,No,Yes,Yes,Yes,No,No,One year,No,Bank transfer (automatic),57.81,342.37,Yes
3992-VHWQA,Male,0,No,No,45,Yes,No,DSL,Yes,Yes,Yes,Yes,Yes,Yes,One year,Yes,Credit card (automatic),77.33,3492.03,No
6265-PNKSS,Male,0,No,Yes,17,Yes,No,Fiber optic,No,No,No,No,Yes,Yes,Two year,Yes,Mailed check,81.79,1379.11,No
8519-SLEAR,Male,0,No,No,37,Yes,Yes,DSL,No,No,No,No,No,No,One year,Yes,Mailed check,41.09,1519.67,No
4513-YLQLR,Male,0,No,No,64,Yes,Yes,DSL,No,No,No,No,Yes,No,One year,Yes,Credit card (automatic),50.03,3181.32,No
4595-ARHHL,Female,0,No,Yes,16,No,No phone service,DSL,Yes,No,No,Yes,Yes,No,One year,Yes,Bank transfer (automatic),69.38,1104.98,No
7252-ARKTB,Female,0,No,No,37,No,No phone service,No,No internet service,No internet service,No internet service,No internet service,No internet service,No internet service,Month-to-month,No,Electronic check,18.94,703.78,Yes
6603-WDRAY,Male,0,Yes,No,62,No,No phone service,DSL,No,No,Yes,No,No,Yes,One year,No,Bank transfer (automatic),58.84,3667.03,No
8357-JMEEZ,Male,0,Yes,No,41,Yes,Yes,DSL,No,Yes,Yes,Yes,No,Yes,Month-to-month,Yes,Credit card (automatic),63.74,2634.68,No
2561-VARTE,Female,0,No,Yes,7,Yes,Yes,No,No internet service,No internet service,No internet service,No internet service,No internet service,No internet service,Two year,Yes,Credit card (automatic),20.79,159.96,No
2377-FVPJH,Male,0,No,No,29,Yes,Yes,No,No internet service,No internet service,No internet service,No internet service,No internet service,No internet service,Two year,No,Credit card (automatic),21.25,613.55,No
4675-PBXZX,Male,0,Yes,No,63,Yes,Yes,Fiber optic,No,Yes,Yes,No,Yes,No,Month-to-month,No,Bank transfer (automatic),89.78,5642.2,No
2776-HALJQ,Female,1,Yes,Yes,8,Yes,No,Fiber optic,No,No,Yes,No,Yes,No,One year,Yes,Credit card (automatic),86.28,683.81,Yes
5823-GCQBB,Male,1,No,No,56,Yes,No,No,No internet service,No internet service,No internet service,No internet service,No internet service,No internet service,Month-to-month,Yes,Mailed check,22.29,1260.73,Yes
8971-QWGNR,Female,0,No,No,58,Yes,No,DSL,No,No,Yes,Yes,No,No,One year,Yes,Mailed check,53.66,3101.45,No
7088-JKZJZ,Male,0,Yes,Yes,66,Yes,No,Fiber optic,No,No,Yes,No,No,No,Month-to-month,No,Credit card (automatic),75.51,4984.71,No
4713-LBHTC,Female,0,No,No,4,Yes,Yes,DSL,Yes,No,Yes,No,No,Yes,Month-to-month,No,Credit card (automatic),73.85,297.68,No
8498-ZELNV,Female,0,No,No,3,Yes,Yes,DSL,No,No,Yes,No,Yes,No,One year,Yes,Electronic check,60.99,190.26,No
5223-TVVWR,Female,0,Yes,Yes,7,Yes,No,DSL,No,Yes,Yes,No,No,Yes,Month-to-month,Yes,Credit card (automatic),72.09,492.74,Yes
7610-TCJRT,Male,0,Yes,Yes,41,No,No phone service,Fiber optic,No,Yes,Yes,Yes,No,No,Two year,Yes,Electronic check,90.36,3682.07,Yes
3220-GAABS,Female,0,No,Yes,34,Yes,No,No,No internet service,No internet service,No internet service,No internet service,No internet service,No internet service,Month-to-month,Yes,Mailed check,18.25,618.67,No
8480-HQUND,Male,0,No,Yes,12,Yes,Yes,Fiber optic,No,No,No,No,No,Yes,One year,No,Electronic check,74.53,880.75,Yes
8806-CZNHY,Male,1,No,No,4,Yes,No,Fiber optic,No,No,No,No,No,Yes,One year,Yes,Mailed check,71.94,277.83,Yes
9012-QXVHK,Male,0,No,Yes,39,No,No phone service,Fiber optic,No,Yes,No,Yes,Yes,Yes,Month-to-month,No,Credit card (automatic),81.48,3172.53,No
6135-YGHYC,Male,0,Yes,No,18,Yes,No,Fiber optic,No,No,No,No,No,Yes,Two year,Yes,Electronic check,73.24,1329.44,No
6576-FDVEE,Female,0,No,No,3,Yes,No,Fiber optic,Yes,No,No,No,No,Yes,One year,Yes,Mailed check,77.59,221.92,No
4497-PCUCB,Female,0,Yes,No,58,Yes,No,Fiber optic,No,Yes,No,No,Yes,No,Two year,Yes,Electronic check,83.82,4861.39,No
9641-QHFSY,Male,0,Yes,Yes,17,Yes,No,DSL,Yes,No,Yes,Yes,No,No,Month-to-month,No,Electronic check,57.62,968.34,No
5566-ADGKA,Male,0,Yes,No,23,Yes,Yes,Fiber optic,Yes,Yes,Yes,Yes,No,No,Month-to-month,No,Credit card (automatic),101.04,2335.89,No
9102-NAUJC,Female,0,Yes,Yes,30,Yes,No,DSL,No,No,Yes,No,No,No,One year,No,Mailed check,50.52,1509.92,No
1249-BVPFU,Male,0,No,No,57,Yes,Yes,Fiber optic,No,No,Yes,No,No,No,Month-to-month,Yes,Electronic check,80.0,4545.11,No
3077-ULTSK,Female,0,No,No,27,Yes,No,No,No internet service,No internet service,No internet service,No internet service,No internet service,No internet service,Two year,No,Bank transfer (automatic),18.25,478.44,No
5511-WHJUX,Male,0,No,No,8,Yes,Yes,DSL,No,No,Yes,Yes,No,No,Month-to-month,Yes,Mailed check,58.46,473.17,No
7872-BJZAR,Male,0,Yes,No,44,No,No phone service,DSL,Yes,No,Yes,No,Yes,Yes,Two year,Yes,Credit card (automatic),67.0,2947.59,No
7146-RXEGB,Female,1,No,No,48,Yes,No,No,No internet service,No internet service,No internet service,No internet service,No internet service,No internet service,Two year,No,Mailed check,22.21,1058.34,No
9296-QPCRP,Male,0,No,No,1,Yes,No,No,No internet service,No internet service,No internet service,No internet service,No internet service,No internet service,Month-to-month,No,Credit card (automatic),22.09,9.14,No
4288-HWJQP,Female,0,No,No,5,Yes,No,DSL,Yes,Yes,No,Yes,Yes,No,Month-to-month,No,Electronic check,70.76,343.0,No
4869-YDZPH,Male,0,No,No,28,Yes,Yes,DSL,No,Yes,No,No,No,Yes,Month-to-month,Yes,Mailed check,56.89,1615.8,Yes
1131-JMPES,Male,0,Yes,No,25,Yes,No,DSL,Yes,No,Yes,No,Yes,No,Month-to-month,Yes,Mailed check,57.78,1430.95,Yes
4978-JPSGH,Male,0,Yes,No,27,Yes,Yes,Fiber optic,No,No,No,No,No,Yes,Month-to-month,Yes,Electronic check,75.31,2034.71,No
9583-ECXTJ,Female,0,Yes,No,6,No,No phone service,No,No internet service,No internet service,No internet service,No internet service,No internet service,No internet service,Month-to-month,No,Electronic check,19.27,114.27,No
6809-ZANGA,Male,0,No,No,33,Yes,Yes,DSL,No,No,Yes,No,Yes,No,Month-to-month,Yes,Electronic check,50.67,1671.04,Yes
7473-RHAHS,Male,0,No,No,55,No,No phone service,Fiber optic,No,No,Yes,No,Yes,No,Month-to-month,No,Bank transfer (automatic),79.02,4324.57,No
1243-WEXWR,Male,0,Yes,No,9,Yes,Yes,No,No internet service,No internet service,No internet service,No internet service,No internet service,No internet service,Month-to-month,No,Electronic check,18.25,183.58,No
8379-MBDCR,Male,0,Yes,Yes,56,Yes,No,Fiber optic,No,Yes,No,Yes,Yes,Yes,Two year,Yes,Electronic check,101.0,5664.71,No
3143-NTVXL,Female,0,Yes,Yes,46,Yes,No,DSL,Yes,No,No,Yes,Yes,Yes,Month-to-month,Yes,Electronic check,70.41,3241.07,Yes
7430-RPZZE,Female,0,No,No,26,Yes,No,No,No internet service,No internet service,No internet service,No internet service,No internet service,No internet service,Two year,Yes,Credit card (automatic),20.64,533.27,No
1204-MPKYN,Male,0,Yes,No,38,Yes,No,Fiber optic,Yes,No,No,No,No,No,Two year,Yes,Mailed check,73.47,2781.84,No
7146-KGBPK,Female,0,Yes,No,21,Yes,No,DSL,No,No,No,Yes,Yes,No,Month-to-month,Yes,Electronic check,59.31,1256.14,Yes
5234-VZPXJ,Male,0,Yes,No,18,Yes,Yes,Fiber optic,No,No,Yes,No,No,No,Month-to-month,No,Credit card (automatic),80.9,1457.51,Yes
4380-NTXEV,Male,0,No,No,8,Yes,Yes,No,No internet service,No internet service,No internet service,No internet service,No internet service,No internet service,Month-to-month,Yes,Mailed check,18.25,146.9,No
2236-VCJYE,Male,0,No,No,18,Yes,No,DSL,No,Yes,Yes,No,No,No,Month-to-month,No,Electronic check,58.93,1055.97,No
8420-EKKAM,Female,0,No,Yes,1,Yes,No,DSL,No,Yes,No,Yes,Yes,Yes,Month-to-month,No,Mailed check,64.11,52.76,Yes
6311-BWZQV,Female,0,Yes,No,60,Yes,Yes,DSL,No,No,Yes,Yes,No,No,Month-to-month,Yes,Mailed check,56.1,3346.93,No
6254-UHXCK,Female,0,Yes,Yes,58,No,No phone service,No,No internet service,No internet service,No internet service,No internet service,No internet service,No internet service,One year,Yes,Bank transfer (automatic),18.25,1061.35,No
6298-ZXNZV,Female,1,Yes,No,69,Yes,No,DSL,No,No,No,Yes,No,No,Month-to-month,Yes,Bank transfer (automatic),56.06,3877.89,No
7801-DABRX,Female,0,Yes,Yes,70,Yes,No,DSL,No,No,No,No,No,No,Month-to-month,Yes,Mailed check,50.07,3509.71,No
4703-HEWGW,Female,0,Yes,No,69,Yes,No,DSL,No,No,No,No,No,Yes,One year,No,Electronic check,46.83,3219.42,No
4967-PHUNE,Female,0,Yes,No,32,No,No phone service,No,No internet service,No internet service,No internet service,No internet service,No internet service,No internet service,Month-to-month,No,Mailed check,19.39,616.29,No
5162-JHRKP,Female,0,No,Yes,64,Yes,No,DSL,No,No,No,No,Yes,No,Month-to-month,Yes,Mailed check,56.07,3575.02,Yes
8050-DPXHR,Female,0,Yes,No,24,Yes,Yes,Fiber optic,Yes,No,No,No,No,Yes,Month-to-month,Yes,Mailed check,80.21,1922.74,No
4186-MDWYC,Male,1,Yes,No,69,Yes,No,DSL,Yes,Yes,No,No,No,Yes,Month-to-month,Yes,Electronic check,67.23,4634.03,Yes
9060-MLUTS,Female,0,No,Yes,27,Yes,Yes,No,No internet service,No internet service,No internet service,No internet service,No internet service,No internet service,One year,Yes,Credit card (automatic),18.85,491.49,No
2074-DEKDA,Female,0,No,No,17,Yes,No,Fiber optic,Yes,Yes,Yes,No,No,Yes,Month-to-month,Yes,Mailed check,94.01,1595.07,Yes
1173-VDAUL,Female,0,No,No,62,Yes,Yes,DSL,Yes,Yes,Yes,No,Yes,No,Two year,Yes,Electronic check,81.09,5017.34,No
8958-ASALF,Female,0,No,No,48,Yes,Yes,DSL,No,No,Yes,No,Yes,No,Two year,Yes,Electronic check,54.57,2621.31,No
3342-MGWHH,Female,0,Yes,Yes,65,Yes,Yes,DSL,Yes,Yes,No,Yes,No,No,Month-to-month,No,Bank transfer (automatic),52.4,3425.17,No
6442-SNQDM,Female,0,No,Yes,39,Yes,No,Fiber optic,No,No,No,No,No,No,One year,Yes,Bank transfer (automatic),71.29,2777.57,No
7275-KNNYX,Female,0,No,No,65,Yes,No,No,No internet service,No internet service,No internet service,No internet service,No internet service,No internet service,One year,Yes,Mailed check,20.82,1355.28,No
5110-FAGCP,Female,0,Yes,Yes,3,No,No phone service,DSL,No,No,No,Yes,Yes,No,Month-to-month,No,Bank transfer (automatic),55.48,161.77,Yes
8236-VPELG,Female,0,Yes,Yes,33,Yes,No,Fiber optic,Yes,No,No,No,No,Yes,Month-to-month,No,Electronic check,80.77,2674.93,No
9364-EKEKM,Female,0,No,No,4,Yes,Yes,DSL,No,Yes,No,No,Yes,No,Two year,Yes,Credit card (automatic),52.34,220.37,No
5745-TVLGL,Female,0,Yes,No,21,Yes,Yes,Fiber optic,No,No,No,Yes,No,No,One year,Yes,Electronic check,75.09,1559.5,Yes
6320-XPLFX,Male,0,Yes,No,19,Yes,Yes,DSL,No,No,Yes,Yes,No,Yes,One year,Yes,Mailed check,63.71,1202.97,Yes
2976-NKQHZ,Male,0,Yes,No,46,Yes,No,DSL,Yes,Yes,No,Yes,Yes,No,Two year,Yes,Bank transfer (automatic),80.18,3693.08,No
9929-QQLFH,Female,0,Yes,No,33,Yes,No,DSL,No,No,No,No,Yes,Yes,Month-to-month,Yes,Electronic check,61.73,2028.03,No
7184-LHTFP,Female,0,Yes,No,43,Yes,No,Fiber optic,No,Yes,No,No,Yes,Yes,Month-to-month,No,Credit card (automatic),87.6,3762.34,Yes
7037-RAXJR,Male,0,Yes,Yes,5,No,No phone service,DSL,No,No,No,Yes,No,No,Month-to-month,No,Electronic check,54.77,280.84,No
4473-XHLAR,Female,0,Yes,No,55,Yes,No,No,No internet service,No internet service,No internet service,No internet service,No internet service,No internet service,Month-to-month,Yes,Credit card (automatic),21.91,1217.03,No
5177-ZRHQA,Male,0,Yes,No,28,Yes,No,No,No internet service,No internet service,No internet service,No internet service,No internet service,No internet service,Two year,Yes,Mailed check,19.21,533.22,No
6765-ZSBQE,Male,0,No,No,52,Yes,No,No,No internet service,No internet service,No internet service,No internet service,No internet service,No internet service,One year,Yes,Electronic check,20.33,1053.15,Yes
6609-VDZLL,Male,0,Yes,No,0,Yes,No,No,No internet service,No internet service,No internet service,No internet service,No internet service,No internet service,One year,Yes,Credit card (automatic),20.32, ,No
1149-SQDVZ,Male,0,No,No,58,No,No phone service,No,No internet service,No internet service,No internet service,No internet service,No internet service,No internet service,Two year,No,Bank transfer (automatic),18.25,1058.05,No
9015-TMGNT,Male,0,No,Yes,47,Yes,Yes,DSL,No,No,Yes,No,No,No,Month-to-month,Yes,Electronic check,43.86,2076.03,No
1644-ECACH,Female,0,No,Yes,6,Yes,No,DSL,Yes,No,Yes,No,No,No,Month-to-month,Yes,Bank transfer (automatic),57.25,329.5,No
2290-KSDJN,Male,0,No,No,31,Yes,Yes,Fiber optic,Yes,No,Yes,No,No,Yes,Month-to-month,Yes,Electronic check,92.69,2875.66,No
6705-NHCTD,Female,0,Yes,No,60,Yes,Yes,Fiber optic,Yes,No,No,No,Yes,No,Month-to-month,Yes,Credit card (automatic),82.84,4968.85,Yes
4858-DDESN,Female,0,Yes,Yes,56,Yes,Yes,No,No internet service,No internet service,No internet service,No internet service,No internet service,No internet service,Two year,No,Mailed check,18.25,1026.3,No
6549-GHCVD,Male,0,No,No,50,Yes,No,DSL,Yes,No,Yes,Yes,Yes,No,Month-to-month,Yes,Electronic check,68.09,3408.58,No
2765-AWZWV,Male,0,Yes,No,18,Yes,No,Fiber optic,No,Yes,No,No,Yes,No,One year,Yes,Electronic check,77.21,1389.71,Yes
7208-PGPCR,Female,0,No,No,26,Yes,Yes,Fiber optic,No,No,No,No,No,Yes,Month-to-month,No,Bank transfer (automatic),67.89,1762.2,Yes
1823-SRBWB,Male,0,No,No,62,Yes,No,No,No internet service,No internet service,No internet service,No internet service,No internet service,No internet service,Month-to-month,No,Bank transfer (automatic),27.71,1723.43,No
1521-JPRUX,Male,0,Yes,Yes,59,Yes,No,Fiber optic,Yes,Yes,Yes,Yes,No,Yes,Month-to-month,Yes,Credit card (automatic),85.08,5011.81,Yes
8409-ZSTFJ,Female,0,No,No,60,Yes,Yes,DSL,No,No,Yes,No,Yes,No,Month-to-month,No,Mailed check,57.98,3485.52,No
4385-EVPLF,Female,0,No,No,60,Yes,No,DSL,No,No,Yes,Yes,Yes,No,Month-to-month,No,Electronic check,65.89,3948.34,No
3965-UQHQM,Male,0,Yes,Yes,44,Yes,No,No,No internet service,No internet service,No internet service,No internet service,No internet service,No internet service,Two year,Yes,Bank transfer (automatic),19.37,850.49,No
4081-FSFWS,Female,0,Yes,No,20,Yes,Yes,No,No internet service,No internet service,No internet service,No internet service,No internet service,No internet service,Two year,No,Credit card (automatic),21.36,426.47,No
4268-LBVSJ,Male,0,No,No,43,Yes,Yes,No,No internet service,No internet service,No internet service,No internet service,No internet service,No internet service,Month-to-month,No,Bank transfer (automatic),23.34,1006.47,No
2550-WJZGU,Male,0,No,Yes,0,Yes,Yes,Fiber optic,No,No,Yes,No,No,Yes,Month-to-month,Yes,Bank transfer (automatic),85.57, ,Yes
5122-VFXNH,Male,0,Yes,No,43,Yes,No,DSL,Yes,No,No,Yes,No,Yes,One year,No,Bank transfer (automatic),68.76,2951.09,No
1082-HEDXA,Female,0,Yes,Yes,61,Yes,No,Fiber optic,Yes,No,Yes,No,No,Yes,Month-to-month,Yes,Electronic check,92.38,5628.98,Yes
1712-KWYBU,Female,0,No,No,60,Yes,No,No,No internet service,No internet service,No internet service,No internet service,No internet service,No internet service,One year,No,Credit card (automatic),18.25,1085.29,No
8685-PWWXS,Female,0,No,No,49,Yes,No,DSL,No,Yes,Yes,No,Yes,No,Two year,Yes,Bank transfer (automatic),64.41,3146.76,No
7588-EUWAQ,Female,0,No,No,40,Yes,Yes,Fiber optic,No,Yes,No,Yes,Yes,Yes,Month-to-month,Yes,Mailed check,102.22,4088.17,Yes
3430-YPVGS,Female,1,No,No,32,Yes,Yes,Fiber optic,No,Yes,No,No,Yes,No,One year,No,Bank transfer (automatic),86.98,2769.52,No
2683-CQRNM,Male,0,Yes,No,11,No,No phone service,Fiber optic,No,No,Yes,No,No,No,Month-to-month,Yes,Credit card (automatic),76.7,839.29,Yes
5172-UGQKR,Male,0,Yes,No,1,Yes,Yes,Fiber optic,No,Yes,No,No,No,No,One year,Yes,Credit card (automatic),73.06,62.31,Yes
4870-LEJKK,Male,0,No,No,20,Yes,Yes,Fiber optic,No,No,No,Yes,Yes,No,Two year,Yes,Electronic check,85.46,1699.24,No
9486-KKPCH,Male,0,No,No,13,Yes,Yes,DSL,Yes,No,No,No,Yes,No,Month-to-month,Yes,Electronic check,60.06,783.77,No
9314-UAYFS,Female,0,Yes,No,33,Yes,No,DSL,Yes,No,Yes,No,Yes,Yes,Two year,Yes,Electronic check,66.69,2190.01,No
8904-QFSGC,Male,0,Yes,No,63,Yes,Yes,No,No internet service,No internet service,No internet service,No internet service,No internet service,No internet service,One year,No,Bank transfer (automatic),18.45,1164.1,No
6984-WZMQW,Female,0,No,Yes,22,Yes,No,No,No internet service,No internet service,No internet service,No internet service,No internet service,No internet service,Month-to-month,No,Mailed check,18.25,387.39,No
1886-XMTCG,Male,0,Yes,Yes,49,Yes,Yes,DSL,No,Yes,Yes,Yes,Yes,Yes,Month-to-month,Yes,Mailed check,72.05,3536.69,Yes
5025-PNLJZ,Female,1,No,No,13,Yes,No,DSL,No,Yes,No,Yes,No,No,Month-to-month,No,Electronic check,64.96,823.9,No
8039-NGGLK,Female,0,Yes,No,45,Yes,No,Fiber optic,Yes,No,No,No,No,Yes,Month-to-month,Yes,Electronic check,79.0,3554.3,Yes
6046-NXGLB,Male,0,Yes,No,4,Yes,Yes,Fiber optic,No,No,No,Yes,No,No,Month-to-month,Yes,Electronic check,76.72,299.02,Yes
4707-GEZDG,Male,0,Yes,Yes,65,Yes,Yes,DSL,No,Yes,No,No,Yes,Yes,Month-to-month,Yes,Bank transfer (automatic),61.35,3985.1,No
1269-CBPPJ,Male,0,No,No,21,Yes,No,Fiber optic,Yes,No,No,No,No,Yes,Month-to-month,No,Bank transfer (automatic),79.51,1684.51,No
1199-DPUHK,Male,0,No,Yes,69,Yes,No,Fiber optic,Yes,No,Yes,Yes,No,Yes,One year,No,Electronic check,95.4,6575.76,No
3429-XADDW,Female,0,No,No,1,Yes,Yes,DSL,No,No,No,No,Yes,No,One year,Yes,Bank transfer (automatic),42.42,47.89,Yes
8358-HHQUV,Male,0,No,No,28,Yes,No,No,No internet service,No internet service,No internet service,No internet service,No internet service,No internet service,Two year,No,Credit card (automatic),18.25,513.4,No
5222-NGPUD,Male,0,Yes,Yes,60,Yes,Yes,DSL,Yes,No,Yes,No,No,Yes,One year,Yes,Electronic check,59.83,3567.69,No
8655-RDNSR,Female,0,Yes,No,70,Yes,Yes,DSL,No,No,Yes,Yes,Yes,No,One year,Yes,Bank transfer (automatic),59.94,4182.26,No
6352-DJHUS,Male,0,No,No,15,Yes,Yes,Fiber optic,Yes,No,Yes,No,Yes,No,Month-to-month,No,Bank transfer (automatic),84.75,1288.95,Yes
5359-XKAPJ,Male,1,No,Yes,63,No,No phone service,Fiber optic,Yes,Yes,No,Yes,Yes,Yes,Month-to-month,No,Mailed check,91.52,5759.45,Yes
5670-MZUVD,Male,0,No,No,13,Yes,No,No,No internet service,No internet service,No internet service,No internet service,No internet service,No internet service,One year,Yes,Electronic check,20.57,271.37,No
2225-PHKTA,Male,0,No,No,42,Yes,No,DSL,Yes,Yes,No,No,No,Yes,Month-to-month,Yes,Electronic check,68.46,2874.89,No
2440-ZFHJW,Male,0,Yes,Yes,42,Yes,No,DSL,No,No,Yes,No,Yes,Yes,Month-to-month,No,Electronic check,59.11,2492.07,No
1230-SHRHB,Female,0,Yes,No,69,Yes,Yes,DSL,No,Yes,Yes,No,Yes,No,Two year,Yes,Mailed check,67.09,4645.32,No
4493-SWZHH,Male,1,No,Yes,54,Yes,No,DSL,No,Yes,Yes,No,No,No,One year,Yes,Mailed check,55.45,2989.63,No
7377-HDSDX,Male,0,Yes,No,30,Yes,No,Fiber optic,No,Yes,No,Yes,Yes,Yes,Month-to-month,Yes,Mailed check,101.75,3046.39,No
3737-WKPPX,Male,0,Yes,No,39,Yes,Yes,Fiber optic,No,No,No,Yes,Yes,No,Two year,No,Bank transfer (automatic),81.21,3157.0,No
7624-JWWRW,Male,0,No,No,26,Yes,No,Fiber optic,No,No,Yes,No,Yes,No,Month-to-month,Yes,Electronic check,82.95,2171.82,Yes
9967-SQLWG,Male,1,Yes,Yes,51,Yes,No,No,No internet service,No internet service,No internet service,No internet service,No internet service,No internet service,Two year,No,Electronic check,24.55,1248.07,No
9322-PRTEM,Female,0,No,Yes,6,Yes,No,Fiber optic,Yes,No,Yes,No,Yes,No,Two year,Yes,Electronic check,81.09,501.42,No
9293-QBMDQ,Male,0,Yes,No,45,Yes,Yes,Fiber optic,Yes,No,No,Yes,Yes,Yes,Month-to-month,No,Electronic check,101.87,4586.72,No
4687-YCLVE,Female,0,No,No,32,Yes,No,DSL,No,No,Yes,No,No,No,Two year,No,Electronic check,48.57,1564.19,No
5172-LDRXL,Female,0,No,No,7,Yes,Yes,Fiber optic,No,No,Yes,No,No,No,Month-to-month,No,Mailed check,78.35,538.33,No
9063-JSDUE,Male,0,No,Yes,4,Yes,Yes,Fiber optic,No,No,No,No,Yes,Yes,One year,Yes,Credit card (automatic),81.16,308.48,Yes
4877-YTFCG,Male,1,Yes,No,60,Yes,No,Fiber optic,No,No,No,Yes,No,No,Month-to-month,No,Mailed check,76.64,4592.19,No
1923-TLTKX,Male,0,Yes,No,71,Yes,Yes,Fiber optic,No,No,Yes,Yes,Yes,Yes,One year,Yes,Electronic check,103.24,7333.73,No
4378-NLARC,Male,0,Yes,No,59,Yes,Yes,DSL,Yes,Yes,No,No,Yes,No,One year,Yes,Credit card (automatic),60.71,3584.62,No
4738-ZSBKE,Female,0,Yes,No,23,Yes,No,DSL,No,No,Yes,No,No,No,Two year,Yes,Electronic check,54.1,1241.28,No
7943-FJWSY,Male,0,No,No,6,Yes,Yes,No,No internet service,No internet service,No internet service,No internet service,No internet service,No internet service,Month-to-month,Yes,Mailed check,18.92,118.51,No
6671-ZNLFD,Male,0,Yes,Yes,60,Yes,Yes,No,No internet service,No internet service,No internet service,No internet service,No internet service,No internet service,One year,Yes,Credit card (automatic),18.38,1103.61,No
2738-UZJZS,Male,1,Yes,No,35,Yes,No,No,No internet service,No internet service,No internet service,No internet service,No internet service,No internet service,Month-to-month,Yes,Mailed check,22.16,774.61,No
1571-KUFAH,Male,0,Yes,Yes,26,Yes,Yes,No,No internet service,No internet service,No internet service,No internet service,No internet service,No internet service,Month-to-month,Yes,Credit card (automatic),19.46,513.25,No
9149-DVYUG,Male,0,No,No,28,Yes,No,DSL,No,Yes,Yes,No,No,Yes,Month-to-month,No,Electronic check,64.57,1814.31,No
8272-VJZCM,Male,0,Yes,No,19,No,No phone service,Fiber optic,No,No,No,Yes,No,No,Two year,Yes,Credit card (automatic),73.37,1403.7,No
2800-RVXSC,Female,0,No,No,69,Yes,No,No,No internet service,No internet service,No internet service,No internet service,No internet service,No internet service,One year,Yes,Bank transfer (automatic),18.48,1268.94,No
7077-WFWCB,Female,0,No,No,2,Yes,Yes,No,No internet service,No internet service,No internet service,No internet service,No internet service,No internet service,One year,Yes,Electronic check,20.47,48.23,Yes
1256-GDYBN,Male,0,No,No,38,Yes,Yes,DSL,No,No,No,No,No,No,Month-to-month,Yes,Bank transfer (automatic),46.68,1784.9,No
1331-FHXSD,Male,0,No,No,44,Yes,Yes,Fiber optic,No,No,No,No,Yes,No,Month-to-month,Yes,Mailed check,69.49,3050.64,No
5238-RYRNB,Male,0,Yes,Yes,67,Yes,Yes,DSL,No,No,Yes,Yes,Yes,No,Two year,Yes,Credit card (automatic),57.58,3867.07,No
6817-NVFFG,Female,0,No,No,30,Yes,No,No,No internet service,No internet service,No internet service,No internet service,No internet service,No internet service,One year,Yes,Mailed check,18.25,539.41,No
7096-CDLGG,Male,0,No,No,37,Yes,No,Fiber optic,Yes,No,No,No,No,Yes,Two year,No,Electronic check,83.21,3086.85,No
9871-YHRDQ,Female,0,No,No,5,Yes,No,Fiber optic,No,No,No,No,Yes,No,Month-to-month,No,Electronic check,77.78,396.62,Yes
8646-CUSPE,Male,1,No,Yes,7,Yes,Yes,Fiber optic,Yes,No,No,Yes,Yes,Yes,Two year,Yes,Mailed check,99.21,681.1,No
5987-ULCDD,Male,0,Yes,Yes,27,Yes,Yes,Fiber optic,Yes,Yes,Yes,No,No,No,Two year,No,Credit card (automatic),91.84,2476.92,Yes
2881-SZACS,Male,0,Yes,No,14,Yes,Yes,DSL,No,No,Yes,No,Yes,Yes,Month-to-month,No,Bank transfer (automatic),62.85,862.74,Yes
5235-LRVRB,Male,0,No,No,7,Yes,Yes,Fiber optic,Yes,No,No,No,Yes,Yes,One year,No,Bank transfer (automatic),94.03,657.55,No
4844-HTXQQ,Female,0,No,Yes,53,Yes,Yes,No,No internet service,No internet service,No internet service,No internet service,No internet service,No internet service,Month-to-month,Yes,Credit card (automatic),18.25,971.55,No
3471-VUEPF,Female,0,Yes,Yes,5,Yes,Yes,DSL,No,No,No,No,Yes,No,Two year,Yes,Bank transfer (automatic),51.32,263.22,No
4331-VMUKH,Male,0,Yes,Yes,28,Yes,Yes,DSL,Yes,Yes,No,No,No,No,Month-to-month,No,Bank transfer (automatic),55.37,1541.58,Yes
5942-ZSFMW,Male,0,Yes,No,33,No,No phone service,No,No internet service,No internet service,No internet service,No internet service,No internet service,No internet service,Month-to-month,No,Electronic check,22.81,763.09,No
7240-YRHXP,Female,0,No,No,6,No,No phone service,Fiber optic,No,No,Yes,No,No,No,One year,Yes,Electronic check,73.52,463.3,Yes
3740-HQMRA,Female,0,No,No,39,No,No phone service,No,No internet service,No internet service,No internet service,No internet service,No internet service,No internet service,Month-to-month,Yes,Credit card (automatic),18.82,729.03,No
6947-FEYAK,Female,0,No,Yes,12,Yes,Yes,DSL,No,No,Yes,No,Yes,No,Month-to-month,No,Mailed check,63.89,780.74,Yes
1832-XWBSL,Female,1,Yes,No,61,Yes,No,No,No internet service,No internet service,No internet service,No internet service,No internet service,No internet service,Month-to-month,Yes,Credit card (automatic),18.25,1110.59,No
3688-YCSBE,Male,0,Yes,Yes,64,Yes,No,No,No internet service,No internet service,No internet service,No internet service,No internet service,No internet service,Month-to-month,No,Electronic check,21.98,1423.54,No
5330-FWQXW,Female,0,Yes,No,40,Yes,Yes,DSL,No,Yes,No,No,No,Yes,One year,No,Mailed check,60.75,2445.68,No
4207-QBWQY,Male,0,Yes,No,41,Yes,No,Fiber optic,No,No,No,Yes,Yes,Yes,Month-to-month,Yes,Electronic check,93.79,3842.94,Yes
5690-AXPCZ,Female,0,No,No,65,Yes,No,DSL,No,Yes,Yes,Yes,No,Yes,One year,Yes,Electronic check,71.81,4664.57,No
3223-YGREH,Female,0,Yes,No,10,Yes,No,Fiber optic,Yes,No,No,No,Yes,No,Month-to-month,No,Credit card (automatic),77.71,779.69,Yes
8791-PJVPM,Female,0,No,No,49,Yes,No,Fiber optic,No,Yes,No,Yes,Yes,No,Two year,No,Credit card (automatic),82.01,4016.01,Yes
3939-RXBBY,Female,1,No,No,70,Yes,No,No,No internet service,No internet service,No internet service,No internet service,No internet service,No internet service,Two year,Yes,Credit card (automatic),22.19,1562.0,No
5880-XJUWS,Female,1,No,No,34,Yes,Yes,DSL,No,No,No,Yes,No,No,Month-to-month,Yes,Mailed check,54.83,1865.99,No
8466-WYRBU,Male,0,Yes,Yes,19,Yes,No,DSL,No,Yes,No,Yes,No,Yes,Two year,No,Credit card (automatic),63.8,1201.9,No
4243-YGVMT,Male,0,Yes,No,27,Yes,No,DSL,Yes,No,No,Yes,No,No,Two year,Yes,Electronic check,55.84,1498.08,No
6035-BGYEE,Female,1,Yes,Yes,36,Yes,Yes,Fiber optic,No,No,No,No,Yes,No,Month-to-month,Yes,Credit card (automatic),79.77,2865.58,Yes
4585-XSGKW,Female,0,No,No,2,Yes,No,No,No internet service,No internet service,No internet service,No internet service,No internet service,No internet service,Month-to-month,Yes,Bank transfer (automatic),20.46,48.36,No
5875-VEDJK,Male,1,No,Yes,58,Yes,No,Fiber optic,No,No,Yes,No,Yes,No,Two year,No,Bank transfer (automatic),78.85,4572.24,No
7207-UAPEL,Female,0,Yes,Yes,72,No,No phone service,DSL,Yes,No,No,Yes,Yes,No,One year,Yes,Credit card (automatic),69.43,4991.37,No
6348-SLPNQ,Female,0,Yes,No,26,Yes,No,DSL,Yes,Yes,No,Yes,No,Yes,Month-to-month,Yes,Bank transfer (automatic),73.92,1937.57,Yes
8412-QBKLA,Male,0,No,No,31,Yes,No,DSL,Yes,Yes,No,No,Yes,Yes,Two year,No,Mailed check,60.58,1885.92,No
5928-MCXPK,Female,0,No,No,47,Yes,No,Fiber optic,No,No,No,No,No,Yes,Two year,No,Mailed check,78.73,3700.78,No
4103-NFBJV,Female,0,No,Yes,45,Yes,No,DSL,No,No,Yes,No,No,No,Month-to-month,Yes,Electronic check,51.96,2326.7,No
5126-VLDFG,Male,0,Yes,Yes,46,Yes,No,No,No internet service,No internet service,No internet service,No internet service,No internet service,No internet service,Month-to-month,No,Mailed check,18.25,833.48,No
8717-SHSGB,Male,0,Yes,No,39,Yes,No,DSL,No,No,No,No,No,Yes,Month-to-month,No,Bank transfer (automatic),54.92,2122.25,No
8014-CMLDX,Male,0,Yes,No,2,Yes,No,No,No internet service,No internet service,No internet service,No internet service,No internet service,No internet service,Month-to-month,Yes,Electronic check,18.25,39.05,Yes
7676-TQPRT,Female,0,Yes,No,28,Yes,No,DSL,No,Yes,No,No,Yes,No,Month-to-month,Yes,Credit card (automatic),57.29,1599.84,No
5050-BQQVE,Male,0,No,No,57,Yes,No,No,No internet service,No internet service,No internet service,No internet service,No internet service,No internet service,Month-to-month,Yes,Electronic check,22.63,1294.66,Yes
7563-STNUG,Male,0,Yes,No,49,Yes,Yes,No,No internet service,No internet service,No internet service,No internet service,No internet service,No internet service,Month-to-month,Yes,Credit card (automatic),24.68,1231.09,No
7228-TKGCY,Male,0,Yes,No,9,No,No phone service,No,No internet service,No internet service,No internet service,No internet service,No internet service,No internet service,Month-to-month,No,Mailed check,18.25,159.97,No
6733-QQBCK,Male,0,No,No,60,Yes,No,No,No internet service,No internet service,No internet service,No internet service,No internet service,No internet service,Two year,Yes,Electronic check,24.94,1492.22,No
4514-VKRDF,Male,1,Yes,No,60,Yes,No,DSL,No,No,Yes,No,No,Yes,Two year,Yes,Electronic check,59.9,3600.0,No
1727-SFJBK,Male,1,No,Yes,22,Yes,Yes,DSL,No,No,Yes,Yes,No,No,Two year,Yes,Bank transfer (automatic),53.8,1177.37,No
4019-URKRC,Female,0,Yes,Yes,5,Yes,No,Fiber optic,No,No,Yes,No,Yes,No,Two year,Yes,Credit card (automatic),81.64,394.98,Yes
4476-MELLS,Female,0,No,No,59,No,No phone service,No,No internet service,No internet service,No internet service,No internet service,No internet service,No internet service,Month-to-month,Yes,Electronic check,18.25,1061.99,Yes
1074-XMKZD,Male,0,Yes,Yes,26,Yes,Yes,DSL,No,Yes,Yes,No,No,No,One year,Yes,Credit card (automatic),60.15,1555.07,No
6836-LBACF,Male,1,No,Yes,54,Yes,No,No,No internet service,No internet service,No internet service,No internet service,No internet service,No internet service,One year,Yes,Electronic check,18.25,982.07,No
6905-JYFKX,Male,0,Yes,No,30,No,No phone service,Fiber optic,No,No,Yes,No,Yes,No,Two year,No,Mailed check,80.32,2411.83,No
6333-SXSJT,Female,0,Yes,No,29,Yes,Yes,DSL,Yes,Yes,No,No,No,No,One year,Yes,Mailed check,55.72,1627.23,No
5213-JNTUK,Female,0,No,No,66,Yes,No,DSL,No,Yes,Yes,No,No,Yes,One year,Yes,Credit card (automatic),60.11,3967.33,No
4790-SETED,Female,0,Yes,No,12,Yes,No,DSL,Yes,Yes,Yes,Yes,Yes,No,Month-to-month,Yes,Bank transfer (automatic),57.71,694.49,No
1516-ENHVS,Female,0,Yes,No,58,Yes,No,DSL,No,Yes,No,No,No,No,Month-to-month,No,Electronic check,47.78,2780.9,No
3721-UHQKQ,Female,0,No,No,53,No,No phone service,Fiber optic,Yes,Yes,No,Yes,Yes,No,Month-to-month,Yes,Bank transfer (automatic),98.95,5250.25,Yes
3286-UJUEC,Female,1,No,Yes,20,Yes,Yes,DSL,No,Yes,No,No,No,No,Two year,Yes,Credit card (automatic),48.71,971.67,No
1857-VDLGE,Female,1,Yes,No,42,Yes,Yes,Fiber optic,Yes,No,No,No,Yes,No,Month-to-month,Yes,Electronic check,83.39,3515.37,No
9598-EUCMU,Female,0,Yes,No,10,Yes,Yes,Fiber optic,No,No,Yes,No,No,No,Month-to-month,Yes,Bank transfer (automatic),73.65,726.2,No
6347-YAWYV,Female,0,Yes,No,66,Yes,Yes,No,No internet service,No internet service,No internet service,No internet service,No internet service,No internet service,Two year,Yes,Electronic check,24.51,1614.16,No
1593-ZAFXD,Male,0,Yes,No,37,Yes,Yes,Fiber optic,Yes,No,No,No,No,Yes,Two year,Yes,Electronic check,88.56,3282.83,No
5271-YKQCF,Male,0,No,No,23,Yes,Yes,Fiber optic,No,Yes,No,No,No,Yes,One year,No,Credit card (automatic),82.18,1903.2,No
6371-CRDGM,Male,0,No,No,50,Yes,No,No,No internet service,No internet service,No internet service,No internet service,No internet service,No internet service,Two year,No,Credit card (automatic),21.61,1080.37,No
2144-UDBXE,Male,0,Yes,No,60,Yes,Yes,DSL,Yes,Yes,No,No,Yes,Yes,Month-to-month,No,Credit card (automatic),73.32,4386.29,Yes
3274-LUPRB,Female,0,No,No,45,Yes,No,DSL,Yes,Yes,No,No,No,Yes,Two year,Yes,Electronic check,65.6,2962.7,Yes
3021-PPWPD,Female,0,No,No,42,Yes,Yes,No,No internet service,No internet service,No internet service,No internet service,No internet service,No internet service,Month-to-month,No,Mailed check,18.44,776.52,No
8378-DTTYU,Male,0,No,No,26,Yes,Yes,DSL,No,No,No,Yes,Yes,Yes,Two year,No,Bank transfer (automatic),62.16,1610.07,No
2051-MAUWC,Female,0,Yes,No,29,Yes,No,DSL,No,No,Yes,No,Yes,No,Month-to-month,Yes,Bank transfer (automatic),57.49,1667.66,No
4556-WGGME,Male,0,Yes,No,62,Yes,Yes,Fiber optic,No,No,No,No,Yes,Yes,One year,Yes,Electronic check,83.65,5185.09,No
6684-XAQNB,Female,1,No,Yes,9,Yes,Yes,Fiber optic,Yes,No,No,No,No,Yes,Month-to-month,Yes,Mailed check,79.69,716.92,No
8479-WHYXB,Male,1,Yes,Yes,2,No,No phone service,Fiber optic,Yes,No,Yes,Yes,No,No,One year,Yes,Electronic check,84.97,162.99,Yes
4670-DLKFV,Female,1,Yes,No,59,Yes,No,DSL,Yes,Yes,No,No,Yes,No,Month-to-month,No,Electronic check,74.55,4393.47,Yes
7244-EXBCL,Female,0,Yes,No,26,Yes,No,Fiber optic,Yes,Yes,No,No,No,Yes,Two year,No,Credit card (automatic),88.09,2299.95,No
5139-ZUMEP,Male,0,Yes,Yes,44,Yes,Yes,No,No internet service,No internet service,No internet service,No internet service,No internet service,No internet service,One year,Yes,Electronic check,26.53,1159.62,No
3438-BQFXE,Female,0,No,No,61,Yes,No,Fiber optic,No,No,No,Yes,No,No,Month-to-month,Yes,Mailed check,74.9,4576.61,No
3101-UBSHQ,Male,1,No,No,23,Yes,Yes,Fiber optic,No,No,Yes,No,No,No,One year,Yes,Mailed check,70.71,1623.33,No
9463-TDGCH,Male,0,Yes,No,45,Yes,Yes,DSL,No,Yes,No,No,No,Yes,One year,No,Electronic check,54.88,2463.12,No
7036-GRBAK,Male,0,Yes,Yes,43,Yes,Yes,Fiber optic,Yes,Yes,No,Yes,No,Yes,Two year,No,Credit card (automatic),87.02,3737.97,No
6650-YVZCP,Male,0,No,No,62,Yes,No,DSL,Yes,Yes,No,No,No,Yes,One year,Yes,Mailed check,58.88,3647.98,Yes
6017-AZFDJ,Female,0,Yes,No,3,Yes,Yes,Fiber optic,Yes,No,No,No,Yes,No,One year,Yes,Mailed check,83.82,243.95,Yes
4662-QZXNC,Female,0,No,No,15,Yes,No,Fiber optic,Yes,Yes,Yes,Yes,No,No,One year,Yes,Mailed check,88.56,1324.05,No
4959-BQTXP,Female,0,No,Yes,50,Yes,No,Fiber optic,No,Yes,No,No,Yes,No,Two year,Yes,Bank transfer (automatic),78.96,3953.53,No
9932-GARNY,Male,0,Yes,No,47,No,No phone service,No,No internet service,No internet service,No internet service,No internet service,No internet service,No internet service,Month-to-month,Yes,Bank transfer (automatic),19.47,915.79,No
5260-FBJXL,Female,0,No,Yes,64,Yes,No,DSL,No,No,Yes,No,No,No,Month-to-month,No,Bank transfer (automatic),54.7,3493.5,No
2401-RQLGX,Male,1,No,No,68,Yes,No,Fiber optic,Yes,No,No,No,Yes,No,Month-to-month,Yes,Electronic check,83.03,5632.06,No
5776-YSDFG,Female,0,Yes,Yes,44,Yes,No,Fiber optic,No,No,No,No,Yes,No,Month-to-month,Yes,Mailed check,73.91,3257.27,Yes
4807-QDGLD,Female,0,Yes,No,2,Yes,No,Fiber optic,No,No,No,No,No,No,Month-to-month,Yes,Bank transfer (automatic),70.05,137.8,Yes
7204-WGJRK,Female,0,No,Yes,16,Yes,No,DSL,Yes,Yes,No,No,Yes,No,Two year,Yes,Credit card (automatic),63.16,1010.52,No
3046-EWENG,Male,1,Yes,Yes,36,Yes,No,DSL,No,Yes,No,Yes,Yes,No,Two year,Yes,Electronic check,61.14,2216.18,No
5653-XSMTL,Female,0,No,No,4,Yes,No,No,No internet service,No internet service,No internet service,No internet service,No internet service,No internet service,Month-to-month,Yes,Credit card (automatic),18.25,75.31,Yes
4090-TWVZE,Female,1,No,No,46,No,No phone service,Fiber optic,No,Yes,No,Yes,No,No,Month-to-month,Yes,Credit card (automatic),79.89,3670.03,Yes
3054-AUXFE,Male,0,Yes,No,43,Yes,No,Fiber optic,Yes,Yes,No,Yes,No,No,Month-to-month,Yes,Bank transfer (automatic),86.28,3711.38,Yes
7878-YFPZQ,Female,1,Yes,No,32,Yes,No,No,No internet service,No internet service,No internet service,No internet service,No internet service,No internet service,Month-to-month,No,Mailed check,18.68,592.21,No
5866-AWJGD,Male,1,No,No,20,Yes,Yes,DSL,Yes,Yes,Yes,Yes,Yes,Yes,Month-to-month,No,Mailed check,85.62,1722.38,No
8222-BBRYL,Female,0,Yes,Yes,66,Yes,No,No,No internet service,No internet service,No internet service,No internet service,No internet service,No internet service,Two year,Yes,Mailed check,21.98,1455.41,No
8445-ENZUB,Male,0,No,No,67,Yes,No,DSL,No,No,Yes,Yes,No,No,Month-to-month,Yes,Mailed check,50.25,3362.86,Yes
1578-BGJAS,Male,0,No,No,31,Yes,Yes,Fiber optic,Yes,No,No,Yes,Yes,Yes,Month-to-month,Yes,Bank transfer (automatic),89.94,2795.52,Yes
5507-DXHPK,Female,0,No,No,23,No,No phone service,Fiber optic,No,No,No,No,No,Yes,One year,Yes,Mailed check,80.58,1856.19,Yes
9986-CDRNR,Male,0,Yes,Yes,34,Yes,Yes,Fiber optic,No,No,No,No,No,Yes,Two year,No,Mailed check,74.56,2537.5,No
2172-NHUXD,Male,0,No,No,17,Yes,No,DSL,No,No,Yes,No,No,No,One year,Yes,Bank transfer (automatic),51.73,878.85,No
6022-AHMVM,Male,0,No,Yes,66,Yes,No,Fiber optic,No,Yes,No,Yes,Yes,Yes,Two year,Yes,Electronic check,88.53,5843.85,No
8709-ZAVKW,Male,0,No,No,53,Yes,Yes,DSL,Yes,Yes,No,No,No,Yes,Month-to-month,Yes,Bank transfer (automatic),70.73,3754.37,No
5700-DZLCV,Male,0,Yes,Yes,25,Yes,Yes,DSL,No,No,No,Yes,Yes,Yes,Two year,Yes,Credit card (automatic),61.18,1521.61,No
7819-LBFNL,Male,0,No,Yes,59,Yes,Yes,DSL,Yes,Yes,No,Yes,No,Yes,Month-to-month,Yes,Electronic check,71.29,4220.18,No
4996-KBCKC,Female,0,No,No,64,Yes,No,Fiber optic,No,No,No,No,Yes,No,Two year,No,Credit card (automatic),70.2,4491.13,Yes
8259-BNMRF,Male,0,Yes,No,50,Yes,Yes,Fiber optic,No,No,No,Yes,No,No,Month-to-month,Yes,Mailed check,73.44,3667.65,No
6233-JPEPY,Male,0,No,No,59,Yes,Yes,DSL,No,Yes,Yes,Yes,Yes,No,Month-to-month,Yes,Credit card (automatic),75.57,4452.61,Yes
8579-KGHYS,Female,0,Yes,Yes,58,No,No phone service,DSL,No,No,Yes,No,Yes,No,Month-to-month,Yes,Mailed check,52.3,3029.4,No
6288-PUKJF,Female,1,Yes,Yes,16,Yes,No,DSL,Yes,No,Yes,Yes,Yes,Yes,Two year,Yes,Bank transfer (automatic),72.37,1165.43,No
2285-PHQGM,Female,0,No,No,20,Yes,No,Fiber optic,No,Yes,No,No,Yes,No,Month-to-month,Yes,Mailed check,75.49,1509.55,Yes
4136-UNTRM,Female,0,Yes,No,66,Yes,No,Fiber optic,No,No,No,Yes,Yes,No,Two year,Yes,Bank transfer (automatic),79.54,5246.16,No
9700-VWVRL,Female,0,No,Yes,27,Yes,Yes,Fiber optic,No,Yes,No,No,No,Yes,Month-to-month,No,Bank transfer (automatic),82.46,2232.55,No
4480-YNQBT,Female,0,No,No,43,No,No phone service,No,No internet service,No internet service,No internet service,No internet service,No internet service,No internet service,One year,No,Credit card (automatic),25.71,1103.41,No
6503-RPRWP,Female,1,Yes,Yes,69,Yes,No,Fiber optic,No,Yes,No,No,No,No,One year,No,Electronic check,74.58,5142.68,No
4426-UVLUA,Male,1,Yes,No,61,Yes,No,No,No internet service,No internet service,No internet service,No internet service,No internet service,No internet service,One year,No,Credit card (automatic),21.41,1294.85,No
9415-SJCEG,Male,0,No,Yes,41,Yes,Yes,Fiber optic,No,No,No,No,No,Yes,Two year,No,Electronic check,73.64,3012.34,No
4217-SGNFN,Female,0,No,Yes,21,Yes,No,Fiber optic,No,No,No,Yes,No,No,One year,Yes,Bank transfer (automatic),76.31,1599.64,No
8607-ACYVP,Male,0,No,Yes,37,Yes,Yes,Fiber optic,No,Yes,Yes,No,Yes,No,One year,Yes,Mailed check,85.55,3154.87,No
1860-NEFNY,Male,0,No,Yes,13,Yes,Yes,DSL,No,Yes,No,No,Yes,No,Month-to-month,No,Electronic check,63.87,844.74,No
1441-DDQLW,Male,1,Yes,Yes,25,Yes,No,Fiber optic,No,Yes,Yes,No,No,Yes,Month-to-month,Yes,Electronic check,77.38,1939.47,Yes
9861-MVTTK,Female,0,Yes,No,39,Yes,Yes,No,No internet service,No internet service,No internet service,No internet service,No internet service,No internet service,Month-to-month,Yes,Mailed check,18.98,737.64,No
9900-AZTTX,Female,0,No,Yes,53,No,No phone service,DSL,Yes,Yes,Yes,Yes,No,No,One year,Yes,Electronic check,70.82,3761.61,No
7776-WBYRN,Male,0,No,Yes,12,Yes,No,DSL,No,No,No,No,Yes,Yes,Month-to-month,Yes,Credit card (automatic),44.78,533.24,No
8000-KASTR,Female,1,Yes,Yes,18,Yes,Yes,Fiber optic,No,No,No,No,No,Yes,Month-to-month,Yes,Electronic check,74.68,1366.79,Yes
5850-RTWSR,Male,0,No,No,41,Yes,No,Fiber optic,Yes,No,No,No,No,Yes,Two year,Yes,Mailed check,85.65,3522.38,No
5631-ZAUJE,Male,0,No,No,40,Yes,No,Fiber optic,No,No,No,No,Yes,No,Month-to-month,Yes,Mailed check,80.32,3221.93,Yes
8061-XZZMR,Male,0,No,No,49,Yes,No,DSL,Yes,No,No,No,No,Yes,One year,Yes,Mailed check,63.55,3121.66,No
8539-MWLWB,Male,0,Yes,No,2,Yes,No,DSL,No,No,No,No,No,Yes,Two year,No,Electronic check,52.33,88.99,No
4418-KLJZS,Female,0,No,Yes,30,Yes,No,Fiber optic,No,Yes,Yes,No,Yes,No,One year,Yes,Credit card (automatic),87.96,2637.17,No
1857-ZZRWQ,Female,1,No,Yes,14,Yes,No,Fiber optic,Yes,No,No,No,No,Yes,Month-to-month,No,Electronic check,90.67,1252.1,No
8762-ABTJZ,Female,0,No,No,53,Yes,No,Fiber optic,No,No,No,No,Yes,No,One year,No,Bank transfer (automatic),73.81,3916.4,No
7175-NUHTW,Male,0,No,No,52,Yes,No,Fiber optic,Yes,No,No,Yes,Yes,No,Two year,No,Mailed check,91.64,4766.23,No
5561-HUWYE,Female,0,No,No,44,Yes,No,Fiber optic,No,No,No,No,Yes,No,Month-to-month,No,Electronic check,75.31,3327.0,No
5146-WVCLC,Male,0,No,No,37,Yes,No,DSL,Yes,No,Yes,No,No,No,Two year,Yes,Electronic check,57.02,2118.85,No
8069-PKDZR,Female,0,No,No,49,Yes,No,DSL,No,No,No,No,Yes,Yes,Month-to-month,No,Electronic check,56.3,2750.36,No
2911-EUPWT,Male,0,Yes,No,23,Yes,No,Fiber optic,No,Yes,No,Yes,No,No,Two year,No,Bank transfer (automatic),86.1,1961.17,No
8982-ZMTTB,Male,0,Yes,Yes,16,No,No phone service,Fiber optic,Yes,No,No,No,No,Yes,Month-to-month,Yes,Credit card (automatic),84.45,1347.38,No
6929-JZFEX,Male,1,No,Yes,17,Yes,Yes,DSL,No,No,No,Yes,No,No,Month-to-month,Yes,Mailed check,43.97,738.72,Yes
1416-JZGAH,Female,0,Yes,No,41,Yes,Yes,DSL,No,Yes,No,No,Yes,No,Two year,Yes,Electronic check,60.48,2477.65,No
7407-ACZCD,Female,0,Yes,Yes,16,Yes,No,No,No internet service,No internet service,No internet service,No internet service,No internet service,No internet service,Month-to-month,Yes,Electronic check,18.34,286.75,No
2031-ZKXGW,Female,0,Yes,No,15,Yes,No,DSL,No,Yes,Yes,No,Yes,No,One year,No,Credit card (automatic),65.43,990.43,No
4454-UHGMF,Female,0,Yes,No,51,Yes,No,No,No internet service,No internet service,No internet service,No internet service,No internet service,No internet service,One year,Yes,Electronic check,18.25,941.39,Yes
5832-WFFDV,Male,0,Yes,No,35,Yes,No,No,No internet service,No internet service,No internet service,No internet service,No internet service,No internet service,Month-to-month,No,Bank transfer (automatic),18.25,630.76,No
9738-BFUHR,Female,0,Yes,Yes,38,Yes,Yes,Fiber optic,No,No,Yes,No,No,Yes,One year,Yes,Mailed check,78.63,3014.61,No
6455-BHJVW,Female,0,No,No,24,Yes,Yes,Fiber optic,No,No,Yes,Yes,Yes,No,Two year,Yes,Bank transfer (automatic),83.02,1989.58,No
3192-WHPHK,Male,0,No,No,41,Yes,No,Fiber optic,No,No,No,No,Yes,No,Two year,No,Bank transfer (automatic),77.92,3186.61,No
7381-GHQHY,Male,0,No,No,20,Yes,Yes,DSL,No,No,No,No,No,Yes,Month-to-month,Yes,Credit card (automatic),48.78,989.38,Yes
5913-AYWYR,Male,0,Yes,Yes,67,Yes,Yes,Fiber optic,No,Yes,No,No,Yes,No,Two year,Yes,Electronic check,86.97,5841.31,No
6497-JSJXX,Female,1,No,Yes,58,Yes,No,No,No internet service,No internet service,No internet service,No internet service,No internet service,No internet service,One year,No,Bank transfer (automatic),18.95,1100.18,No
1834-PBFUK,Male,0,No,No,29,Yes,Yes,Fiber optic,Yes,Yes,Yes,No,No,No,One year,No,Electronic check,84.14,2451.09,Yes
7015-PBDUB,Male,0,No,No,56,Yes,No,No,No internet service,No internet service,No internet service,No internet service,No internet service,No internet service,One year,Yes,Electronic check,27.05,1508.68,No
2966-TXRGJ,Male,0,Yes,No,32,Yes,Yes,No,No internet service,No internet service,No internet service,No internet service,No internet service,No internet service,One year,No,Bank transfer (automatic),18.46,586.31,No
3726-UYZJJ,Female,0,Yes,No,52,Yes,No,DSL,Yes,Yes,No,No,No,Yes,Two year,Yes,Bank transfer (automatic),58.09,3024.8,No
1471-MWCCH,Male,0,No,No,15,Yes,No,Fiber optic,Yes,No,Yes,No,No,Yes,Month-to-month,Yes,Mailed check,83.78,1256.66,Yes
2858-HRCRH,Female,0,No,No,48,Yes,No,Fiber optic,Yes,Yes,No,Yes,No,Yes,Month-to-month,Yes,Bank transfer (automatic),86.71,4154.15,No
6481-ETWWF,Female,0,No,Yes,4,Yes,Yes,No,No internet service,No internet service,No internet service,No internet service,No internet service,No internet service,Two year,No,Bank transfer (automatic),21.99,89.82,No
9041-GXNAJ,Male,0,No,No,59,Yes,No,DSL,No,Yes,No,No,No,Yes,Month-to-month,Yes,Electronic check,61.3,3617.52,Yes
5257-NYMLZ,Male,0,Yes,Yes,70,Yes,Yes,Fiber optic,Yes,Yes,Yes,No,No,No,Month-to-month,Yes,Bank transfer (automatic),81.42,5697.52,Yes
6610-DVMAT,Female,0,No,Yes,54,Yes,Yes,Fiber optic,No,Yes,Yes,Yes,No,No,Month-to-month,No,Mailed check,83.39,4510.87,No
1044-QVTCC,Male,1,Yes,Yes,34,Yes,Yes,Fiber optic,No,Yes,No,Yes,Yes,Yes,Month-to-month,No,Mailed check,84.95,2904.35,No
9360-DCXWQ,Male,0,No,No,68,Yes,No,DSL,No,No,Yes,No,No,No,One year,Yes,Mailed check,54.61,3703.26,No
6833-XGPAR,Female,0,No,Yes,41,No,No phone service,No,No internet service,No internet service,No internet service,No internet service,No internet service,No internet service,Two year,Yes,Electronic check,20.82,862.49,No
5532-PTZWP,Female,0,No,Yes,68,Yes,No,Fiber optic,No,Yes,No,No,Yes,No,Month-to-month,Yes,Mailed check,80.39,5489.79,Yes
8786-LFNDE,Male,0,Yes,No,23,Yes,No,Fiber optic,No,Yes,Yes,Yes,No,Yes,Month-to-month,Yes,Mailed check,98.4,2246.16,No
1901-PJNVE,Female,0,Yes,Yes,70,Yes,Yes,DSL,No,No,No,No,Yes,No,Month-to-month,No,Electronic check,52.11,3655.31,No
4493-HAXXL,Male,0,No,No,70,Yes,No,Fiber optic,No,No,No,Yes,No,No,One year,Yes,Bank transfer (automatic),74.39,5211.21,No
4689-FNNKS,Male,0,No,No,54,Yes,No,No,No internet service,No internet service,No internet service,No internet service,No internet service,No internet service,Month-to-month,Yes,Mailed check,18.25,984.41,No
8373-RSNSV,Male,0,No,No,13,Yes,Yes,DSL,No,No,No,No,Yes,No,Month-to-month,No,Bank transfer (automatic),55.94,716.62,No
4874-VFKPK,Female,0,No,Yes,54,Yes,Yes,No,No internet service,No internet service,No internet service,No internet service,No internet service,No internet service,Two year,No,Mailed check,19.5,1058.19,No
8290-AESZP,Male,0,Yes,Yes,14,Yes,Yes,Fiber optic,No,Yes,Yes,No,Yes,No,One year,Yes,Electronic check,86.09,1213.32,Yes
2511-XHFZK,Male,1,No,No,4,Yes,No,No,No internet service,No internet service,No internet service,No internet service,No internet service,No internet service,Month-to-month,Yes,Electronic check,18.96,73.61,No
8854-FLAHW,Male,0,No,No,3,Yes,Yes,Fiber optic,No,Yes,Yes,Yes,No,Yes,One year,No,Credit card (automatic),93.73,281.55,No
6101-HLUAP,Female,1,No,Yes,29,Yes,Yes,DSL,Yes,No,No,No,No,Yes,One year,Yes,Mailed check,59.36,1701.52,No
4918-GJKMP,Female,0,Yes,No,52,Yes,No,Fiber optic,No,Yes,Yes,Yes,No,Yes,Two year,Yes,Bank transfer (automatic),95.84,4989.27,No
3326-JEVLS,Female,0,No,No,72,Yes,Yes,DSL,No,Yes,Yes,No,Yes,No,Month-to-month,Yes,Electronic check,69.15,4970.28,Yes
2671-AMZWX,Female,1,Yes,Yes,29,Yes,Yes,DSL,No,No,No,No,No,Yes,Month-to-month,Yes,Mailed check,50.59,1465.24,No
6714-JZECY,Female,0,No,No,60,Yes,No,Fiber optic,Yes,Yes,No,No,No,No,Month-to-month,Yes,Bank transfer (automatic),84.8,5078.8,No
7521-AZMSY,Male,1,No,Yes,70,Yes,Yes,DSL,Yes,No,Yes,Yes,Yes,No,One year,Yes,Credit card (automatic),72.0,5035.09,No
8923-FPDNR,Female,0,Yes,No,67,Yes,No,No,No internet service,No internet service,No internet service,No internet service,No internet service,No internet service,Two year,No,Mailed check,23.13,1557.44,No
1745-DQWLA,Female,0,Yes,No,54,Yes,No,Fiber optic,Yes,Yes,No,No,No,No,Two year,No,Electronic check,84.13,4530.52,No
5131-NACVL,Female,1,No,Yes,70,Yes,Yes,No,No internet service,No internet service,No internet service,No internet service,No internet service,No internet service,Month-to-month,Yes,Electronic check,18.25,1276.28,No
2531-ESMXP,Male,0,No,No,72,Yes,No,Fiber optic,No,Yes,No,No,No,Yes,Month-to-month,No,Mailed check,85.96,6184.43,No
3825-XCNDY,Female,1,Yes,No,41,Yes,Yes,Fiber optic,No,No,Yes,No,Yes,No,Month-to-month,No,Mailed check,85.01,3498.02,No
8591-JUDCE,Female,1,Yes,No,28,Yes,Yes,DSL,No,No,No,No,Yes,No,Month-to-month,Yes,Mailed check,46.83,1309.84,No
1505-ENTTY,Male,0,No,No,34,Yes,Yes,Fiber optic,No,No,No,No,Yes,No,One year,Yes,Electronic check,80.88,2737.6,No
1192-LDLGE,Female,0,No,No,44,Yes,Yes,Fiber optic,No,Yes,Yes,No,Yes,No,Month-to-month,No,Bank transfer (automatic),78.33,3446.76,No
8733-ZWBFZ,Male,0,Yes,No,28,Yes,No,No,No internet service,No internet service,No internet service,No internet service,No internet service,No internet service,One year,Yes,Bank transfer (automatic),24.87,681.78,No
5833-NAJXR,Male,0,No,Yes,69,Yes,Yes,DSL,Yes,Yes,Yes,Yes,Yes,Yes,Month-to-month,Yes,Electronic check,89.11,6154.54,No
8143-MWJKD,Male,0,Yes,Yes,2,Yes,Yes,Fiber optic,No,Yes,Yes,No,Yes,No,Month-to-month,Yes,Electronic check,93.44,169.35,No
7576-DQBAD,Male,0,Yes,No,56,Yes,No,Fiber optic,No,No,No,No,No,Yes,Two year,No,Mailed check,79.31,4442.16,No
8849-FJDTN,Male,0,Yes,No,65,Yes,Yes,Fiber optic,No,Yes,No,No,Yes,Yes,Month-to-month,Yes,Electronic check,89.87,5849.24,No
7579-ZZXKK,Female,0,No,Yes,21,Yes,Yes,DSL,No,No,No,No,No,Yes,Two year,No,Electronic check,48.73,1016.65,No
4973-NKTNW,Male,1,Yes,No,26,Yes,No,Fiber optic,No,No,No,No,No,Yes,Month-to-month,Yes,Mailed check,74.92,1963.28,Yes
5559-EDQUG,Male,0,No,No,21,Yes,No,No,No internet service,No internet service,No internet service,No internet service,No internet service,No internet service,One year,Yes,Bank transfer (automatic),20.42,429.24,No
7593-JJJJF,Female,0,Yes,No,48,Yes,Yes,No,No internet service,No internet service,No internet service,No internet service,No internet service,No internet service,Month-to-month,No,Bank transfer (automatic),20.93,986.97,No
7721-NCFYG,Male,0,No,Yes,23,Yes,Yes,Fiber optic,No,No,Yes,Yes,No,No,One year,Yes,Mailed check,84.16,1929.65,No
9447-QGBFC,Female,0,No,No,26,Yes,Yes,No,No internet service,No internet service,No internet service,No internet service,No internet service,No internet service,Month-to-month,No,Bank transfer (automatic),18.25,487.29,Yes
2471-GPPQQ,Female,0,No,No,35,Yes,Yes,No,No internet service,No internet service,No internet service,No internet service,No internet service,No internet service,Month-to-month,Yes,Electronic check,23.6,827.27,No
1365-FFQTN,Female,0,No,No,16,Yes,Yes,Fiber optic,No,Yes,Yes,No,Yes,No,One year,Yes,Bank transfer (automatic),89.4,1400.34,No
7957-TGPHT,Male,1,No,Yes,55,Yes,Yes,Fiber optic,No,Yes,No,No,Yes,No,Month-to-month,Yes,Mailed check,81.65,4501.85,No
7955-GKFPV,Male,0,No,No,9,Yes,Yes,Fiber optic,No,Yes,Yes,Yes,No,No,Month-to-month,No,Electronic check,91.09,819.06,Yes
2402-RGLKS,Male,0,Yes,No,53,Yes,Yes,DSL,No,Yes,Yes,No,No,No,Two year,No,Mailed check,54.24,2877.11,No
1329-ZLBFG,Female,1,Yes,No,37,Yes,Yes,Fiber optic,No,Yes,Yes,No,Yes,No,Month-to-month,No,Bank transfer (automatic),92.14,3398.85,Yes
1394-PBBVU,Male,1,No,Yes,3,Yes,No,Fiber optic,No,No,No,Yes,No,No,Two year,Yes,Electronic check,73.48,217.85,Yes
4684-HQQLV,Male,0,Yes,No,49,Yes,Yes,DSL,No,No,Yes,No,Yes,Yes,Month-to-month,Yes,Credit card (automatic),65.58,3208.13,Yes
9856-NZSYL,Male,0,Yes,Yes,60,Yes,Yes,No,No internet service,No internet service,No internet service,No internet service,No internet service,No internet service,One year,No,Bank transfer (automatic),20.33,1221.6,No
1447-QRXUT,Female,0,No,Yes,20,Yes,Yes,DSL,No,Yes,No,No,No,Yes,Month-to-month,Yes,Electronic check,54.69,1095.22,No
6832-XAUGC,Female,0,Yes,Yes,35,Yes,Yes,DSL,No,Yes,No,No,No,No,Two year,No,Credit card (automatic),49.46,1743.35,No
9525-JGLGH,Male,0,No,Yes,45,Yes,No,Fiber optic,Yes,Yes,Yes,Yes,No,Yes,Month-to-month,No,Credit card (automatic),92.24,4156.8,Yes
4782-RMLHN,Male,0,Yes,No,70,No,No phone service,Fiber optic,Yes,No,No,No,No,Yes,Two year,No,Electronic check,80.1,5612.42,No
2220-JVFDB,Male,1,No,Yes,43,No,No phone service,DSL,No,No,No,No,No,No,One year,No,Electronic check,50.98,2195.17,No
6375-YSXDA,Male,0,No,No,63,Yes,Yes,DSL,Yes,No,No,Yes,Yes,No,Two year,No,Mailed check,67.6,4260.06,No
4353-ULJNQ,Female,0,No,No,17,Yes,No,DSL,Yes,No,Yes,Yes,No,Yes,One year,Yes,Credit card (automatic),63.11,1087.75,No
1108-DZMGE,Female,0,Yes,No,12,Yes,Yes,DSL,No,No,Yes,No,Yes,Yes,Two year,No,Bank transfer (automatic),70.88,848.15,No
7246-ZTXNP,Female,0,No,No,12,Yes,No,DSL,Yes,Yes,No,No,No,Yes,Two year,Yes,Credit card (automatic),61.9,731.03,No
6239-RZNTQ,Female,0,No,No,24,Yes,Yes,Fiber optic,Yes,Yes,Yes,No,No,Yes,Month-to-month,No,Electronic check,95.33,2270.86,No
7670-JATRH,Male,0,No,No,4,Yes,No,DSL,Yes,No,Yes,No,Yes,No,One year,Yes,Credit card (automatic),62.96,240.68,No
5184-WSGUS,Male,0,No,No,38,Yes,Yes,DSL,No,No,Yes,Yes,Yes,No,Month-to-month,Yes,Electronic check,73.84,2817.74,No
7200-WKGKF,Male,0,Yes,No,28,Yes,Yes,Fiber optic,No,No,No,No,No,Yes,Month-to-month,No,Credit card (automatic),72.04,2016.01,Yes
6142-ZDXFU,Female,0,No,No,56,Yes,Yes,Fiber optic,No,No,No,Yes,No,No,Month-to-month,Yes,Electronic check,75.38,4224.54,Yes
4009-HDZXS,Male,0,No,No,45,Yes,No,Fiber optic,Yes,No,Yes,Yes,No,Yes,Month-to-month,Yes,Mailed check,100.19,4503.78,No
9909-NJPWC,Female,0,Yes,No,32,No,No phone service,DSL,No,Yes,Yes,No,Yes,No,Two year,Yes,Credit card (automatic),71.34,2283.46,No
1109-CBXAR,Female,0,No,No,9,Yes,No,DSL,No,Yes,Yes,No,No,Yes,Two year,Yes,Credit card (automatic),66.87,597.14,No
4603-CRHUG,Male,0,No,Yes,57,Yes,Yes,No,No internet service,No internet service,No internet service,No internet service,No internet service,No internet service,Month-to-month,No,Credit card (automatic),18.25,1038.68,No
7000-DQBMY,Male,1,No,Yes,24,Yes,No,Fiber optic,Yes,No,No,No,Yes,No,Two year,Yes,Electronic check,82.93,1991.96,No
7716-HYKNB,Male,0,Yes,No,38,Yes,Yes,No,No internet service,No internet service,No internet service,No internet service,No internet service,No internet service,Two year,Yes,Bank transfer (automatic),21.3,811.29,No
9961-KQSDX,Female,0,No,Yes,15,Yes,No,Fiber optic,No,Yes,No,No,No,Yes,Two year,Yes,Electronic check,87.75,1302.24,Yes
4609-TZMHK,Male,1,No,No,59,Yes,Yes,Fiber optic,No,No,No,Yes,No,No,Month-to-month,Yes,Mailed check,77.92,4597.19,No
1624-UZZRJ,Female,1,No,Yes,27,Yes,No,No,No internet service,No internet service,No internet service,No internet service,No internet service,No internet service,Two year,Yes,Credit card (automatic),19.16,507.46,No
5314-WFCGU,Male,0,No,No,43,Yes,No,No,No internet service,No internet service,No internet service,No internet service,No internet service,No internet service,Two year,Yes,Mailed check,21.13,897.32,No
2064-FDJWB,Female,0,No,No,57,Yes,No,Fiber optic,No,Yes,Yes,No,Yes,No,One year,No,Electronic check,85.76,4889.47,Yes
4566-DRLJK,Female,0,No,Yes,31,Yes,No,DSL,No,No,No,No,Yes,No,Month-to-month,No,Electronic check,47.94,1474.11,No
6697-HUGQD,Male,0,No,No,62,Yes,Yes,Fiber optic,No,No,No,No,Yes,No,Month-to-month,Yes,Credit card (automatic),78.53,4856.75,Yes
8518-KRPQC,Female,0,Yes,No,44,Yes,No,Fiber optic,No,Yes,No,Yes,Yes,Yes,Two year,No,Electronic check,95.83,4208.17,No
3331-MVKZM,Female,0,Yes,No,52,Yes,No,No,No internet service,No internet service,No internet service,No internet service,No internet service,No internet service,Two year,No,Credit card (automatic),19.06,979.69,No
3813-RTDEL,Male,0,Yes,No,60,Yes,Yes,Fiber optic,Yes,No,No,No,No,No,Month-to-month,Yes,Electronic check,78.87,4707.31,Yes
9420-FYCBC,Female,0,Yes,Yes,49,Yes,No,DSL,Yes,No,Yes,Yes,No,Yes,Month-to-month,No,Electronic check,69.07,3384.07,Yes
5609-NJAWK,Male,0,Yes,No,26,Yes,No,Fiber optic,No,Yes,No,No,No,No,Month-to-month,Yes,Bank transfer (automatic),70.97,1848.31,Yes
1070-YUBTJ,Female,0,Yes,Yes,25,Yes,Yes,DSL,Yes,No,Yes,No,No,No,Month-to-month,No,Electronic check,61.66,1554.31,No
4341-KZXGH,Male,0,No,No,2,Yes,No,Fiber optic,No,No,Yes,No,No,No,Month-to-month,Yes,Credit card (automatic),77.54,153.74,No
7153-LRDVB,Male,0,Yes,No,38,Yes,No,Fiber optic,Yes,Yes,Yes,Yes,No,No,Two year,No,Electronic check,89.76,3407.69,No
2900-XSHHW,Female,0,Yes,No,64,Yes,No,DSL,No,Yes,No,No,No,No,Month-to-month,Yes,Mailed check,47.67,3053.68,No
4912-GRURK,Female,0,Yes,No,34,Yes,Yes,No,No internet service,No internet service,No internet service,No internet service,No internet service,No internet service,Month-to-month,Yes,Credit card (automatic),18.25,629.6,No
9604-ZTPTK,Female,0,No,No,52,Yes,Yes,Fiber optic,No,No,No,Yes,No,No,Month-to-month,No,Mailed check,76.61,3997.62,Yes
1267-MCWPX,Female,1,Yes,Yes,45,Yes,Yes,No,No internet service,No internet service,No internet service,No internet service,No internet service,No internet service,One year,Yes,Bank transfer (automatic),18.25,824.01,Yes
6664-KRTLX,Female,0,Yes,No,67,No,No phone service,Fiber optic,Yes,No,Yes,Yes,No,Yes,Month-to-month,No,Electronic check,95.31,6401.43,No
5549-CPULG,Male,0,Yes,No,21,Yes,No,No,No internet service,No internet service,No internet service,No internet service,No internet service,No internet service,One year,No,Mailed check,18.25,397.24,No
3792-NDNKZ,Female,1,No,Yes,59,Yes,No,Fiber optic,No,No,No,No,Yes,Yes,Month-to-month,No,Mailed check,79.17,4664.94,Yes
3575-EFUZK,Male,0,No,No,5,Yes,Yes,No,No internet service,No internet service,No internet service,No internet service,No internet service,No internet service,Month-to-month,Yes,Mailed check,21.23,78.05,No
5433-MQYXT,Male,0,No,No,51,Yes,No,Fiber optic,No,Yes,No,No,No,No,Month-to-month,No,Mailed check,80.81,4110.97,Yes
8698-FQCGY,Female,1,Yes,Yes,72,Yes,Yes,DSL,Yes,No,No,Yes,Yes,No,One year,Yes,Bank transfer (automatic),57.73,4151.54,No
5525-NUDZG,Male,0,No,No,72,Yes,No,DSL,Yes,No,Yes,Yes,Yes,Yes,Month-to-month,Yes,Mailed check,76.25,5483.51,No
7018-DEQLS,Male,0,No,No,28,Yes,No,No,No internet service,No internet service,No internet service,No internet service,No internet service,No internet service,Month-to-month,Yes,Electronic check,18.25,507.4,No
7279-SJKEK,Male,0,Yes,Yes,42,Yes,No,Fiber optic,No,No,Yes,Yes,Yes,Yes,Month-to-month,Yes,Bank transfer (automatic),95.23,3988.97,No
1585-EXZZR,Male,0,Yes,No,33,Yes,No,DSL,Yes,No,No,No,No,Yes,Month-to-month,No,Electronic check,54.93,1818.44,No
4763-LNGKQ,Female,0,Yes,No,30,Yes,Yes,Fiber optic,No,Yes,No,Yes,No,No,Month-to-month,Yes,Electronic check,87.13,2607.02,Yes
4512-BYHGV,Male,0,No,No,45,Yes,No,DSL,No,Yes,No,No,No,Yes,Two year,No,Electronic check,62.67,2818.2,No
8105-UQELH,Female,0,Yes,No,3,Yes,Yes,No,No internet service,No internet service,No internet service,No internet service,No internet service,No internet service,Two year,Yes,Mailed check,22.23,65.47,Yes
7292-GGKAT,Female,0,Yes,No,1,Yes,No,Fiber optic,No,No,No,No,Yes,Yes,Month-to-month,No,Credit card (automatic),85.06,88.91,Yes
1110-HZTPF,Male,0,No,No,4,Yes,No,DSL,No,No,No,Yes,Yes,No,One year,No,Electronic check,62.67,256.75,No
9404-DGEBZ,Female,0,No,Yes,45,Yes,No,DSL,No,Yes,No,No,No,No,Month-to-month,Yes,Electronic check,55.79,2517.37,No
6773-QNFPQ,Female,0,No,No,18,Yes,No,Fiber optic,Yes,No,No,No,No,No,One year,Yes,Electronic check,83.44,1508.87,Yes
5735-QKLSZ,Female,0,No,Yes,37,Yes,Yes,No,No internet service,No internet service,No internet service,No internet service,No internet service,No internet service,Month-to-month,No,Bank transfer (automatic),18.25,694.56,No
2141-QUSRT,Male,0,No,No,58,Yes,No,Fiber optic,No,Yes,No,No,Yes,No,Month-to-month,Yes,Bank transfer (automatic),78.68,4563.9,No
5212-ELKBZ,Female,0,No,No,71,Yes,No,Fiber optic,No,No,Yes,No,Yes,No,Two year,Yes,Electronic check,88.57,6290.06,No
9588-BQCRB,Female,0,Yes,Yes,19,Yes,Yes,Fiber optic,No,Yes,No,No,Yes,No,Month-to-month,Yes,Bank transfer (automatic),85.14,1618.22,No
5282-LYQAB,Female,0,Yes,No,67,Yes,No,Fiber optic,No,No,Yes,No,Yes,No,Month-to-month,No,Electronic check,80.86,5418.03,Yes
8114-YQTTH,Male,1,No,No,52,Yes,Yes,No,No internet service,No internet service,No internet service,No internet service,No internet service,No internet service,Month-to-month,No,Electronic check,18.25,947.15,No
8704-CSQFX,Female,0,No,Yes,54,Yes,No,Fiber optic,No,Yes,No,Yes,Yes,Yes,Month-to-month,Yes,Electronic check,88.48,4770.82,No
7459-WSRHD,Male,0,No,Yes,38,Yes,No,DSL,No,Yes,Yes,No,Yes,Yes,Two year,Yes,Electronic check,73.17,2770.88,No
9705-ZGXYY,Male,0,Yes,No,35,Yes,No,DSL,Yes,Yes,Yes,No,Yes,No,Two year,Yes,Mailed check,67.2,2355.03,No
3995-LEBCX,Male,1,Yes,Yes,57,Yes,Yes,Fiber optic,No,No,Yes,No,No,Yes,One year,Yes,Electronic check,84.42,4799.96,No
6548-NWMRS,Male,0,Yes,No,14,Yes,Yes,Fiber optic,No,Yes,Yes,Yes,No,Yes,Two year,Yes,Electronic check,97.72,1363.95,No
6961-URELQ,Male,0,No,No,0,Yes,No,Fiber optic,No,Yes,No,No,No,No,Month-to-month,Yes,Bank transfer (automatic),69.6, ,No
3767-KFJLV,Male,0,No,No,8,Yes,No,Fiber optic,No,No,No,No,Yes,Yes,Month-to-month,Yes,Electronic check,84.72,676.68,No
5238-DDVML,Female,0,No,Yes,22,Yes,No,Fiber optic,Yes,Yes,No,No,Yes,Yes,Month-to-month,No,Electronic check,102.63,2254.56,Yes
6105-EATWC,Male,0,No,No,51,Yes,Yes,DSL,No,Yes,Yes,Yes,No,No,Two year,No,Credit card (automatic),64.85,3310.16,No
5108-MRJQH,Female,0,Yes,Yes,25,Yes,No,Fiber optic,Yes,No,Yes,No,Yes,Yes,One year,No,Bank transfer (automatic),92.11,2311.46,Yes
8689-UMDRA,Female,1,Yes,No,59,Yes,Yes,Fiber optic,No,No,No,No,Yes,No,Month-to-month,No,Mailed check,75.63,4450.55,No
7065-PTUPU,Male,0,Yes,No,17,No,No phone service,No,No internet service,No internet service,No internet service,No internet service,No internet service,No internet service,Month-to-month,No,Bank transfer (automatic),18.25,311.09,Yes
4648-ZVXLU,Female,0,No,No,57,Yes,No,DSL,No,Yes,Yes,Yes,No,No,Two year,No,Mailed check,54.82,3105.76,No
7854-BCLVN,Female,1,Yes,No,64,No,No phone service,DSL,Yes,Yes,No,No,No,Yes,Month-to-month,Yes,Credit card (automatic),61.16,3921.27,No
1864-XUAHR,Female,0,No,No,68,Yes,Yes,DSL,No,Yes,No,No,Yes,Yes,Month-to-month,Yes,Electronic check,59.69,4057.33,No
9899-WRECU,Female,0,No,No,13,Yes,No,DSL,No,No,No,No,No,Yes,Month-to-month,Yes,Electronic check,56.2,742.5,No
5552-EUHJZ,Male,0,Yes,Yes,45,No,No phone service,Fiber optic,Yes,No,No,Yes,Yes,No,Two year,No,Electronic check,79.11,3571.54,No
5136-VFZAK,Female,0,Yes,No,68,No,No phone service,Fiber optic,Yes,No,No,No,Yes,Yes,Two year,Yes,Electronic check,97.63,6637.82,No
1540-HCQHQ,Male,0,Yes,Yes,31,Yes,No,Fiber optic,No,No,No,No,No,No,Month-to-month,No,Electronic check,76.22,2355.06,Yes
1528-HARUF,Female,0,No,No,50,Yes,No,Fiber optic,No,No,No,Yes,No,No,Month-to-month,Yes,Credit card (automatic),75.02,3752.58,Yes
6438-PLJLC,Female,0,Yes,No,68,Yes,Yes,DSL,No,No,No,No,No,Yes,Two year,Yes,Mailed check,53.34,3628.97,No
6150-JSGZK,Male,0,Yes,No,14,Yes,No,Fiber optic,No,Yes,Yes,No,No,Yes,Month-to-month,Yes,Electronic check,93.43,1306.07,Yes
8451-HPLVP,Female,0,No,No,52,Yes,No,DSL,No,Yes,No,No,No,Yes,Month-to-month,Yes,Credit card (automatic),54.72,2853.14,No
8337-ZVKSP,Female,0,No,Yes,70,Yes,Yes,DSL,Yes,No,Yes,Yes,No,Yes,One year,No,Electronic check,58.2,4089.72,No
7545-AXAJL,Female,0,No,No,68,Yes,Yes,No,No internet service,No internet service,No internet service,No internet service,No internet service,No internet service,One year,Yes,Electronic check,22.43,1529.79,No
8405-CSHPD,Male,0,No,Yes,14,Yes,Yes,DSL,No,Yes,No,Yes,No,No,Month-to-month,Yes,Credit card (automatic),57.31,805.77,No
6899-FYESU,Female,0,No,Yes,29,No,No phone service,DSL,Yes,No,Yes,No,No,Yes,One year,No,Credit card (automatic),72.64,2121.52,No
9973-DMGDD,Male,0,No,Yes,23,Yes,Yes,Fiber optic,Yes,Yes,Yes,No,Yes,No,One year,No,Mailed check,100.91,2326.14,No
2795-ZKWAW,Female,1,Yes,No,34,Yes,No,Fiber optic,Yes,No,No,No,Yes,No,Month-to-month,Yes,Credit card (automatic),76.15,2590.12,No
9224-DBLDE,Male,0,Yes,No,68,Yes,No,DSL,No,No,No,No,Yes,No,Two year,Yes,Electronic check,50.31,3418.7,No
3387-NBNCA,Male,0,No,No,11,Yes,No,DSL,No,No,Yes,No,No,Yes,Two year,No,Credit card (automatic),60.25,649.09,No
4794-YKXXA,Female,0,No,Yes,45,Yes,No,Fiber optic,No,No,No,Yes,Yes,Yes,Month-to-month,Yes,Credit card (automatic),87.57,3948.77,Yes
7827-VALFL,Female,0,No,No,68,Yes,No,No,No internet service,No internet service,No internet service,No internet service,No internet service,No internet service,Month-to-month,No,Bank transfer (automatic),20.75,1420.96,Yes
3500-VZDKL,Male,0,No,No,35,Yes,No,No,No internet service,No internet service,No internet service,No internet service,No internet service,No internet service,Month-to-month,Yes,Credit card (automatic),20.99,725.01,Yes
3137-RPXKM,Male,0,No,No,47,Yes,Yes,No,No internet service,No internet service,No internet service,No internet service,No internet service,No internet service,Month-to-month,Yes,Mailed check,22.9,1069.77,No
5843-STMPZ,Female,0,Yes,Yes,66,Yes,No,Fiber optic,No,No,No,No,Yes,No,Month-to-month,Yes,Electronic check,75.44,4962.49,No
4559-PXDJR,Male,0,Yes,No,53,Yes,Yes,DSL,No,No,No,Yes,Yes,No,Month-to-month,Yes,Bank transfer (automatic),57.1,3022.03,No
7907-PLEGM,Female,1,Yes,No,35,Yes,No,DSL,No,No,No,No,Yes,No,Month-to-month,Yes,Bank transfer (automatic),47.89,1684.22,Yes
7604-VTGSK,Female,0,No,Yes,51,Yes,Yes,DSL,No,No,No,No,No,No,Month-to-month,No,Bank transfer (automatic),47.99,2449.69,No
8399-QXBSW,Female,0,Yes,No,21,Yes,No,DSL,Yes,No,No,No,Yes,No,One year,Yes,Bank transfer (automatic),57.27,1208.56,No
1375-HKNVC,Female,0,Yes,Yes,37,Yes,No,Fiber optic,No,No,No,No,Yes,No,Month-to-month,Yes,Electronic check,80.07,2957.55,No
2048-YKWMV,Male,0,Yes,No,61,Yes,Yes,Fiber optic,No,No,No,No,Yes,Yes,One year,Yes,Bank transfer (automatic),88.05,5364.39,No
2048-RHMHL,Female,0,Yes,Yes,64,Yes,Yes,DSL,No,Yes,Yes,No,No,Yes,Month-to-month,No,Bank transfer (automatic),64.86,4158.99,No
2965-QDVAZ,Male,0,Yes,Yes,2,No,No phone service,Fiber optic,No,No,No,No,Yes,No,Month-to-month,Yes,Electronic check,76.7,150.99,Yes
9497-SJMCU,Female,0,Yes,No,7,Yes,No,DSL,Yes,Yes,No,Yes,No,Yes,Two year,Yes,Electronic check,66.93,462.74,No
5626-XZCUB,Male,0,No,No,38,Yes,No,Fiber optic,No,No,No,Yes,No,Yes,One year,Yes,Mailed check,76.25,2898.33,No
8970-LMCJE,Female,0,Yes,No,17,Yes,No,Fiber optic,No,No,No,Yes,Yes,Yes,Month-to-month,No,Electronic check,87.41,1475.61,Yes
8866-JBKAE,Male,0,Yes,No,2,No,No phone service,DSL,No,Yes,No,Yes,No,No,Month-to-month,Yes,Bank transfer (automatic),52.83,111.73,No
2351-EQJSH,Male,0,No,No,17,Yes,Yes,Fiber optic,Yes,Yes,Yes,No,Yes,No,Month-to-month,No,Mailed check,99.39,1686.2,Yes
3441-ZYNPC,Female,0,No,No,0,Yes,No,No,No internet service,No internet service,No internet service,No internet service,No internet service,No internet service,Month-to-month,No,Credit card (automatic),23.83, ,No
9861-HXCMU,Female,1,Yes,No,25,Yes,Yes,Fiber optic,No,No,No,Yes,No,Yes,Two year,Yes,Credit card (automatic),81.47,2015.04,No
8549-NPCHD,Female,0,Yes,No,51,Yes,No,Fiber optic,No,No,No,No,Yes,Yes,Two year,Yes,Credit card (automatic),82.34,4196.51,No
9710-XGDDU,Female,0,No,No,11,Yes,No,Fiber optic,No,No,Yes,No,Yes,Yes,Month-to-month,No,Bank transfer (automatic),86.1,944.66,Yes
1253-JRTLD,Male,0,Yes,No,37,Yes,No,No,No internet service,No internet service,No internet service,No internet service,No internet service,No internet service,Two year,Yes,Bank transfer (automatic),23.44,864.43,No
5694-UEDRJ,Female,0,Yes,Yes,40,Yes,Yes,DSL,Yes,Yes,No,Yes,No,No,Month-to-month,No,Electronic check,66.1,2628.0,No
4541-BUVJL,Male,1,Yes,No,52,Yes,Yes,No,No internet service,No internet service,No internet service,No internet service,No internet service,No internet service,Month-to-month,Yes,Bank transfer (automatic),21.63,1127.03,No
7030-EVCEU,Male,0,Yes,Yes,12,Yes,No,Fiber optic,No,No,Yes,No,No,Yes,Month-to-month,No,Credit card (automatic),85.73,1035.05,No
8811-MEGMX,Female,0,No,No,12,Yes,Yes,No,No internet service,No internet service,No internet service,No internet service,No internet service,No internet service,Month-to-month,No,Electronic check,20.62,233.32,No
5489-RDRXU,Male,0,No,No,17,Yes,No,No,No internet service,No internet service,No internet service,No internet service,No internet service,No internet service,Month-to-month,Yes,Credit card (automatic),19.05,320.24,No
7436-HFVZB,Male,0,No,No,18,Yes,No,Fiber optic,No,No,No,No,No,No,One year,Yes,Mailed check,66.03,1177.34,No
6753-EBKBN,Male,0,No,Yes,18,Yes,Yes,DSL,No,No,Yes,No,No,Yes,Two year,No,Credit card (automatic),65.46,1173.25,Yes
5117-QMPNH,Male,0,Yes,No,69,Yes,Yes,Fiber optic,No,No,No,Yes,Yes,Yes,Month-to-month,No,Mailed check,79.69,5484.8,No
9785-XEMRF,Female,0,No,Yes,47,Yes,Yes,No,No internet service,No internet service,No internet service,No internet service,No internet service,No internet service,Month-to-month,Yes,Bank transfer (automatic),18.25,866.3,No
2575-FLDXG,Female,0,Yes,No,70,No,No phone service,Fiber optic,Yes,No,No,No,No,No,Month-to-month,Yes,Credit card (automatic),80.47,5619.13,No
7022-ZNZSB,Female,0,Yes,No,70,Yes,No,No,No internet service,No internet service,No internet service,No internet service,No internet service,No internet service,Month-to-month,Yes,Bank transfer (automatic),19.38,1348.65,No
9353-JVTKY,Female,1,No,Yes,27,Yes,Yes,Fiber optic,Yes,Yes,No,No,Yes,No,Month-to-month,No,Mailed check,86.77,2335.23,No
5445-CPFSU,Male,0,No,No,18,Yes,Yes,No,No internet service,No internet service,No internet service,No internet service,No internet service,No internet service,Month-to-month,Yes,Electronic check,18.25,334.08,Yes
2332-XZTQD,Male,0,Yes,Yes,47,Yes,No,Fiber optic,No,Yes,No,No,Yes,Yes,Month-to-month,No,Electronic check,90.79,4274.55,No
7622-XENJZ,Female,0,No,No,28,Yes,No,Fiber optic,No,No,No,Yes,Yes,Yes,Month-to-month,Yes,Electronic check,82.58,2316.13,Yes
8369-UAGMB,Female,0,Yes,No,47,Yes,No,Fiber optic,Yes,No,No,Yes,No,Yes,Two year,Yes,Bank transfer (automatic),89.41,4196.29,No
3431-QZQPZ,Female,0,Yes,Yes,18,Yes,No,DSL,No,No,Yes,No,No,No,Month-to-month,Yes,Mailed check,52.34,922.55,No
1969-QPCGE,Male,0,Yes,Yes,46,Yes,No,Fiber optic,No,No,Yes,Yes,Yes,No,One year,Yes,Mailed check,87.55,4022.18,No
4100-KRXLS,Female,0,No,No,59,No,No phone service,Fiber optic,No,No,Yes,No,Yes,No,Month-to-month,No,Electronic check,88.56,5211.11,Yes
6225-LDTVA,Female,1,No,No,47,Yes,No,DSL,No,No,No,Yes,Yes,Yes,Month-to-month,Yes,Electronic check,65.5,3077.89,Yes
8176-AZDJW,Female,0,No,Yes,19,Yes,Yes,Fiber optic,Yes,Yes,No,No,Yes,No,Month-to-month,Yes,Mailed check,98.21,1867.21,Yes
9380-FJPUX,Male,0,Yes,Yes,18,Yes,No,Fiber optic,No,Yes,No,No,Yes,Yes,Month-to-month,Yes,Electronic check,82.03,1461.81,Yes
8276-EENRV,Male,0,Yes,No,41,No,No phone service,DSL,No,Yes,No,No,Yes,Yes,One year,Yes,Bank transfer (automatic),61.14,2515.53,No
8393-BUYWH,Male,0,No,Yes,48,Yes,No,Fiber optic,Yes,No,Yes,No,No,Yes,Month-to-month,Yes,Credit card (automatic),89.46,4300.91,No
9043-CJUJH,Male,0,Yes,No,14,Yes,Yes,Fiber optic,No,Yes,Yes,No,No,Yes,One year,No,Bank transfer (automatic),94.83,1326.46,Yes
5216-GJUHL,Male,0,Yes,No,59,Yes,Yes,No,No internet service,No internet service,No internet service,No internet service,No internet service,No internet service,One year,Yes,Electronic check,19.04,1126.19,Yes
4701-FWZTL,Male,0,No,Yes,67,Yes,No,DSL,No,Yes,No,No,Yes,No,Two year,Yes,Electronic check,52.56,3534.0,No
2006-FDTJX,Male,1,No,No,26,Yes,No,Fiber optic,No,No,No,Yes,No,No,One year,Yes,Bank transfer (automatic),73.9,1917.47,No
9278-JPXEQ,Male,0,Yes,No,54,Yes,Yes,DSL,Yes,Yes,No,Yes,No,Yes,One year,No,Bank transfer (automatic),75.65,4095.72,Yes
9536-KFUCC,Female,0,Yes,No,14,Yes,No,DSL,No,No,No,No,No,No,One year,No,Bank transfer (automatic),41.74,582.62,No
9823-YXFPQ,Female,0,Yes,No,51,Yes,Yes,Fiber optic,Yes,No,No,No,Yes,No,Two year,No,Credit card (automatic),79.0,4016.12,No
6456-HEGXB,Male,0,No,No,30,Yes,No,DSL,Yes,No,Yes,No,No,No,Two year,No,Electronic check,51.32,1536.76,No
8613-EFNPX,Male,0,No,No,6,Yes,No,DSL,Yes,No,Yes,No,Yes,No,One year,Yes,Electronic check,60.95,370.0,No
1601-HEPML,Female,0,No,Yes,12,Yes,No,Fiber optic,Yes,Yes,Yes,No,Yes,Yes,Month-to-month,Yes,Bank transfer (automatic),99.56,1189.62,Yes
9945-JWUUA,Male,0,Yes,No,53,Yes,No,Fiber optic,No,No,Yes,No,No,No,Month-to-month,Yes,Electronic check,75.89,4045.27,Yes
2218-BPZWP,Male,0,Yes,No,12,Yes,No,Fiber optic,No,No,Yes,Yes,No,No,One year,Yes,Electronic check,88.03,1066.32,No
1491-PLAVQ,Male,0,No,Yes,19,Yes,Yes,No,No internet service,No internet service,No internet service,No internet service,No internet service,No internet service,Two year,Yes,Electronic check,19.71,384.96,No
7203-GWBUH,Female,0,No,No,9,Yes,Yes,DSL,No,Yes,Yes,Yes,Yes,No,Two year,Yes,Electronic check,71.03,662.74,No
8893-NMCXF,Female,0,No,No,51,Yes,Yes,Fiber optic,No,Yes,Yes,No,No,No,Month-to-month,Yes,Bank transfer (automatic),80.15,4086.82,No
8437-XWDSR,Female,0,Yes,No,36,Yes,No,Fiber optic,Yes,No,Yes,Yes,Yes,Yes,One year,Yes,Electronic check,93.01,3344.91,No
4592-DADRM,Female,0,No,Yes,51,No,No phone service,No,No internet service,No internet service,No internet service,No internet service,No internet service,No internet service,One year,No,Credit card (automatic),18.32,942.92,No
5331-BRXBX,Female,0,No,No,26,Yes,No,Fiber optic,No,No,Yes,Yes,Yes,No,Month-to-month,Yes,Mailed check,88.43,2300.48,Yes
3441-DMDSX,Male,0,No,No,33,Yes,Yes,Fiber optic,Yes,No,Yes,Yes,Yes,No,Month-to-month,Yes,Mailed check,91.83,3023.81,No
1309-UTJSW,Female,0,No,No,61,Yes,No,Fiber optic,No,Yes,No,No,No,No,Month-to-month,No,Mailed check,77.49,4722.67,No
4682-CNFNR,Male,0,Yes,No,15,Yes,No,Fiber optic,Yes,Yes,Yes,Yes,No,No,Month-to-month,Yes,Electronic check,81.26,1200.03,Yes
9513-TKAQD,Male,0,Yes,No,58,Yes,No,Fiber optic,Yes,No,No,No,No,Yes,Month-to-month,No,Electronic check,87.6,5085.12,Yes
9145-UBMBA,Female,0,Yes,No,20,Yes,No,Fiber optic,No,Yes,Yes,No,No,No,Month-to-month,Yes,Electronic check,81.31,1633.92,Yes
9992-SLWEU,Female,0,No,Yes,15,Yes,No,DSL,No,No,No,Yes,No,No,Month-to-month,Yes,Credit card (automatic),47.93,736.21,No
1940-RBTNJ,Male,0,No,No,12,Yes,No,DSL,Yes,No,No,Yes,Yes,Yes,Month-to-month,Yes,Bank transfer (automatic),74.35,906.13,No
5557-GKYDC,Male,0,No,Yes,32,Yes,No,DSL,No,No,No,No,Yes,Yes,One year,Yes,Mailed check,60.83,1965.76,No
1628-NXQPX,Male,0,Yes,No,53,No,No phone service,No,No internet service,No internet service,No internet service,No internet service,No internet service,No internet service,Month-to-month,Yes,Electronic check,18.25,968.03,No
6064-MCJJK,Female,0,No,No,68,Yes,No,No,No internet service,No internet service,No internet service,No internet service,No internet service,No internet service,Month-to-month,No,Credit card (automatic),21.4,1458.32,No
1503-TUTCQ,Female,0,No,Yes,26,Yes,Yes,Fiber optic,No,No,No,No,No,No,Month-to-month,No,Bank transfer (automatic),66.06,1713.1,Yes
5067-GEDPF,Female,0,Yes,No,51,Yes,Yes,DSL,No,No,Yes,No,No,No,One year,Yes,Electronic check,53.55,2731.29,No
3276-VJSKV,Female,0,No,No,64,Yes,No,DSL,No,No,No,No,Yes,No,One year,No,Mailed check,47.34,3033.45,No
6875-UCTNY,Female,1,Yes,Yes,43,Yes,No,Fiber optic,No,No,No,No,No,Yes,Month-to-month,Yes,Bank transfer (automatic),69.42,2989.91,Yes
6124-YXMVB,Male,0,Yes,Yes,29,Yes,No,Fiber optic,No,Yes,Yes,No,Yes,Yes,Month-to-month,Yes,Electronic check,93.18,2694.83,No
5228-TWUFT,Female,0,Yes,Yes,22,No,No phone service,DSL,Yes,No,No,No,No,No,Two year,Yes,Mailed check,47.67,1050.97,No
3160-NHTNK,Male,0,No,Yes,15,Yes,Yes,No,No internet service,No internet service,No internet service,No internet service,No internet service,No internet service,Two year,Yes,Bank transfer (automatic),22.46,324.92,No
5188-APKWN,Male,0,No,No,54,Yes,No,Fiber optic,Yes,No,Yes,No,No,Yes,Two year,No,Electronic check,86.26,4663.32,No
7697-GZWVS,Male,0,Yes,No,17,Yes,Yes,DSL,No,Yes,No,No,Yes,No,Month-to-month,Yes,Electronic check,57.6,985.65,No
8999-VPVDG,Female,0,No,Yes,16,Yes,Yes,DSL,Yes,Yes,No,No,No,No,Month-to-month,Yes,Mailed check,59.04,955.65,Yes
4325-LERJC,Female,0,No,No,51,Yes,No,Fiber optic,No,Yes,No,Yes,No,No,Two year,Yes,Bank transfer (automatic),84.49,4304.36,No
9754-SGYXJ,Female,0,No,No,44,Yes,Yes,DSL,No,No,Yes,No,No,No,Two year,No,Mailed check,45.92,2037.57,No
5265-VMRJT,Male,0,Yes,No,55,Yes,No,Fiber optic,No,Yes,Yes,Yes,Yes,No,Month-to-month,Yes,Electronic check,92.99,5099.73,Yes
6429-TCZAR,Male,0,No,Yes,53,Yes,No,Fiber optic,Yes,No,Yes,No,Yes,No,One year,No,Credit card (automatic),86.88,4596.6,No
8707-GJCKM,Male,0,No,No,8,Yes,Yes,No,No internet service,No internet service,No internet service,No internet service,No internet service,No internet service,Month-to-month,Yes,Mailed check,18.95,165.13,No
8748-VCNPJ,Male,0,Yes,No,16,Yes,Yes,Fiber optic,No,Yes,No,No,No,Yes,Month-to-month,No,Electronic check,87.13,1390.2,Yes
8649-VZZPT,Male,0,Yes,No,26,Yes,No,Fiber optic,No,Yes,Yes,Yes,Yes,No,One year,Yes,Electronic check,94.38,2461.59,No
4246-TKADK,Male,1,No,No,36,No,No phone service,No,No internet service,No internet service,No internet service,No internet service,No internet service,No internet service,Month-to-month,Yes,Credit card (automatic),20.6,743.55,No
9892-SPHWC,Female,1,Yes,Yes,21,Yes,Yes,DSL,Yes,No,No,Yes,Yes,Yes,Two year,No,Bank transfer (automatic),76.08,1598.49,No
8510-KJWEL,Female,0,No,No,71,Yes,No,Fiber optic,No,Yes,No,No,Yes,No,Two year,No,Electronic check,86.64,6167.96,No
9255-QWPEY,Female,0,Yes,No,66,Yes,No,DSL,No,No,No,No,No,Yes,Month-to-month,Yes,Electronic check,53.39,3510.58,No
3347-LFBFJ,Female,1,No,No,37,Yes,Yes,Fiber optic,Yes,No,No,Yes,No,Yes,One year,Yes,Mailed check,90.6,3358.06,No
5596-KLJKB,Male,0,Yes,No,71,Yes,Yes,Fiber optic,No,No,Yes,No,No,No,Month-to-month,Yes,Electronic check,74.39,5277.43,Yes
2876-GLGKA,Male,0,Yes,No,43,Yes,Yes,Fiber optic,No,No,Yes,Yes,No,Yes,Month-to-month,No,Electronic check,91.54,3938.43,Yes
3913-XNPRQ,Female,1,Yes,No,35,Yes,Yes,DSL,No,No,Yes,Yes,No,No,One year,Yes,Bank transfer (automatic),61.24,2134.7,No
3310-LBGYY,Male,0,No,No,24,Yes,Yes,Fiber optic,Yes,No,Yes,No,No,Yes,Two year,No,Credit card (automatic),83.84,2012.6,No
1259-VWVCE,Female,0,No,Yes,41,Yes,Yes,No,No internet service,No internet service,No internet service,No internet service,No internet service,No internet service,One year,Yes,Electronic check,21.09,870.65,No
7743-XMYRL,Female,0,Yes,No,12,No,No phone service,No,No internet service,No internet service,No internet service,No internet service,No internet service,No internet service,Two year,Yes,Bank transfer (automatic),26.0,321.97,No
4635-XAVGJ,Female,0,Yes,No,55,Yes,Yes,DSL,No,No,No,Yes,No,No,Month-to-month,Yes,Bank transfer (automatic),48.35,2657.11,Yes
7562-FFNLS,Male,1,No,No,50,Yes,Yes,DSL,Yes,No,Yes,No,No,No,Month-to-month,No,Mailed check,60.6,3023.21,Yes
1901-LZLTQ,Female,0,Yes,No,49,Yes,No,DSL,Yes,No,Yes,No,No,No,Month-to-month,No,Bank transfer (automatic),52.87,2583.36,No
7743-MCNQX,Female,0,No,No,51,Yes,No,DSL,Yes,No,Yes,Yes,No,No,One year,No,Mailed check,62.8,3214.75,No
6877-WVTSK,Female,0,Yes,No,32,Yes,Yes,Fiber optic,Yes,Yes,No,Yes,Yes,No,One year,No,Electronic check,99.94,3197.69,Yes
7282-YJGJD,Male,0,No,No,24,Yes,No,Fiber optic,Yes,Yes,Yes,No,No,No,One year,Yes,Bank transfer (automatic),88.17,2111.95,Yes
2140-LTPMB,Male,0,No,Yes,57,Yes,No,DSL,No,No,Yes,No,Yes,Yes,Two year,No,Bank transfer (automatic),64.38,3677.54,Yes
2090-BHRGT,Female,0,No,Yes,39,Yes,No,DSL,No,Yes,No,No,No,Yes,Two year,Yes,Credit card (automatic),61.95,2416.48,No
6859-VSXMT,Male,1,No,Yes,37,No,No phone service,Fiber optic,No,Yes,Yes,No,No,No,Month-to-month,Yes,Electronic check,85.8,3167.39,Yes
5292-LCWHD,Male,0,Yes,No,2,Yes,Yes,Fiber optic,Yes,Yes,Yes,No,No,No,One year,Yes,Bank transfer (automatic),87.12,172.45,No
2109-MWGJP,Male,0,Yes,Yes,15,Yes,No,Fiber optic,No,No,No,No,No,No,One year,Yes,Bank transfer (automatic),68.13,1021.51,Yes
6686-FFWUS,Male,0,No,No,1,Yes,No,DSL,No,No,No,Yes,Yes,No,Two year,Yes,Electronic check,58.56,35.98,No
9381-FHSZR,Male,0,No,Yes,22,Yes,No,Fiber optic,No,No,No,No,Yes,Yes,Month-to-month,No,Bank transfer (automatic),88.32,1938.84,Yes
1369-TGSHD,Male,0,No,No,29,Yes,No,No,No internet service,No internet service,No internet service,No internet service,No internet service,No internet service,Two year,No,Mailed check,18.58,526.23,No
1498-VJWDY,Male,0,No,No,9,Yes,No,Fiber optic,No,No,No,No,Yes,No,Month-to-month,No,Bank transfer (automatic),76.81,697.87,Yes
7566-GZCNL,Male,0,No,No,64,Yes,No,Fiber optic,No,No,No,No,Yes,Yes,One year,Yes,Mailed check,83.21,5327.2,No
4080-RBYBK,Male,0,Yes,No,21,Yes,No,Fiber optic,Yes,Yes,Yes,Yes,No,Yes,Month-to-month,Yes,Credit card (automatic),102.95,2161.74,No
5777-QKUYN,Male,0,Yes,No,51,Yes,No,DSL,Yes,No,No,No,Yes,Yes,Month-to-month,Yes,Credit card (automatic),59.45,3048.07,No
2289-FBALW,Female,0,Yes,No,55,Yes,Yes,Fiber optic,Yes,No,Yes,No,No,Yes,One year,Yes,Bank transfer (automatic),96.71,5325.71,No
9958-TNUJL,Female,0,Yes,No,32,Yes,No,No,No internet service,No internet service,No internet service,No internet service,No internet service,No internet service,Two year,No,Bank transfer (automatic),22.33,698.33,No
3124-WETTL,Male,0,No,No,29,Yes,No,Fiber optic,No,No,No,Yes,No,No,Two year,Yes,Electronic check,76.34,2211.53,No
2436-QXKMT,Female,0,Yes,No,23,Yes,Yes,Fiber optic,Yes,No,No,No,Yes,Yes,Month-to-month,Yes,Credit card (automatic),80.24,1845.37,Yes
2537-GWYFM,Female,0,Yes,No,4,No,No phone service,Fiber optic,No,Yes,No,Yes,Yes,No,One year,Yes,Credit card (automatic),86.73,357.0,Yes
2349-XQBLU,Male,1,Yes,No,52,Yes,No,Fiber optic,No,Yes,No,No,No,Yes,One year,No,Electronic check,88.88,4625.74,No
9409-PRAVU,Male,0,Yes,No,54,Yes,No,No,No internet service,No internet service,No internet service,No internet service,No internet service,No internet service,Month-to-month,Yes,Bank transfer (automatic),24.55,1328.85,Yes
5635-ZZZMK,Male,0,Yes,Yes,22,No,No phone service,DSL,No,No,No,No,No,Yes,Month-to-month,No,Credit card (automatic),48.36,1069.8,Yes
4526-XXYRK,Female,0,No,Yes,9,Yes,No,No,No internet service,No internet service,No internet service,No internet service,No internet service,No internet service,Month-to-month,Yes,Bank transfer (automatic),20.34,159.96,Yes
2504-GZHEN,Female,0,Yes,No,32,Yes,Yes,Fiber optic,Yes,Yes,No,No,No,Yes,Month-to-month,No,Credit card (automatic),89.22,2843.6,Yes
8427-JXNZL,Male,0,No,No,61,Yes,No,DSL,Yes,No,Yes,No,Yes,Yes,One year,No,Bank transfer (automatic),62.82,3842.86,No
8039-DUTMY,Male,0,No,No,26,No,No phone service,Fiber optic,No,Yes,No,No,Yes,No,Two year,Yes,Mailed check,83.08,2158.31,Yes
6088-TTHNM,Male,0,No,No,6,Yes,No,Fiber optic,No,No,No,No,No,Yes,Two year,No,Credit card (automatic),81.9,483.43,No
6738-XXYWC,Female,0,Yes,No,26,Yes,No,DSL,Yes,Yes,Yes,Yes,No,Yes,Month-to-month,Yes,Credit card (automatic),78.67,2045.78,No
8602-TVSFU,Female,0,Yes,No,9,Yes,No,Fiber optic,Yes,No,No,Yes,No,No,Month-to-month,Yes,Electronic check,81.54,747.75,No
6065-KEQHR,Female,0,Yes,No,56,Yes,No,DSL,Yes,No,No,No,Yes,Yes,Two year,Yes,Electronic check,65.53,3668.2,No
6190-TDQVF,Female,0,Yes,No,29,Yes,No,Fiber optic,Yes,No,No,No,No,No,One year,No,Bank transfer (automatic),73.6,2142.75,No
3777-AZXWW,Male,0,No,No,2,Yes,Yes,Fiber optic,No,Yes,No,No,Yes,No,One year,Yes,Bank transfer (automatic),75.79,141.82,No
5930-XKNHU,Male,0,No,Yes,28,Yes,No,Fiber optic,Yes,No,No,No,Yes,Yes,Month-to-month,No,Credit card (automatic),96.85,2719.06,Yes
4502-WYYQY,Male,0,No,Yes,13,Yes,No,No,No internet service,No internet service,No internet service,No internet service,No internet service,No internet service,One year,No,Electronic check,19.89,246.6,No
6933-YLEXV,Male,0,Yes,No,24,Yes,No,No,No internet service,No internet service,No internet service,No internet service,No internet service,No internet service,Two year,Yes,Mailed check,19.09,428.33,No
1726-XUDKC,Female,0,No,No,9,Yes,No,No,No internet service,No internet service,No internet service,No internet service,No internet service,No internet service,Two year,No,Credit card (automatic),22.04,216.17,No
6680-ZNGGQ,Female,1,Yes,No,48,Yes,No,Fiber optic,Yes,No,Yes,No,Yes,Yes,Month-to-month,No,Credit card (automatic),96.97,4652.52,No
8613-BVQNW,Male,0,No,No,37,Yes,No,Fiber optic,No,Yes,No,No,Yes,Yes,Two year,Yes,Credit card (automatic),88.71,3301.88,No
7420-RGHDB,Male,0,No,No,70,Yes,Yes,Fiber optic,No,Yes,No,No,No,No,Month-to-month,No,Electronic check,75.6,5295.61,Yes
4797-SJSJT,Female,0,Yes,No,13,Yes,Yes,Fiber optic,No,No,Yes,Yes,Yes,No,One year,No,Electronic check,89.88,1169.95,No
2293-DCDZZ,Male,0,Yes,Yes,29,Yes,Yes,DSL,Yes,No,No,No,No,No,One year,No,Mailed check,48.95,1401.81,No
7775-HVXBY,Female,0,No,No,39,No,No phone service,Fiber optic,No,Yes,No,No,No,No,Month-to-month,Yes,Credit card (automatic),73.14,2855.55,Yes
7734-HDEUP,Male,0,Yes,No,11,Yes,Yes,Fiber optic,No,Yes,No,No,Yes,No,Month-to-month,Yes,Mailed check,72.85,824.26,Yes
2176-NHVTN,Male,0,Yes,Yes,13,Yes,No,Fiber optic,No,No,No,No,Yes,No,Two year,Yes,Electronic check,74.87,978.53,No
6947-TQPUW,Male,0,Yes,No,0,Yes,No,DSL,No,Yes,Yes,Yes,No,Yes,Month-to-month,Yes,Bank transfer (automatic),77.45, ,No
9930-LHXML,Male,0,Yes,No,67,Yes,No,DSL,No,No,Yes,Yes,Yes,No,Month-to-month,No,Credit card (automatic),62.92,4225.35,No
8471-FJJKQ,Male,0,No,No,48,Yes,Yes,DSL,No,Yes,Yes,No,No,Yes,Two year,Yes,Electronic check,65.03,3125.2,No
1975-MCEPF,Male,0,No,No,17,Yes,Yes,No,No internet service,No internet service,No internet service,No internet service,No internet service,No internet service,Two year,No,Mailed check,19.7,310.85,No
5500-VYZHL,Male,0,No,No,35,Yes,Yes,DSL,No,No,Yes,Yes,No,Yes,Two year,No,Credit card (automatic),70.45,2449.96,No
7153-WECPX,Female,0,Yes,No,63,Yes,No,No,No internet service,No internet service,No internet service,No internet service,No internet service,No internet service,Month-to-month,No,Electronic check,20.78,1307.35,No
7286-BGZZC,Female,0,No,No,27,Yes,Yes,No,No internet service,No internet service,No internet service,No internet service,No internet service,No internet service,Month-to-month,Yes,Mailed check,20.44,562.9,No
2879-BJZRU,Female,0,No,Yes,31,Yes,Yes,No,No internet service,No internet service,No internet service,No internet service,No internet service,No internet service,Two year,Yes,Electronic check,24.74,766.58,No
5890-PBWSN,Female,0,Yes,No,71,Yes,Yes,Fiber optic,No,No,Yes,Yes,Yes,Yes,Two year,Yes,Electronic check,99.55,7079.15,Yes
3178-LQWHL,Female,0,Yes,No,24,No,No phone service,No,No internet service,No internet service,No internet service,No internet service,No internet service,No internet service,Month-to-month,Yes,Bank transfer (automatic),19.94,464.35,No
5098-MXHCM,Male,0,No,No,46,Yes,No,DSL,No,No,No,No,No,Yes,Month-to-month,No,Electronic check,52.8,2437.22,No
8539-NWDUV,Male,1,Yes,No,19,Yes,Yes,DSL,No,Yes,Yes,Yes,Yes,No,Month-to-month,Yes,Credit card (automatic),72.36,1370.75,Yes
8329-GXGPC,Female,0,Yes,No,32,Yes,Yes,No,No internet service,No internet service,No internet service,No internet service,No internet service,No internet service,One year,Yes,Credit card (automatic),25.79,820.78,No
4064-RARWS,Male,0,Yes,Yes,29,Yes,Yes,DSL,No,Yes,No,Yes,Yes,Yes,Month-to-month,Yes,Bank transfer (automatic),67.17,1952.21,No
7856-SDDEC,Female,0,Yes,No,36,Yes,No,DSL,No,No,No,Yes,Yes,No,Month-to-month,Yes,Bank transfer (automatic),58.9,2094.77,No
5004-KBUVA,Female,0,Yes,No,52,Yes,No,DSL,Yes,Yes,Yes,No,Yes,Yes,Month-to-month,No,Credit card (automatic),71.45,3704.23,No
3283-WYQFA,Male,1,Yes,No,68,No,No phone service,Fiber optic,No,Yes,No,No,Yes,No,Month-to-month,No,Bank transfer (automatic),86.18,5886.44,No
5623-QVTDA,Male,0,No,No,7,Yes,Yes,Fiber optic,No,Yes,Yes,Yes,Yes,Yes,Two year,No,Electronic check,100.12,700.85,No
9138-CCWMT,Male,0,Yes,No,0,No,No phone service,DSL,Yes,Yes,Yes,Yes,Yes,No,Two year,Yes,Mailed check,69.96, ,No
9064-DQPLL,Female,0,No,No,6,Yes,No,Fiber optic,No,No,No,Yes,No,No,Two year,No,Mailed check,81.04,475.87,Yes
2494-GPLTU,Male,0,Yes,No,61,Yes,No,Fiber optic,No,No,No,Yes,No,No,Two year,Yes,Bank transfer (automatic),77.12,4692.28,No
3886-JXUSK,Female,1,No,No,57,Yes,Yes,No,No internet service,No internet service,No internet service,No internet service,No internet service,No internet service,Month-to-month,No,Mailed check,24.61,1403.94,Yes
7665-RAWFJ,Female,0,No,No,72,Yes,No,DSL,Yes,Yes,No,No,Yes,No,One year,Yes,Credit card (automatic),66.07,4750.29,No
3527-RCCLN,Female,1,No,No,7,Yes,No,DSL,No,No,No,Yes,No,No,Month-to-month,No,Bank transfer (automatic),47.39,333.06,No
7455-ZZBKV,Male,0,No,No,63,Yes,No,Fiber optic,Yes,Yes,No,No,No,Yes,Month-to-month,Yes,Mailed check,92.47,5833.68,No
5785-QFZVF,Male,0,No,Yes,7,Yes,No,No,No internet service,No internet service,No internet service,No internet service,No internet service,No internet service,Month-to-month,Yes,Bank transfer (automatic),18.32,147.69,Yes
8655-TSVQS,Female,0,No,No,2,Yes,Yes,DSL,Yes,No,No,Yes,Yes,Yes,Month-to-month,Yes,Electronic check,60.79,119.83,No
7217-QFSXV,Male,0,Yes,Yes,57,Yes,No,DSL,No,No,No,No,No,No,Month-to-month,Yes,Mailed check,43.96,2515.06,Yes
8097-YUVMR,Male,0,Yes,Yes,31,Yes,No,DSL,Yes,No,No,No,No,No,Two year,No,Electronic check,54.3,1685.72,No
9758-MJVZD,Male,0,No,No,67,Yes,No,Fiber optic,No,Yes,Yes,No,No,No,One year,Yes,Mailed check,82.85,5547.35,No
5601-VEWWE,Female,0,Yes,Yes,48,Yes,No,Fiber optic,No,No,Yes,No,No,Yes,Month-to-month,Yes,Electronic check,80.4,3852.29,No
6774-WSAFE,Female,0,No,No,37,Yes,Yes,Fiber optic,No,Yes,No,Yes,Yes,No,Month-to-month,No,Credit card (automatic),82.34,3048.69,No
1226-VDTZB,Male,0,No,Yes,1,Yes,Yes,Fiber optic,No,Yes,Yes,Yes,No,No,One year,No,Mailed check,83.9,77.33,Yes
4235-PNCXS,Female,0,Yes,No,8,Yes,No,Fiber optic,Yes,No,Yes,No,No,No,Two year,No,Mailed check,82.41,658.04,Yes
9331-SETEL,Male,0,No,Yes,45,Yes,No,DSL,No,Yes,No,Yes,No,Yes,Month-to-month,Yes,Electronic check,63.93,2879.11,Yes
1966-EFZBT,Male,0,Yes,Yes,64,Yes,No,Fiber optic,No,No,No,Yes,Yes,No,Month-to-month,Yes,Electronic check,72.76,4633.48,Yes
1740-LFSJD,Male,0,Yes,No,48,Yes,Yes,Fiber optic,No,No,No,No,No,No,Two year,Yes,Electronic check,68.98,3299.7,No
6587-TBSQN,Male,0,No,No,28,Yes,Yes,DSL,No,Yes,Yes,No,No,Yes,Two year,Yes,Bank transfer (automatic),67.11,1888.88,No
4809-BHSMR,Female,1,Yes,No,28,No,No phone service,Fiber optic,No,Yes,No,No,Yes,No,One year,No,Bank transfer (automatic),83.81,2346.65,No
3425-SGTPM,Female,0,No,Yes,32,Yes,Yes,Fiber optic,No,Yes,No,No,No,No,One year,No,Credit card (automatic),74.33,2386.71,No
9075-PMRVG,Female,0,No,No,27,No,No phone service,Fiber optic,No,No,No,No,No,No,Month-to-month,Yes,Bank transfer (automatic),63.8,1712.11,No
9631-QMUSJ,Male,0,Yes,No,25,Yes,No,DSL,Yes,No,Yes,No,Yes,Yes,Two year,Yes,Bank transfer (automatic),70.19,1753.87,No
6426-CJLCQ,Male,0,No,Yes,28,Yes,Yes,Fiber optic,Yes,No,Yes,No,No,Yes,One year,No,Bank transfer (automatic),84.8,2358.92,No
1143-BFWHY,Male,1,No,No,10,Yes,No,DSL,No,No,No,Yes,No,No,Month-to-month,Yes,Mailed check,48.65,499.58,Yes
7145-WTMFA,Female,0,Yes,No,33,Yes,Yes,DSL,No,Yes,No,No,Yes,Yes,Two year,Yes,Credit card (automatic),64.06,2127.17,No
3828-DWJDT,Male,0,Yes,No,47,Yes,No,No,No internet service,No internet service,No internet service,No internet service,No internet service,No internet service,One year,Yes,Bank transfer (automatic),23.94,1121.45,No
1214-VREZM,Female,0,No,No,26,Yes,Yes,Fiber optic,No,No,No,No,No,Yes,One year,No,Electronic check,72.8,1870.89,Yes
1313-YWYHB,Female,0,No,No,71,No,No phone service,Fiber optic,Yes,No,No,No,No,Yes,Month-to-month,Yes,Mailed check,84.18,6002.87,No
8626-BUWNV,Female,0,Yes,No,39,Yes,No,No,No internet service,No internet service,No internet service,No internet service,No internet service,No internet service,Month-to-month,No,Electronic check,23.47,924.63,No
6325-VJWMR,Female,0,Yes,No,30,Yes,No,Fiber optic,No,Yes,Yes,No,Yes,No,Month-to-month,Yes,Electronic check,91.75,2758.83,Yes
3644-RBBVX,Female,0,No,No,64,Yes,Yes,Fiber optic,No,No,No,Yes,No,No,Month-to-month,No,Mailed check,77.37,4961.7,Yes
9916-SEMLG,Female,1,No,No,38,Yes,Yes,DSL,No,Yes,No,No,Yes,Yes,Two year,Yes,Mailed check,60.34,2296.81,No
2210-RPWEL,Male,0,Yes,No,23,Yes,No,DSL,Yes,No,Yes,Yes,Yes,No,Month-to-month,Yes,Mailed check,76.14,1747.1,No
2418-VBZQQ,Male,0,No,No,67,Yes,No,Fiber optic,No,Yes,Yes,No,No,No,Month-to-month,Yes,Mailed check,83.39,5575.48,No
6779-VDZXU,Female,0,Yes,No,22,Yes,Yes,No,No internet service,No internet service,No internet service,No internet service,No internet service,No internet service,Month-to-month,No,Electronic check,23.92,537.79,No
4716-GJUFG,Female,0,No,No,60,Yes,Yes,Fiber optic,No,No,No,No,No,No,Month-to-month,No,Electronic check,70.46,4222.0,Yes
2687-ATNUT,Male,1,Yes,Yes,26,Yes,No,DSL,No,No,Yes,No,Yes,Yes,Two year,No,Mailed check,57.54,1482.98,No
1940-XUXDU,Female,0,Yes,No,15,Yes,Yes,Fiber optic,No,Yes,No,No,Yes,No,Month-to-month,No,Electronic check,86.73,1295.83,Yes
6003-VTXDK,Female,0,Yes,No,44,Yes,Yes,DSL,Yes,Yes,Yes,No,Yes,Yes,Two year,No,Electronic check,67.69,2976.36,No
7899-HKZEL,Male,0,No,No,26,Yes,No,No,No internet service,No internet service,No internet service,No internet service,No internet service,No internet service,Month-to-month,Yes,Electronic check,20.5,537.24,No
3729-EADDL,Female,0,No,No,72,Yes,No,Fiber optic,Yes,No,No,Yes,Yes,No,Month-to-month,No,Bank transfer (automatic),90.93,6549.97,No
3187-SLXCW,Female,1,No,No,4,No,No phone service,No,No internet service,No internet service,No internet service,No internet service,No internet service,No internet service,Month-to-month,No,Electronic check,19.23,83.5,Yes
6818-BSNWH,Female,0,No,No,58,Yes,No,DSL,No,Yes,No,Yes,Yes,Yes,Two year,No,Bank transfer (automatic),59.38,3430.82,No
7240-PDZFH,Male,0,Yes,No,71,Yes,No,DSL,No,No,No,No,No,No,Month-to-month,Yes,Bank transfer (automatic),46.1,3283.28,No
7999-VVTHZ,Male,1,No,No,34,Yes,Yes,Fiber optic,Yes,No,No,No,No,Yes,One year,No,Electronic check,82.41,2804.43,No
7734-ZKQRG,Male,1,Yes,No,69,Yes,No,No,No internet service,No internet service,No internet service,No internet service,No internet service,No internet service,One year,Yes,Credit card (automatic),18.25,1262.62,No
4444-FVKNG,Female,0,No,Yes,45,Yes,No,Fiber optic,No,No,No,Yes,Yes,No,Month-to-month,Yes,Bank transfer (automatic),85.08,3841.15,No
8023-XQXLF,Female,0,Yes,No,55,No,No phone service,No,No internet service,No internet service,No internet service,No internet service,No internet service,No internet service,Two year,Yes,Bank transfer (automatic),19.74,1081.68,No
1281-LHSNE,Male,0,Yes,No,23,Yes,No,DSL,No,Yes,Yes,No,Yes,No,Month-to-month,No,Bank transfer (automatic),60.99,1407.61,No
8085-GYBVX,Female,0,No,No,9,Yes,No,Fiber optic,No,Yes,No,No,No,No,Month-to-month,Yes,Electronic check,81.22,738.06,Yes
9705-PHMET,Female,1,No,No,37,Yes,No,Fiber optic,No,No,No,Yes,Yes,Yes,Month-to-month,Yes,Electronic check,96.12,3530.08,Yes
3488-KMBAD,Female,0,No,Yes,69,Yes,No,Fiber optic,No,Yes,No,Yes,Yes,No,One year,No,Credit card (automatic),82.26,5667.12,No
5948-TENCA,Female,0,No,No,47,Yes,Yes,Fiber optic,Yes,No,Yes,No,No,No,Month-to-month,No,Credit card (automatic),79.79,3757.22,No
4700-CUMUJ,Female,0,Yes,No,8,Yes,Yes,Fiber optic,Yes,Yes,Yes,Yes,No,No,One year,Yes,Credit card (automatic),93.52,746.86,No
4853-JXLHA,Male,0,No,No,49,Yes,Yes,Fiber optic,No,No,Yes,Yes,No,No,Month-to-month,No,Electronic check,85.96,4194.89,No
8273-ZBWZV,Female,0,Yes,Yes,68,Yes,No,DSL,Yes,No,No,No,No,No,Month-to-month,No,Bank transfer (automatic),53.48,3631.97,Yes
2465-PGADD,Male,0,No,No,47,Yes,No,DSL,No,No,No,No,No,Yes,Month-to-month,Yes,Mailed check,54.6,2575.01,No
8854-YTATK,Female,0,No,Yes,38,No,No phone service,Fiber optic,No,No,No,No,No,No,Month-to-month,Yes,Electronic check,71.8,2730.57,No
2118-SJPEV,Male,0,Yes,No,4,Yes,Yes,Fiber optic,Yes,No,No,No,No,Yes,Month-to-month,Yes,Electronic check,89.27,348.19,Yes
7303-RWAUY,Female,0,Yes,No,10,Yes,No,Fiber optic,No,Yes,No,No,Yes,No,Two year,No,Electronic check,90.51,901.55,No
5485-KSYDZ,Male,0,Yes,Yes,59,Yes,No,Fiber optic,No,No,Yes,Yes,Yes,Yes,Month-to-month,Yes,Electronic check,80.75,4747.94,Yes
1128-EMPAF,Female,0,Yes,No,26,Yes,Yes,DSL,Yes,No,Yes,No,No,Yes,Two year,No,Bank transfer (automatic),56.0,1446.91,No
9825-DLSKJ,Male,0,Yes,No,6,Yes,Yes,Fiber optic,Yes,No,No,No,Yes,No,One year,Yes,Mailed check,81.81,483.48,No
8451-FBTJU,Female,0,Yes,No,59,Yes,No,DSL,No,Yes,No,No,Yes,Yes,Month-to-month,Yes,Credit card (automatic),72.55,4296.81,Yes
2907-RJEAU,Male,0,Yes,No,49,Yes,No,Fiber optic,No,Yes,No,Yes,No,Yes,Month-to-month,No,Bank transfer (automatic),87.93,4323.02,No
8365-GFVKL,Female,0,No,No,66,No,No phone service,No,No internet service,No internet service,No internet service,No internet service,No internet service,No internet service,Two year,No,Mailed check,21.33,1415.99,No
8955-CBNSP,Male,0,No,No,68,Yes,Yes,No,No internet service,No internet service,No internet service,No internet service,No internet service,No internet service,Month-to-month,Yes,Electronic check,21.05,1437.13,No
5220-KWUEK,Male,0,Yes,No,54,Yes,No,No,No internet service,No internet service,No internet service,No internet service,No internet service,No internet service,Month-to-month,No,Electronic check,23.16,1234.82,No
9748-MJJSN,Female,1,Yes,No,15,Yes,No,DSL,No,No,Yes,Yes,Yes,No,Month-to-month,No,Mailed check,57.2,840.12,No
3180-FZDEL,Female,0,Yes,No,11,Yes,No,DSL,No,Yes,Yes,Yes,No,Yes,Month-to-month,Yes,Credit card (automatic),55.0,614.29,No
3161-LMMEM,Male,0,No,Yes,26,Yes,No,Fiber optic,No,No,No,Yes,Yes,No,Two year,No,Mailed check,83.34,2146.19,No
8209-ZPSRD,Female,1,No,No,32,Yes,Yes,Fiber optic,No,No,Yes,No,Yes,Yes,Month-to-month,No,Bank transfer (automatic),83.71,2679.71,Yes
6586-PLHSC,Male,0,No,No,54,Yes,Yes,DSL,No,Yes,No,No,No,No,Two year,No,Mailed check,51.6,2773.54,No
8457-LJHAD,Male,0,No,No,51,Yes,No,Fiber optic,Yes,No,No,No,No,Yes,Month-to-month,No,Electronic check,80.98,4133.38,Yes
9514-MACQB,Male,0,No,Yes,36,Yes,No,Fiber optic,No,No,No,No,Yes,Yes,One year,Yes,Mailed check,74.33,2676.17,No
2275-AGRBM,Female,1,No,No,14,Yes,No,No,No internet service,No internet service,No internet service,No internet service,No internet service,No internet service,Month-to-month,Yes,Bank transfer (automatic),22.67,322.67,No
1380-MFSKU,Male,0,Yes,Yes,64,Yes,No,No,No internet service,No internet service,No internet service,No internet service,No internet service,No internet service,One year,No,Electronic check,18.25,1156.14,No
6701-TBTNW,Male,0,No,No,67,Yes,No,DSL,No,No,Yes,Yes,No,No,Two year,Yes,Bank transfer (automatic),56.08,3754.67,No
8290-QUESL,Female,0,No,No,2,Yes,No,DSL,No,No,Yes,Yes,No,No,One year,No,Credit card (automatic),51.0,91.53,No
6103-MDYRB,Female,0,No,No,71,Yes,Yes,Fiber optic,No,Yes,Yes,No,Yes,Yes,Month-to-month,Yes,Credit card (automatic),83.66,5941.8,Yes
8145-JCKAT,Female,0,No,No,4,Yes,No,DSL,No,No,No,No,No,No,One year,No,Credit card (automatic),45.07,189.74,No
4506-FNBFG,Female,0,Yes,No,8,Yes,Yes,DSL,Yes,No,No,Yes,No,No,One year,Yes,Electronic check,54.75,452.17,No
9253-EERXG,Male,0,No,No,0,Yes,No,No,No internet service,No internet service,No internet service,No internet service,No internet service,No internet service,Two year,No,Credit card (automatic),22.55, ,No
8483-DZZPF,Male,0,Yes,Yes,29,Yes,Yes,No,No internet service,No internet service,No internet service,No internet service,No internet service,No internet service,Month-to-month,Yes,Electronic check,18.25,539.66,No
6574-KZXVE,Male,0,Yes,No,70,No,No phone service,Fiber optic,No,No,No,No,No,Yes,One year,Yes,Electronic check,69.98,4915.64,No
7558-BHQVV,Male,0,Yes,No,19,Yes,No,No,No internet service,No internet service,No internet service,No internet service,No internet service,No internet service,Month-to-month,No,Mailed check,22.81,408.15,No
1924-MTZRU,Female,1,No,No,26,Yes,Yes,DSL,No,No,Yes,No,Yes,Yes,One year,No,Electronic check,65.2,1688.1,No
8123-NAMDD,Male,0,No,No,62,Yes,No,Fiber optic,Yes,Yes,No,Yes,No,No,Month-to-month,No,Credit card (automatic),83.07,5140.0,No
4607-SRKUA,Male,0,No,No,30,Yes,No,Fiber optic,No,No,No,No,Yes,No,Month-to-month,Yes,Bank transfer (automatic),81.42,2437.46,No
1578-TZQPS,Female,0,No,No,18,Yes,No,No,No internet service,No internet service,No internet service,No internet service,No internet service,No internet service,Month-to-month,Yes,Bank transfer (automatic),18.25,340.8,No
9797-HKKPU,Male,0,Yes,Yes,61,Yes,No,DSL,Yes,Yes,No,No,Yes,No,One year,No,Credit card (automatic),59.89,3636.64,No
8034-PDRZB,Male,0,No,No,6,Yes,Yes,Fiber optic,No,No,No,No,Yes,No,Two year,Yes,Bank transfer (automatic),70.4,409.08,No
8291-TRMGK,Male,0,No,Yes,36,Yes,Yes,No,No internet service,No internet service,No internet service,No internet service,No internet service,No internet service,Month-to-month,Yes,Mailed check,19.96,709.04,No
8235-ZAWXS,Male,0,No,No,70,Yes,Yes,Fiber optic,No,Yes,No,No,Yes,Yes,One year,No,Electronic check,83.67,5879.72,No
5693-UUMXH,Male,0,Yes,No,7,No,No phone service,Fiber optic,Yes,Yes,No,No,No,No,Two year,Yes,Credit card (automatic),78.73,541.05,No
1931-URRHX,Male,0,No,No,56,Yes,No,No,No internet service,No internet service,No internet service,No internet service,No internet service,No internet service,One year,Yes,Bank transfer (automatic),18.25,1020.27,No
8456-JRWNS,Female,1,No,No,27,Yes,No,DSL,Yes,No,No,No,Yes,No,One year,Yes,Bank transfer (automatic),53.78,1439.74,No
6109-ZCTGF,Female,1,No,No,16,Yes,No,DSL,No,No,No,No,Yes,No,One year,No,Bank transfer (automatic),58.36,933.07,Yes
8292-FFPCX,Male,0,No,No,10,Yes,No,DSL,No,No,Yes,No,No,Yes,Month-to-month,No,Bank transfer (automatic),60.43,600.86,No
1775-ZDBMV,Male,0,No,No,14,Yes,No,Fiber optic,Yes,Yes,Yes,No,Yes,Yes,Two year,Yes,Bank transfer (automatic),109.83,1533.85,No
2126-PLXEF,Female,0,No,No,29,Yes,No,No,No internet service,No internet service,No internet service,No internet service,No internet service,No internet service,Month-to-month,Yes,Mailed check,21.04,598.32,No
4808-TKAGZ,Male,1,No,Yes,5,Yes,No,Fiber optic,Yes,No,No,No,No,Yes,Month-to-month,Yes,Mailed check,83.03,421.0,No
4300-HUGZL,Male,0,No,Yes,11,Yes,Yes,Fiber optic,Yes,Yes,No,No,No,Yes,Two year,Yes,Credit card (automatic),89.15,998.84,No
1334-BTWJE,Male,1,Yes,No,60,Yes,Yes,No,No internet service,No internet service,No internet service,No internet service,No internet service,No internet service,Two year,Yes,Credit card (automatic),21.38,1261.82,No
3710-VSBXD,Female,0,No,No,35,Yes,Yes,Fiber optic,No,No,No,Yes,No,Yes,Two year,Yes,Mailed check,74.2,2587.71,No
5221-WGBXK,Male,1,No,No,34,Yes,Yes,No,No internet service,No internet service,No internet service,No internet service,No internet service,No internet service,Month-to-month,No,Bank transfer (automatic),20.14,690.06,No
3737-YARPD,Female,0,No,No,66,Yes,Yes,No,No internet service,No internet service,No internet service,No internet service,No internet service,No internet service,Month-to-month,Yes,Mailed check,18.25,1209.91,No
6215-GWMTG,Male,0,No,Yes,62,Yes,Yes,Fiber optic,No,No,Yes,Yes,Yes,Yes,Two year,Yes,Mailed check,89.1,5524.41,No
9175-VYHMW,Female,0,Yes,No,39,Yes,Yes,DSL,No,No,Yes,No,Yes,Yes,Two year,Yes,Bank transfer (automatic),65.73,2584.61,No
3354-NGWDV,Female,0,Yes,No,30,Yes,No,DSL,Yes,No,Yes,No,Yes,No,Month-to-month,Yes,Electronic check,65.58,1958.25,No
2412-KJNFY,Male,0,No,No,36,Yes,No,Fiber optic,No,Yes,No,Yes,Yes,No,Two year,Yes,Mailed check,89.06,3205.81,No
7212-YMQKE,Female,0,No,No,4,Yes,Yes,Fiber optic,No,Yes,Yes,No,No,No,Month-to-month,Yes,Bank transfer (automatic),82.92,334.81,Yes
8733-SRWGT,Male,0,Yes,No,3,Yes,Yes,DSL,Yes,Yes,No,No,Yes,No,Two year,No,Bank transfer (automatic),64.44,210.17,No
7804-DDNRS,Female,0,Yes,No,25,Yes,No,DSL,Yes,No,No,No,No,No,Two year,Yes,Credit card (automatic),52.64,1313.83,No
1361-GRXFD,Male,0,Yes,Yes,23,Yes,No,Fiber optic,Yes,Yes,Yes,Yes,Yes,Yes,One year,No,Electronic check,109.58,2509.51,No
2642-PRLPN,Male,0,Yes,No,38,No,No phone service,Fiber optic,No,Yes,Yes,No,No,Yes,Month-to-month,Yes,Mailed check,91.06,3455.63,No
8232-GGZSQ,Female,0,Yes,Yes,55,Yes,No,Fiber optic,No,Yes,Yes,Yes,No,Yes,Month-to-month,Yes,Electronic check,96.58,5314.79,No
8336-VKGEJ,Male,0,Yes,Yes,53,Yes,No,Fiber optic,Yes,No,Yes,No,No,Yes,Month-to-month,No,Mailed check,88.55,4688.49,No
7467-ATZUF,Male,1,Yes,Yes,37,Yes,Yes,Fiber optic,No,No,No,No,Yes,Yes,Month-to-month,No,Electronic check,86.58,3183.22,Yes
4929-VFWKQ,Female,0,Yes,Yes,53,Yes,Yes,No,No internet service,No internet service,No internet service,No internet service,No internet service,No internet service,Month-to-month,Yes,Electronic check,19.05,1008.86,No
1155-BHCZT,Male,0,Yes,No,18,Yes,No,Fiber optic,No,No,No,No,No,No,One year,Yes,Electronic check,75.16,1364.42,No
5806-KVQMJ,Male,0,No,Yes,25,Yes,No,Fiber optic,No,No,Yes,No,Yes,Yes,Month-to-month,Yes,Mailed check,95.27,2385.69,No
4197-WLXTX,Female,0,Yes,Yes,51,Yes,No,DSL,Yes,Yes,No,No,No,Yes,Month-to-month,No,Credit card (automatic),58.76,2984.01,No
3306-ZYXFU,Female,0,Yes,No,60,Yes,No,Fiber optic,No,No,No,Yes,No,Yes,Month-to-month,Yes,Electronic check,84.94,5091.77,Yes
2370-SKHBQ,Male,0,Yes,No,66,Yes,No,Fiber optic,No,No,No,Yes,No,No,Month-to-month,No,Credit card (automatic),81.33,5372.4,Yes
6329-LZQLY,Male,0,Yes,No,21,Yes,No,DSL,No,No,No,No,Yes,No,Month-to-month,Yes,Credit card (automatic),45.07,941.24,No
8500-DCWJH,Female,0,Yes,No,16,Yes,No,Fiber optic,No,No,No,No,No,Yes,One year,Yes,Mailed check,75.87,1200.73,No
5348-RGUSF,Female,0,Yes,No,10,Yes,Yes,DSL,No,No,Yes,No,Yes,Yes,Month-to-month,No,Mailed check,55.95,549.02,Yes
7235-EVZCB,Male,1,No,No,38,Yes,Yes,DSL,No,No,No,Yes,Yes,Yes,Two year,No,Bank transfer (automatic),75.55,2893.56,No
1903-MPSNK,Female,1,No,Yes,60,Yes,Yes,Fiber optic,Yes,No,No,Yes,No,Yes,Month-to-month,Yes,Bank transfer (automatic),89.79,5401.02,No
5034-RMSVU,Male,0,No,No,48,Yes,Yes,DSL,No,No,Yes,No,Yes,No,Two year,Yes,Electronic check,53.19,2557.27,No
4309-ZKPWR,Male,0,No,Yes,60,Yes,No,DSL,No,No,No,No,No,No,Two year,No,Credit card (automatic),45.56,2730.73,Yes
5709-UENCZ,Male,0,Yes,Yes,11,Yes,No,Fiber optic,Yes,Yes,No,No,Yes,No,Two year,Yes,Electronic check,86.21,937.16,Yes
4188-PUZLN,Male,0,No,No,12,Yes,No,Fiber optic,No,No,Yes,No,No,Yes,Month-to-month,Yes,Mailed check,76.82,938.34,Yes
1832-QVZPJ,Male,0,Yes,No,57,Yes,Yes,Fiber optic,Yes,No,Yes,No,No,Yes,Month-to-month,Yes,Mailed check,83.17,4737.04,Yes
1955-PXJKW,Female,0,No,No,10,Yes,No,DSL,No,No,No,No,Yes,No,One year,Yes,Credit card (automatic),52.61,513.26,No
8374-ENLQL,Female,1,Yes,No,63,Yes,No,DSL,No,No,Yes,Yes,Yes,Yes,Month-to-month,Yes,Electronic check,62.02,3908.87,No
7025-VUPWS,Female,1,No,No,30,No,No phone service,Fiber optic,No,Yes,Yes,No,No,Yes,Two year,Yes,Bank transfer (automatic),85.34,2577.78,Yes
8625-UGVXD,Female,0,No,No,10,Yes,No,Fiber optic,No,No,No,No,Yes,No,Two year,No,Credit card (automatic),75.41,735.29,Yes
2461-XBTLY,Male,0,Yes,Yes,42,Yes,No,No,No internet service,No internet service,No internet service,No internet service,No internet service,No internet service,Month-to-month,No,Mailed check,20.61,851.09,No
5991-GBAUG,Male,0,No,No,35,Yes,No,Fiber optic,Yes,No,Yes,No,Yes,Yes,One year,No,Credit card (automatic),87.87,3055.71,No
2088-JHKCK,Male,0,Yes,No,1,No,No phone service,Fiber optic,No,Yes,Yes,No,No,Yes,One year,Yes,Credit card (automatic),85.04,77.78,Yes
3821-DTTSA,Male,0,No,Yes,60,Yes,Yes,No,No internet service,No internet service,No internet service,No internet service,No internet service,No internet service,Two year,Yes,Electronic check,23.68,1427.51,No
5523-PNZFY,Female,0,No,No,35,Yes,No,DSL,Yes,Yes,No,No,No,No,Month-to-month,Yes,Credit card (automatic),60.4,2102.83,No
7180-CPFLU,Male,1,Yes,No,48,No,No phone service,DSL,No,Yes,Yes,No,No,No,Month-to-month,Yes,Bank transfer (automatic),56.75,2727.92,No
5021-XEMPK,Male,0,Yes,Yes,26,Yes,No,Fiber optic,Yes,Yes,No,Yes,No,No,Two year,No,Credit card (automatic),95.59,2492.56,No
6893-BZSBV,Female,0,Yes,No,11,Yes,Yes,Fiber optic,Yes,No,Yes,No,No,No,Two year,No,Electronic check,78.33,853.79,No
7366-TSDLA,Female,0,No,No,57,Yes,Yes,DSL,No,Yes,Yes,No,No,Yes,One year,No,Mailed check,64.88,3708.96,No
5374-KYXEE,Female,0,Yes,Yes,5,Yes,Yes,Fiber optic,No,No,Yes,Yes,Yes,No,Month-to-month,Yes,Bank transfer (automatic),94.61,467.34,Yes
4731-JRNSS,Female,0,No,No,43,Yes,Yes,DSL,No,Yes,No,No,No,Yes,Two year,Yes,Bank transfer (automatic),55.22,2379.6,No
2720-XSPRF,Male,0,No,No,46,Yes,Yes,Fiber optic,No,No,Yes,Yes,No,Yes,Month-to-month,Yes,Credit card (automatic),86.97,3990.62,No
8019-SUBAG,Male,0,Yes,No,22,Yes,No,DSL,Yes,No,Yes,Yes,Yes,No,Two year,Yes,Electronic check,66.09,1461.44,No
2044-FVTQZ,Female,0,No,Yes,25,No,No phone service,No,No internet service,No internet service,No internet service,No internet service,No internet service,No internet service,Two year,Yes,Mailed check,21.69,527.19,No
9647-LWNXX,Male,0,No,No,6,Yes,Yes,DSL,No,Yes,No,No,Yes,Yes,Two year,Yes,Mailed check,58.15,364.67,Yes
6453-UVUPT,Male,1,Yes,No,31,Yes,No,No,No internet service,No internet service,No internet service,No internet service,No internet service,No internet service,Month-to-month,No,Credit card (automatic),21.12,638.94,No
6137-HGPVR,Male,0,Yes,No,32,Yes,Yes,Fiber optic,Yes,No,Yes,Yes,No,Yes,Month-to-month,Yes,Electronic check,95.65,3067.16,Yes
4921-GKUXB,Female,0,No,No,19,Yes,Yes,No,No internet service,No internet service,No internet service,No internet service,No internet service,No internet service,Month-to-month,No,Electronic check,19.11,367.06,No
9616-YUTLH,Male,0,Yes,No,68,Yes,No,No,No internet service,No internet service,No internet service,No internet service,No internet service,No internet service,Two year,No,Mailed check,21.99,1511.46,No
7262-EZZPX,Female,0,Yes,Yes,51,Yes,Yes,DSL,No,Yes,Yes,No,No,Yes,One year,Yes,Bank transfer (automatic),64.94,3317.9,No
5099-BKKRS,Male,0,Yes,Yes,41,No,No phone service,DSL,No,Yes,Yes,Yes,No,Yes,Month-to-month,Yes,Credit card (automatic),58.38,2402.7,No
4052-YQKDU,Male,1,No,No,0,Yes,No,Fiber optic,No,Yes,No,No,Yes,No,Month-to-month,Yes,Bank transfer (automatic),81.0, ,Yes
6203-CKNXU,Male,1,No,No,62,No,No phone service,DSL,Yes,Yes,No,No,Yes,No,One year,Yes,Bank transfer (automatic),61.66,3818.12,No
8554-PAMCX,Female,0,No,No,6,No,No phone service,No,No internet service,No internet service,No internet service,No internet service,No internet service,No internet service,One year,Yes,Electronic check,18.25,129.34,No
2642-RZCKK,Male,0,Yes,No,57,No,No phone service,DSL,No,No,No,No,No,No,Month-to-month,Yes,Bank transfer (automatic),46.88,2666.66,No
6789-BPQVA,Female,0,No,No,49,Yes,No,DSL,No,No,No,No,Yes,Yes,Month-to-month,Yes,Electronic check,56.23,2768.82,Yes
5629-ELJYT,Female,0,No,Yes,33,Yes,No,DSL,Yes,No,No,No,Yes,No,Two year,Yes,Mailed check,58.27,1919.07,No
2263-FMRUH,Female,0,Yes,No,50,Yes,Yes,DSL,No,No,Yes,No,No,Yes,Month-to-month,Yes,Electronic check,58.41,2912.43,No
9163-WRGRS,Male,0,Yes,Yes,9,Yes,Yes,Fiber optic,No,Yes,No,No,Yes,Yes,Month-to-month,Yes,Electronic check,88.5,781.36,Yes
4951-GLFFM,Male,0,No,Yes,25,Yes,No,Fiber optic,No,No,No,No,No,Yes,One year,No,Bank transfer (automatic),78.35,1958.21,No
7794-MZCPF,Male,0,No,No,31,No,No phone service,Fiber optic,No,No,No,Yes,No,No,One year,Yes,Electronic check,77.85,2414.26,No
1207-NFVXH,Male,0,No,No,41,Yes,Yes,No,No internet service,No internet service,No internet service,No internet service,No internet service,No internet service,Month-to-month,Yes,Electronic check,18.25,744.9,No
7768-TBNGX,Female,1,No,Yes,61,Yes,Yes,DSL,Yes,No,Yes,No,No,No,Two year,No,Electronic check,55.89,3405.95,No
2857-GQEVQ,Female,0,No,No,11,Yes,No,Fiber optic,Yes,No,Yes,No,No,Yes,Month-to-month,No,Bank transfer (automatic),92.81,1034.89,Yes
6366-AWGUL,Female,0,Yes,Yes,39,Yes,Yes,DSL,No,No,Yes,Yes,Yes,Yes,Two year,Yes,Bank transfer (automatic),70.03,2708.38,No
3158-NHBTL,Male,0,No,No,33,Yes,Yes,DSL,No,No,No,Yes,No,No,Month-to-month,Yes,Electronic check,47.34,1558.71,Yes
6656-FQNBW,Female,0,No,Yes,69,Yes,No,DSL,No,Yes,No,No,Yes,Yes,Month-to-month,Yes,Mailed check,60.31,4162.96,No
6931-XNBQF,Male,0,No,No,26,Yes,Yes,No,No internet service,No internet service,No internet service,No internet service,No internet service,No internet service,Month-to-month,Yes,Bank transfer (automatic),18.25,489.04,No
9263-XMHAH,Female,0,Yes,No,7,Yes,No,Fiber optic,No,Yes,No,No,No,No,Two year,Yes,Credit card (automatic),72.93,512.41,No
5153-MMUKZ,Male,1,No,No,46,Yes,No,Fiber optic,Yes,No,No,No,No,Yes,Month-to-month,Yes,Electronic check,81.46,3731.53,Yes
8416-HQXXH,Male,0,No,Yes,25,Yes,No,Fiber optic,No,No,No,No,Yes,No,Month-to-month,Yes,Electronic check,78.65,1970.99,Yes
7668-PNXDQ,Female,0,Yes,Yes,56,Yes,Yes,Fiber optic,No,No,No,No,Yes,No,Month-to-month,Yes,Electronic check,69.41,3874.19,Yes
3140-CWXCV,Female,0,Yes,No,6,Yes,No,Fiber optic,No,Yes,Yes,No,Yes,No,One year,No,Mailed check,89.46,550.48,Yes
3615-DBJGJ,Female,0,No,No,25,Yes,No,DSL,Yes,No,Yes,No,No,No,One year,No,Bank transfer (automatic),60.96,1528.71,No
5660-VRZPD,Female,0,Yes,Yes,58,Yes,Yes,DSL,Yes,Yes,Yes,No,No,Yes,Month-to-month,No,Mailed check,73.63,4271.67,No
2672-QSLJK,Male,1,No,No,68,Yes,No,Fiber optic,No,No,No,No,No,Yes,One year,No,Mailed check,76.25,5193.73,No
6480-LJSCL,Female,0,No,No,46,No,No phone service,Fiber optic,No,Yes,No,No,No,No,Month-to-month,Yes,Mailed check,70.24,3220.06,No
7722-EWAQU,Female,0,Yes,No,34,Yes,No,DSL,Yes,No,Yes,Yes,Yes,No,Month-to-month,Yes,Electronic check,69.88,2354.79,No
5736-EQZCR,Female,0,No,Yes,29,Yes,No,DSL,Yes,Yes,Yes,No,Yes,Yes,Two year,No,Credit card (automatic),71.88,2095.3,No
4332-QGGTU,Male,0,No,No,49,Yes,No,DSL,No,No,No,No,Yes,No,One year,No,Bank transfer (automatic),52.08,2556.46,No
9824-AMDWE,Male,1,No,No,23,Yes,No,Fiber optic,No,Yes,No,Yes,No,No,Two year,Yes,Mailed check,84.13,1956.26,No
7373-DXMAF,Female,1,Yes,Yes,29,No,No phone service,Fiber optic,Yes,Yes,No,No,Yes,No,Month-to-month,No,Bank transfer (automatic),93.26,2703.23,No
6294-ZEQQX,Male,0,No,No,53,Yes,No,Fiber optic,No,Yes,No,No,No,No,Month-to-month,Yes,Electronic check,77.03,4070.7,No
8139-GHXTH,Female,0,Yes,No,66,Yes,Yes,Fiber optic,Yes,Yes,No,No,Yes,Yes,Month-to-month,No,Bank transfer (automatic),101.27,6668.55,No
4139-SMVPJ,Male,0,Yes,No,31,Yes,No,DSL,Yes,No,Yes,Yes,No,Yes,Month-to-month,Yes,Electronic check,64.44,1992.57,No
8046-CWRBD,Male,0,Yes,No,7,Yes,Yes,No,No internet service,No internet service,No internet service,No internet service,No internet service,No internet service,Month-to-month,No,Electronic check,24.75,178.26,Yes
3287-YXUPC,Male,1,Yes,Yes,49,Yes,Yes,No,No internet service,No internet service,No internet service,No internet service,No internet service,No internet service,Month-to-month,No,Credit card (automatic),21.52,1064.41,No
9822-ZXPQM,Male,0,Yes,No,46,Yes,Yes,DSL,Yes,No,Yes,No,Yes,No,Month-to-month,Yes,Bank transfer (automatic),71.7,3307.45,No
2995-RVLFX,Female,0,No,Yes,45,Yes,No,Fiber optic,No,No,No,No,Yes,Yes,Month-to-month,Yes,Electronic check,80.57,3636.32,No
2800-ZTTTB,Female,0,No,Yes,34,Yes,Yes,No,No internet service,No internet service,No internet service,No internet service,No internet service,No internet service,Month-to-month,Yes,Credit card (automatic),18.25,623.18,No
8663-GMALA,Female,0,Yes,No,60,Yes,No,Fiber optic,No,Yes,Yes,No,No,No,One year,No,Credit card (automatic),85.35,5116.76,Yes
9120-SBPEA,Male,0,Yes,No,50,Yes,No,No,No internet service,No internet service,No internet service,No internet service,No internet service,No internet service,Month-to-month,Yes,Bank transfer (automatic),28.91,1444.37,No
3892-BEETR,Female,0,No,No,62,No,No phone service,DSL,No,Yes,Yes,No,No,No,Two year,No,Electronic check,55.39,3446.14,No
6998-SXKRZ,Female,0,Yes,Yes,7,Yes,Yes,Fiber optic,Yes,No,No,No,No,No,Two year,No,Mailed check,78.77,547.72,No
8247-QAUTD,Female,0,No,No,33,Yes,Yes,DSL,Yes,No,No,No,Yes,Yes,One year,Yes,Bank transfer (automatic),57.75,1917.51,No
1410-CMQGC,Male,0,No,Yes,24,Yes,No,DSL,No,No,No,No,No,No,Month-to-month,Yes,Electronic check,45.26,1094.76,Yes
5749-AUNJM,Male,0,No,Yes,43,Yes,No,No,No internet service,No internet service,No internet service,No internet service,No internet service,No internet service,Month-to-month,No,Mailed check,18.25,796.18,No
5837-RMJYH,Male,0,Yes,No,42,Yes,Yes,DSL,No,No,No,No,No,No,Two year,Yes,Electronic check,40.68,1709.18,No
1428-JTMLG,Female,0,Yes,No,49,Yes,No,DSL,Yes,No,No,Yes,No,Yes,Two year,No,Bank transfer (automatic),62.64,3079.34,No
5761-MWXGU,Female,0,Yes,Yes,12,No,No phone service,Fiber optic,No,Yes,No,No,No,No,One year,No,Mailed check,69.68,830.53,No
7715-RUPFU,Female,1,Yes,Yes,45,Yes,No,No,No internet service,No internet service,No internet service,No internet service,No internet service,No internet service,Two year,Yes,Mailed check,21.76,970.74,No
8863-KAPSV,Male,0,Yes,Yes,52,Yes,No,DSL,No,No,No,Yes,Yes,Yes,Two year,Yes,Mailed check,57.5,2967.27,No
5783-DUWQW,Male,0,No,No,62,Yes,Yes,DSL,No,Yes,Yes,No,Yes,No,Month-to-month,Yes,Electronic check,57.59,3549.92,Yes
3117-GVYYR,Female,0,No,No,1,No,No phone service,Fiber optic,Yes,Yes,Yes,Yes,No,No,Month-to-month,Yes,Bank transfer (automatic),94.32,93.44,Yes
9397-YMXGP,Male,0,No,Yes,39,Yes,No,No,No internet service,No internet service,No internet service,No internet service,No internet service,No internet service,Month-to-month,No,Bank transfer (automatic),20.46,798.22,No
2161-XXHGS,Male,0,No,No,22,Yes,Yes,DSL,Yes,No,No,No,Yes,Yes,Month-to-month,No,Electronic check,53.08,1194.2,No
1610-SBRYV,Male,0,Yes,Yes,58,Yes,No,Fiber optic,No,Yes,No,No,No,No,One year,Yes,Bank transfer (automatic),77.37,4481.85,Yes
3733-STGJA,Male,0,No,Yes,68,Yes,No,Fiber optic,No,No,No,No,No,Yes,Month-to-month,Yes,Electronic check,70.94,4837.3,No
2033-YRSSE,Female,0,Yes,No,33,Yes,Yes,Fiber optic,Yes,Yes,Yes,Yes,No,Yes,Month-to-month,Yes,Bank transfer (automatic),99.53,3292.64,Yes
9121-SUNBX,Male,0,Yes,No,26,Yes,No,DSL,Yes,No,No,No,No,No,Month-to-month,No,Mailed check,55.07,1442.95,No
3378-JADZE,Male,0,No,Yes,54,No,No phone service,No,No internet service,No internet service,No internet service,No internet service,No internet service,No internet service,Two year,Yes,Bank transfer (automatic),25.12,1364.67,Yes
3877-DUCXP,Male,0,No,Yes,3,Yes,Yes,No,No internet service,No internet service,No internet service,No internet service,No internet service,No internet service,Month-to-month,No,Mailed check,18.25,41.28,No
3262-LRSGC,Male,0,No,Yes,67,Yes,No,No,No internet service,No internet service,No internet service,No internet service,No internet service,No internet service,Two year,Yes,Mailed check,19.09,1276.47,No
9858-AHVPX,Female,0,Yes,No,71,Yes,No,Fiber optic,No,Yes,No,Yes,No,No,Month-to-month,No,Electronic check,79.8,5675.03,No
6226-YQBKY,Female,0,Yes,Yes,69,Yes,No,DSL,No,No,Yes,No,No,No,One year,No,Bank transfer (automatic),53.48,3689.31,No
5798-CPRKF,Male,0,Yes,No,26,Yes,Yes,DSL,Yes,No,Yes,No,No,No,One year,Yes,Electronic check,47.38,1228.51,No
9077-QURNE,Male,1,Yes,No,46,Yes,No,Fiber optic,No,Yes,Yes,Yes,Yes,No,Two year,Yes,Mailed check,94.12,4326.44,No
8857-SSHXF,Male,0,Yes,Yes,39,Yes,Yes,No,No internet service,No internet service,No internet service,No internet service,No internet service,No internet service,Month-to-month,Yes,Bank transfer (automatic),19.0,753.01,No
6153-KEVPB,Male,0,No,No,26,Yes,Yes,No,No internet service,No internet service,No internet service,No internet service,No internet service,No internet service,Month-to-month,Yes,Electronic check,20.92,530.56,No
6105-XNHDU,Male,0,No,Yes,6,Yes,No,No,No internet service,No internet service,No internet service,No internet service,No internet service,No internet service,Month-to-month,Yes,Mailed check,19.68,102.46,No
6261-WYDMC,Male,0,Yes,No,22,Yes,Yes,DSL,No,Yes,No,No,Yes,Yes,Two year,No,Electronic check,57.99,1283.42,No
5451-DXFCW,Female,0,No,No,63,Yes,No,Fiber optic,No,Yes,No,Yes,Yes,Yes,Month-to-month,Yes,Bank transfer (automatic),102.94,6484.73,Yes
7597-JYJYA,Male,0,Yes,No,28,Yes,No,Fiber optic,No,No,No,Yes,Yes,Yes,Two year,Yes,Credit card (automatic),94.24,2639.29,No
3850-HVPVX,Female,0,No,Yes,60,Yes,Yes,No,No internet service,No internet service,No internet service,No internet service,No internet service,No internet service,Month-to-month,Yes,Credit card (automatic),18.25,1118.64,No
8725-HZPSN,Female,1,Yes,No,43,No,No phone service,Fiber optic,Yes,No,No,No,No,Yes,Month-to-month,No,Mailed check,81.74,3520.56,No
2824-RWNNH,Male,0,No,Yes,68,Yes,Yes,DSL,No,Yes,No,No,No,No,Month-to-month,Yes,Electronic check,53.77,3654.8,No
1902-NUPUT,Female,0,No,No,26,Yes,No,DSL,No,Yes,No,Yes,No,Yes,Month-to-month,No,Credit card (automatic),60.32,1571.53,No
7272-DJPCW,Female,0,No,No,11,Yes,No,No,No internet service,No internet service,No internet service,No internet service,No internet service,No internet service,Month-to-month,Yes,Credit card (automatic),20.9,230.08,No
4544-YWSZA,Female,0,Yes,No,16,Yes,Yes,Fiber optic,No,No,No,No,No,No,Month-to-month,No,Electronic check,68.66,1104.36,Yes
9911-SRERC,Female,0,No,No,36,Yes,Yes,Fiber optic,No,No,Yes,No,Yes,No,Month-to-month,Yes,Electronic check,85.5,3078.95,Yes
4933-JQXVX,Female,0,Yes,No,33,Yes,No,No,No internet service,No internet service,No internet service,No internet service,No internet service,No internet service,Two year,No,Electronic check,18.5,598.19,No
1167-EVHRX,Female,0,Yes,No,35,Yes,No,Fiber optic,No,Yes,No,No,Yes,No,One year,No,Credit card (automatic),81.64,2852.43,Yes
8322-GFTHJ,Male,1,Yes,No,5,Yes,No,DSL,Yes,No,Yes,No,No,No,Month-to-month,Yes,Electronic check,54.89,285.68,Yes
7573-ACRQZ,Female,0,No,No,31,Yes,Yes,DSL,Yes,Yes,No,Yes,Yes,Yes,Month-to-month,Yes,Mailed check,89.15,2768.04,No
5092-CEWSK,Female,0,No,No,72,Yes,No,DSL,No,Yes,No,No,No,No,Month-to-month,No,Credit card (automatic),45.83,3314.19,No
2817-GDCUE,Female,1,Yes,No,21,Yes,Yes,DSL,No,No,No,No,No,Yes,One year,Yes,Mailed check,51.86,1066.19,No
8941-SQFNX,Male,0,No,Yes,9,Yes,No,DSL,No,Yes,Yes,No,No,No,Month-to-month,Yes,Mailed check,51.89,474.87,Yes
7147-QYXBE,Female,0,No,Yes,28,Yes,Yes,DSL,Yes,No,No,No,Yes,No,One year,Yes,Mailed check,63.99,1781.4,No
6045-TKDRE,Male,1,No,No,10,Yes,No,DSL,Yes,Yes,Yes,No,No,No,Month-to-month,No,Electronic check,63.84,652.98,Yes
9046-RDDJB,Female,0,Yes,No,65,Yes,Yes,DSL,Yes,Yes,No,Yes,No,No,Month-to-month,No,Electronic check,68.15,4419.83,No
2435-PXAFY,Male,1,No,No,55,Yes,No,DSL,No,No,No,Yes,Yes,No,Month-to-month,Yes,Bank transfer (automatic),53.3,2930.25,No
6557-VPNSR,Male,0,No,Yes,57,Yes,No,No,No internet service,No internet service,No internet service,No internet service,No internet service,No internet service,Month-to-month,Yes,Credit card (automatic),18.25,1045.82,No
5029-LCKPE,Female,0,Yes,No,51,Yes,No,No,No internet service,No internet service,No internet service,No internet service,No internet service,No internet service,Two year,No,Bank transfer (automatic),21.39,1104.74,No
8795-SJKXJ,Female,1,No,Yes,60,Yes,No,Fiber optic,Yes,Yes,Yes,No,Yes,Yes,Month-to-month,Yes,Bank transfer (automatic),106.54,6401.05,Yes
6157-VQWKL,Male,0,Yes,No,16,Yes,No,No,No internet service,No internet service,No internet service,No internet service,No internet service,No internet service,One year,No,Electronic check,23.14,360.47,Yes
1908-MFSHQ,Female,0,Yes,No,29,Yes,No,Fiber optic,No,No,Yes,No,No,Yes,One year,Yes,Mailed check,79.37,2291.08,No
7865-TSUHU,Male,0,Yes,Yes,71,No,No phone service,No,No internet service,No internet service,No internet service,No internet service,No internet service,No internet service,One year,No,Mailed check,21.56,1524.67,No
1577-FZPDX,Male,1,Yes,No,36,Yes,No,Fiber optic,Yes,No,No,No,Yes,No,Two year,No,Electronic check,79.04,2850.91,No
1501-JPEYE,Male,0,No,No,4,Yes,No,Fiber optic,No,Yes,No,No,No,No,Month-to-month,No,Mailed check,77.62,310.93,Yes
3470-VXZPH,Male,0,Yes,No,25,No,No phone service,No,No internet service,No internet service,No internet service,No internet service,No internet service,No internet service,Month-to-month,No,Credit card (automatic),19.46,508.69,No
3345-VVQCM,Male,0,No,Yes,69,Yes,Yes,Fiber optic,No,No,No,Yes,No,No,Two year,Yes,Credit card (automatic),75.3,5194.99,No
9883-SDDMJ,Female,0,Yes,Yes,0,Yes,No,Fiber optic,No,Yes,No,No,No,No,Two year,Yes,Bank transfer (automatic),72.87, ,Yes
8133-QJJDJ,Male,0,No,Yes,8,Yes,Yes,Fiber optic,No,No,Yes,No,Yes,Yes,Month-to-month,No,Mailed check,95.59,756.35,Yes
5569-ZCWWP,Male,0,No,Yes,70,No,No phone service,No,No internet service,No internet service,No internet service,No internet service,No internet service,No internet service,One year,Yes,Electronic check,24.9,1743.23,No
4055-SPFKF,Female,0,No,Yes,63,Yes,No,Fiber optic,Yes,Yes,No,No,No,No,Month-to-month,No,Mailed check,85.2,5377.5,Yes
5363-ZDYSQ,Male,0,No,Yes,23,Yes,Yes,Fiber optic,Yes,No,No,No,Yes,Yes,One year,No,Credit card (automatic),83.63,1915.07,Yes
9987-EVWTN,Female,0,No,No,4,No,No phone service,Fiber optic,Yes,No,No,Yes,Yes,Yes,One year,Yes,Electronic check,94.15,375.13,Yes
6614-JHFWN,Female,0,Yes,No,50,Yes,Yes,No,No internet service,No internet service,No internet service,No internet service,No internet service,No internet service,Month-to-month,Yes,Bank transfer (automatic),18.25,909.16,No
9457-RAAMT,Female,0,No,No,37,Yes,Yes,Fiber optic,Yes,No,No,Yes,Yes,No,Two year,Yes,Credit card (automatic),81.38,3014.68,No
2639-YBUSK,Male,1,No,No,28,Yes,Yes,Fiber optic,No,Yes,Yes,No,No,No,Month-to-month,No,Mailed check,85.68,2376.89,Yes
2235-WUUWB,Male,0,No,No,45,Yes,No,Fiber optic,Yes,No,No,Yes,Yes,No,Two year,Yes,Electronic check,92.84,4177.67,No
8837-JXCBX,Male,0,No,No,51,Yes,No,DSL,No,Yes,No,No,Yes,Yes,Two year,Yes,Mailed check,65.62,3351.11,No
6553-RRWRT,Female,0,No,Yes,45,Yes,Yes,Fiber optic,No,No,No,Yes,No,No,Two year,Yes,Bank transfer (automatic),76.07,3435.08,No
1813-JKWWN,Male,0,Yes,Yes,67,Yes,Yes,Fiber optic,Yes,No,No,Yes,No,Yes,Month-to-month,Yes,Bank transfer (automatic),84.96,5676.43,No
4782-MNQUX,Female,0,No,No,58,Yes,No,Fiber optic,Yes,Yes,No,Yes,No,Yes,Month-to-month,No,Mailed check,102.55,5948.49,No
2136-XGKRX,Male,0,Yes,No,9,Yes,No,DSL,Yes,No,No,Yes,Yes,Yes,Month-to-month,No,Bank transfer (automatic),65.68,608.22,Yes
3423-NEJUC,Female,0,Yes,No,3,Yes,Yes,Fiber optic,No,No,No,Yes,Yes,Yes,Month-to-month,Yes,Electronic check,80.62,251.84,Yes
7030-CGAGA,Male,1,No,No,51,Yes,Yes,No,No internet service,No internet service,No internet service,No internet service,No internet service,No internet service,One year,No,Electronic check,21.23,1084.35,No
3828-RUDCE,Male,0,Yes,Yes,17,Yes,No,Fiber optic,Yes,No,No,No,Yes,No,Two year,Yes,Credit card (automatic),79.03,1349.8,No
4565-BZZHJ,Male,0,Yes,No,50,Yes,Yes,DSL,Yes,No,No,Yes,No,No,Month-to-month,No,Electronic check,55.46,2770.39,No
2912-NBWPX,Female,0,No,No,22,Yes,No,DSL,No,Yes,No,No,No,Yes,Two year,No,Bank transfer (automatic),56.33,1250.21,No
8271-WBHPF,Female,1,No,No,24,No,No phone service,Fiber optic,No,No,Yes,No,Yes,Yes,Month-to-month,Yes,Electronic check,94.84,2284.58,Yes
2396-CFGGB,Male,0,No,No,59,No,No phone service,Fiber optic,Yes,Yes,Yes,Yes,Yes,No,Month-to-month,Yes,Mailed check,101.94,6015.17,Yes
2212-DUUUX,Male,0,No,No,36,Yes,No,No,No internet service,No internet service,No internet service,No internet service,No internet service,No internet service,Two year,No,Electronic check,19.17,692.64,No
6851-BTGNC,Female,0,No,Yes,67,Yes,No,DSL,No,Yes,No,No,Yes,Yes,Two year,No,Electronic check,65.14,4365.86,Yes
3958-AUXMB,Female,0,Yes,Yes,17,Yes,No,Fiber optic,Yes,Yes,No,No,No,Yes,Month-to-month,No,Electronic check,83.24,1411.75,Yes
4465-SRUHW,Female,0,No,No,28,Yes,Yes,Fiber optic,No,Yes,No,Yes,No,No,Two year,No,Credit card (automatic),88.43,2471.99,No
9797-LEZFF,Male,0,Yes,No,29,No,No phone service,Fiber optic,No,No,No,Yes,No,Yes,Month-to-month,No,Electronic check,79.04,2300.37,Yes
1513-KQDAE,Female,1,Yes,Yes,6,Yes,Yes,No,No internet service,No internet service,No internet service,No internet service,No internet service,No internet service,Month-to-month,No,Mailed check,23.57,136.27,Yes
7191-QZRDC,Male,1,No,Yes,40,Yes,No,DSL,No,No,No,No,Yes,No,Month-to-month,Yes,Bank transfer (automatic),47.7,1905.92,Yes
3812-GDDQQ,Female,0,No,No,36,Yes,Yes,DSL,No,No,No,No,No,No,Two year,Yes,Credit card (automatic),47.26,1700.91,No
7301-PXJRH,Male,1,Yes,No,26,Yes,Yes,No,No internet service,No internet service,No internet service,No internet service,No internet service,No internet service,Month-to-month,Yes,Credit card (automatic),18.25,468.41,No
6091-EEXWL,Female,0,Yes,No,20,Yes,No,DSL,No,No,No,Yes,Yes,No,Month-to-month,No,Bank transfer (automatic),53.53,1067.42,Yes
6561-ZPPJY,Female,0,No,No,42,Yes,No,No,No internet service,No internet service,No internet service,No internet service,No internet service,No internet service,One year,Yes,Credit card (automatic),19.1,794.4,No
4557-GBLTV,Female,0,No,No,50,Yes,Yes,Fiber optic,No,No,No,No,No,Yes,Month-to-month,Yes,Credit card (automatic),81.09,4065.5,Yes
7983-QSZDL,Female,0,No,Yes,70,Yes,No,DSL,Yes,No,No,No,No,No,One year,Yes,Mailed check,51.96,3625.82,No
5225-ZALLR,Female,1,Yes,Yes,12,Yes,No,DSL,No,No,No,No,No,No,Month-to-month,No,Electronic check,43.22,533.05,Yes
8972-ENLEV,Male,0,No,No,52,Yes,No,DSL,No,Yes,No,No,No,No,Two year,Yes,Mailed check,50.27,2631.04,No
8639-FSNVN,Female,0,Yes,No,62,Yes,No,Fiber optic,No,Yes,No,No,No,No,Month-to-month,Yes,Mailed check,73.56,4579.1,No
7714-DKLBP,Female,0,Yes,No,56,No,No phone service,DSL,Yes,Yes,No,Yes,No,Yes,Two year,Yes,Mailed check,68.1,3799.95,No
5916-PAYJH,Female,0,No,No,24,Yes,Yes,Fiber optic,No,No,Yes,No,Yes,Yes,Month-to-month,Yes,Mailed check,93.18,2240.95,Yes
7822-WFTYN,Male,0,No,No,12,Yes,No,DSL,No,No,No,No,No,Yes,Month-to-month,Yes,Bank transfer (automatic),54.74,646.21,No
1104-QGVLF,Female,0,Yes,No,36,Yes,No,No,No internet service,No internet service,No internet service,No internet service,No internet service,No internet service,One year,No,Mailed check,18.7,666.75,No
8093-YMWDZ,Male,0,Yes,Yes,29,Yes,No,No,No internet service,No internet service,No internet service,No internet service,No internet service,No internet service,One year,No,Bank transfer (automatic),19.87,576.65,Yes
8203-HDUJN,Female,1,No,No,11,Yes,No,Fiber optic,Yes,No,No,No,No,No,Month-to-month,Yes,Electronic check,83.0,911.59,Yes
6762-RRNVC,Female,0,Yes,No,64,Yes,Yes,No,No internet service,No internet service,No internet service,No internet service,No internet service,No internet service,One year,Yes,Mailed check,20.21,1296.05,No
2096-BESHL,Male,0,Yes,No,17,Yes,No,Fiber optic,No,No,Yes,No,Yes,Yes,Month-to-month,Yes,Bank transfer (automatic),89.0,1530.27,Yes
4668-AGGLU,Female,1,Yes,No,61,Yes,Yes,DSL,No,No,No,No,Yes,No,Month-to-month,Yes,Electronic check,54.16,3310.77,Yes
6865-KNYDM,Male,0,Yes,No,23,Yes,No,DSL,No,No,No,No,Yes,Yes,Month-to-month,Yes,Credit card (automatic),51.78,1175.41,Yes
1098-VQNPK,Male,0,Yes,Yes,59,Yes,Yes,Fiber optic,Yes,Yes,No,No,Yes,Yes,Month-to-month,Yes,Mailed check,90.18,5323.65,No
2528-XQDSW,Female,0,No,No,16,Yes,Yes,DSL,No,No,No,Yes,Yes,Yes,Two year,No,Credit card (automatic),62.3,998.26,No
1349-YHWFG,Male,0,No,No,59,Yes,Yes,No,No internet service,No internet service,No internet service,No internet service,No internet service,No internet service,Month-to-month,Yes,Mailed check,24.0,1422.24,No
6180-CUZXG,Female,0,No,No,8,Yes,No,No,No internet service,No internet service,No internet service,No internet service,No internet service,No internet service,Month-to-month,Yes,Electronic check,18.25,136.07,Yes
6830-FCFKP,Female,0,No,No,51,Yes,No,Fiber optic,Yes,No,No,No,No,Yes,Two year,Yes,Mailed check,83.79,4292.28,No
6236-UFNWT,Male,0,No,No,14,No,No phone service,Fiber optic,No,Yes,No,No,No,No,Two year,No,Mailed check,75.84,1076.63,No
5281-CZWLC,Male,0,No,No,27,Yes,No,DSL,No,No,No,No,Yes,Yes,Month-to-month,No,Bank transfer (automatic),53.58,1445.33,No
2991-XRMRN,Male,0,No,No,8,Yes,No,DSL,No,No,Yes,No,Yes,No,Month-to-month,No,Electronic check,55.48,434.89,Yes
5383-LALXW,Male,0,Yes,No,55,Yes,No,Fiber optic,No,No,No,No,No,No,One year,Yes,Mailed check,69.18,3792.63,No
4337-MHAFB,Female,0,No,Yes,35,Yes,Yes,Fiber optic,No,Yes,Yes,No,No,Yes,One year,Yes,Mailed check,96.38,3378.55,No
5941-TULZM,Female,0,Yes,No,55,Yes,No,Fiber optic,No,No,No,No,Yes,Yes,Month-to-month,Yes,Credit card (automatic),81.41,4482.86,No
7075-REJQT,Male,0,No,No,70,Yes,No,DSL,No,No,Yes,Yes,No,Yes,Two year,No,Electronic check,63.62,4439.32,No
1496-FEUMY,Female,0,No,No,19,Yes,Yes,Fiber optic,Yes,No,Yes,Yes,Yes,Yes,Month-to-month,Yes,Electronic check,98.78,1867.06,Yes
6212-DRFVV,Female,0,No,No,54,Yes,No,No,No internet service,No internet service,No internet service,No internet service,No internet service,No internet service,Month-to-month,No,Mailed check,18.59,1010.25,No
7063-ZGPDS,Female,1,No,Yes,59,No,No phone service,Fiber optic,No,Yes,No,No,Yes,No,Month-to-month,No,Credit card (automatic),77.6,4563.72,Yes
3670-LAZNZ,Female,0,Yes,No,34,Yes,Yes,Fiber optic,No,No,No,Yes,No,No,Two year,No,Bank transfer (automatic),75.12,2573.4,Yes
5073-NKJVC,Male,0,Yes,No,0,Yes,Yes,DSL,Yes,No,Yes,No,Yes,No,Month-to-month,No,Bank transfer (automatic),64.32, ,Yes
3445-XUWKR,Male,0,Yes,No,44,Yes,No,DSL,Yes,No,No,No,Yes,No,Two year,Yes,Credit card (automatic),58.75,2595.03,No
8740-HRJZZ,Female,1,Yes,No,68,Yes,No,Fiber optic,No,No,Yes,Yes,No,No,Two year,Yes,Electronic check,78.75,5358.54,Yes
6980-GDARU,Male,0,Yes,No,39,Yes,No,DSL,No,Yes,No,No,Yes,Yes,Month-to-month,Yes,Mailed check,63.31,2459.91,Yes
5339-ELSHK,Male,0,Yes,No,37,Yes,No,Fiber optic,No,No,No,Yes,No,Yes,Month-to-month,Yes,Electronic check,85.86,3173.79,Yes
6710-DJXBZ,Male,1,Yes,Yes,23,Yes,No,DSL,No,No,Yes,No,Yes,No,Month-to-month,No,Mailed check,51.66,1187.16,Yes
3895-BSPRY,Female,0,No,No,3,Yes,No,Fiber optic,No,Yes,No,No,No,Yes,Month-to-month,No,Electronic check,84.03,253.68,Yes
3106-JJZNX,Female,0,Yes,No,68,Yes,No,Fiber optic,No,Yes,Yes,No,No,Yes,One year,No,Mailed check,85.46,5815.38,No
8040-CXPPV,Female,0,Yes,No,12,Yes,Yes,DSL,No,Yes,No,No,No,Yes,Month-to-month,No,Electronic check,49.45,595.2,Yes
8687-TZDFX,Male,0,Yes,Yes,20,Yes,No,No,No internet service,No internet service,No internet service,No internet service,No internet service,No internet service,Two year,Yes,Bank transfer (automatic),18.25,364.97,No
5810-CWTCP,Female,0,No,Yes,31,Yes,Yes,No,No internet service,No internet service,No internet service,No internet service,No internet service,No internet service,Month-to-month,No,Mailed check,18.25,574.65,Yes
9951-URMZL,Female,0,Yes,Yes,37,Yes,No,Fiber optic,No,Yes,No,No,No,Yes,Two year,Yes,Bank transfer (automatic),78.24,2891.87,No
1167-ZRXZF,Male,0,No,No,31,No,No phone service,Fiber optic,No,No,No,Yes,Yes,No,Two year,Yes,Mailed check,86.73,2678.72,No
8597-SLFJQ,Female,0,Yes,Yes,56,Yes,No,Fiber optic,No,No,No,No,No,No,Two year,Yes,Bank transfer (automatic),68.5,3844.72,No
5291-TQNYH,Female,0,No,No,47,Yes,No,Fiber optic,No,Yes,No,No,Yes,Yes,Month-to-month,No,Electronic check,95.87,4511.96,No
3255-RAFDR,Male,0,No,No,29,Yes,No,Fiber optic,No,No,Yes,Yes,No,No,Month-to-month,Yes,Electronic check,80.21,2335.14,Yes
8349-ULVYT,Male,0,Yes,No,70,Yes,No,No,No internet service,No internet service,No internet service,No internet service,No internet service,No internet service,Two year,No,Credit card (automatic),19.62,1374.55,No
2919-RHLFH,Male,0,Yes,No,37,No,No phone service,Fiber optic,No,No,Yes,No,No,Yes,One year,No,Credit card (automatic),78.29,2882.85,Yes
9991-GPDYQ,Female,0,Yes,No,43,Yes,No,Fiber optic,No,No,No,Yes,No,No,Month-to-month,No,Mailed check,75.71,3257.99,No
5762-UYRXH,Female,1,No,No,25,Yes,Yes,DSL,No,Yes,No,No,No,No,Two year,Yes,Credit card (automatic),50.88,1270.16,No
7890-GZVWG,Female,0,Yes,Yes,1,Yes,No,DSL,No,No,Yes,No,Yes,Yes,Month-to-month,Yes,Electronic check,66.8,55.9,Yes
9382-UWTCL,Male,0,No,No,42,Yes,No,Fiber optic,Yes,Yes,No,No,Yes,Yes,Two year,Yes,Credit card (automatic),99.61,4190.49,No
5539-RVPKF,Male,0,No,No,42,Yes,No,No,No internet service,No internet service,No internet service,No internet service,No internet service,No internet service,Month-to-month,Yes,Electronic check,18.25,768.14,No
8666-WLARM,Female,0,No,Yes,62,Yes,No,Fiber optic,No,Yes,No,No,Yes,No,One year,Yes,Bank transfer (automatic),78.6,4880.64,No
9778-DFKXP,Female,0,Yes,No,72,Yes,Yes,Fiber optic,Yes,Yes,No,No,Yes,No,One year,No,Bank transfer (automatic),94.38,6794.63,No
8020-RDSSJ,Male,0,Yes,No,57,Yes,No,DSL,No,Yes,No,No,Yes,Yes,One year,No,Credit card (automatic),66.34,3790.2,No
7719-HYKUN,Male,0,No,No,47,Yes,No,Fiber optic,Yes,Yes,No,No,No,Yes,Month-to-month,No,Bank transfer (automatic),87.94,4138.24,Yes
6799-ZSPEE,Male,0,No,No,4,Yes,No,Fiber optic,Yes,No,Yes,Yes,No,No,One year,Yes,Electronic check,93.22,377.87,No
3841-HRBKW,Male,0,No,No,34,Yes,Yes,Fiber optic,Yes,No,No,No,No,No,One year,Yes,Electronic check,78.48,2660.01,No
8882-MMZWT,Female,0,No,No,15,Yes,Yes,Fiber optic,Yes,No,Yes,No,No,Yes,One year,Yes,Bank transfer (automatic),86.77,1320.06,Yes
1171-RSNCZ,Male,1,No,No,48,No,No phone service,No,No internet service,No internet service,No internet service,No internet service,No internet service,No internet service,Month-to-month,No,Credit card (automatic),20.13,962.36,Yes
1991-VZNNG,Female,0,No,No,59,Yes,No,No,No internet service,No internet service,No internet service,No internet service,No internet service,No internet service,Month-to-month,Yes,Mailed check,21.91,1277.89,No
9260-HGXTV,Female,0,No,No,50,Yes,No,Fiber optic,Yes,No,Yes,No,No,Yes,One year,Yes,Credit card (automatic),93.27,4669.44,No
6226-RNGYH,Female,0,Yes,No,58,Yes,No,No,No internet service,No internet service,No internet service,No internet service,No internet service,No internet service,Month-to-month,No,Electronic check,18.25,1056.38,No
4419-KLVSU,Male,0,No,No,63,Yes,Yes,Fiber optic,No,No,Yes,No,Yes,No,Two year,No,Mailed check,85.09,5370.4,No
1947-WYXSK,Male,0,Yes,Yes,12,Yes,Yes,No,No internet service,No internet service,No internet service,No internet service,No internet service,No internet service,Two year,Yes,Mailed check,18.25,221.24,No
4624-ANNDW,Male,0,Yes,No,25,Yes,Yes,Fiber optic,No,Yes,No,No,No,No,Month-to-month,No,Credit card (automatic),74.79,1871.11,Yes
4805-DFWDG,Male,0,No,No,69,Yes,No,No,No internet service,No internet service,No internet service,No internet service,No internet service,No internet service,Month-to-month,Yes,Credit card (automatic),22.4,1540.98,No
6043-DVPXW,Female,0,Yes,Yes,2,Yes,Yes,DSL,No,Yes,No,No,No,Yes,Month-to-month,Yes,Electronic check,63.7,115.03,No
4046-LWGXM,Male,0,Yes,Yes,11,Yes,Yes,Fiber optic,Yes,No,Yes,No,No,No,Month-to-month,Yes,Bank transfer (automatic),89.83,988.89,Yes
3187-DBQHG,Male,0,Yes,Yes,40,Yes,Yes,DSL,No,No,Yes,Yes,Yes,No,One year,No,Mailed check,64.77,2585.67,No
3934-QVLPM,Female,1,No,No,64,Yes,No,DSL,No,No,Yes,No,Yes,Yes,Two year,No,Mailed check,63.51,4060.47,No
2275-SXEZZ,Male,0,No,No,62,Yes,No,Fiber optic,Yes,Yes,No,No,Yes,Yes,Month-to-month,Yes,Credit card (automatic),96.11,5965.59,Yes
7724-MCSUY,Female,0,No,Yes,49,Yes,Yes,DSL,No,No,No,Yes,Yes,Yes,Month-to-month,Yes,Bank transfer (automatic),64.85,3199.62,No
8080-XMVNC,Female,0,Yes,No,46,Yes,Yes,Fiber optic,No,No,Yes,No,No,No,Two year,Yes,Mailed check,78.75,3644.57,No
7169-MACUE,Female,0,Yes,No,7,Yes,Yes,Fiber optic,No,No,No,Yes,No,No,Two year,Yes,Mailed check,81.5,581.21,Yes
8226-PARKB,Female,1,Yes,Yes,30,Yes,No,DSL,No,No,Yes,No,No,Yes,Month-to-month,Yes,Credit card (automatic),57.84,1743.29,No
6348-ZYNWG,Female,0,Yes,Yes,10,No,No phone service,Fiber optic,No,Yes,No,No,No,No,Month-to-month,No,Credit card (automatic),71.7,723.56,No
1216-EYRKZ,Female,0,No,No,16,Yes,No,No,No internet service,No internet service,No internet service,No internet service,No internet service,No internet service,Month-to-month,No,Mailed check,18.25,288.04,No
8114-KRXCC,Female,0,Yes,Yes,26,Yes,No,Fiber optic,Yes,Yes,Yes,No,Yes,Yes,One year,Yes,Electronic check,100.93,2613.19,No
3017-TJVRW,Female,0,Yes,Yes,26,Yes,No,DSL,No,Yes,No,No,Yes,No,Month-to-month,Yes,Electronic check,53.31,1393.86,Yes
1515-KVMKK,Male,0,Yes,No,55,Yes,Yes,Fiber optic,No,Yes,No,No,No,No,One year,No,Electronic check,72.83,3999.91,Yes
3653-ETRWN,Male,0,Yes,No,68,Yes,No,DSL,No,Yes,No,No,No,No,Month-to-month,Yes,Credit card (automatic),56.55,3856.86,No
4861-HJMGU,Male,1,Yes,No,46,Yes,Yes,Fiber optic,No,Yes,No,No,Yes,Yes,Month-to-month,Yes,Credit card (automatic),96.72,4446.12,Yes
8210-XQQSR,Male,0,No,No,18,Yes,No,Fiber optic,No,No,No,No,Yes,No,Month-to-month,No,Credit card (automatic),76.4,1370.35,Yes
9243-BFFBU,Female,0,No,No,56,Yes,No,No,No internet service,No internet service,No internet service,No internet service,No internet service,No internet service,One year,Yes,Mailed check,21.66,1230.25,No
2991-AHJTF,Male,0,No,Yes,30,Yes,No,Fiber optic,No,No,Yes,Yes,No,No,Month-to-month,Yes,Mailed check,76.43,2302.69,Yes
9774-VMUHM,Female,0,No,Yes,15,Yes,No,Fiber optic,No,No,Yes,No,Yes,No,Month-to-month,No,Electronic check,85.89,1295.35,Yes
9800-WYAYJ,Male,0,Yes,No,44,Yes,No,Fiber optic,No,No,No,No,Yes,Yes,Month-to-month,No,Bank transfer (automatic),89.46,3926.85,Yes
5574-WWYLF,Male,0,No,No,26,No,No phone service,Fiber optic,No,Yes,Yes,Yes,Yes,No,One year,No,Credit card (automatic),88.17,2290.47,No
4082-KAAKN,Male,1,No,No,60,Yes,No,No,No internet service,No internet service,No internet service,No internet service,No internet service,No internet service,Month-to-month,No,Credit card (automatic),18.66,1124.12,No
7223-JBVTN,Female,0,Yes,Yes,25,Yes,No,DSL,Yes,Yes,No,No,No,No,Two year,Yes,Bank transfer (automatic),53.08,1301.21,No
9066-BLJYW,Male,0,No,Yes,28,Yes,No,DSL,Yes,Yes,No,Yes,No,No,Two year,Yes,Electronic check,66.37,1855.64,No
4064-CYGUB,Female,0,No,Yes,43,Yes,No,DSL,Yes,Yes,No,No,Yes,No,Two year,No,Bank transfer (automatic),68.47,2935.97,No
4532-CQLMU,Female,0,Yes,No,28,Yes,No,DSL,Yes,No,No,Yes,Yes,Yes,Month-to-month,Yes,Electronic check,57.49,1620.16,No
6012-WAYMU,Male,0,No,Yes,1,Yes,No,Fiber optic,No,No,Yes,Yes,Yes,No,Two year,No,Credit card (automatic),84.11,87.94,Yes
9746-MDVCG,Male,0,No,No,5,Yes,No,Fiber optic,No,Yes,Yes,Yes,No,No,Month-to-month,Yes,Credit card (automatic),93.77,460.66,Yes
2401-UQHYQ,Male,0,No,No,8,Yes,Yes,No,No internet service,No internet service,No internet service,No internet service,No internet service,No internet service,Two year,No,Credit card (automatic),24.84,204.95,No
6272-UKBGH,Female,0,No,Yes,14,Yes,No,Fiber optic,No,No,Yes,No,No,No,Two year,Yes,Credit card (automatic),74.95,1063.01,No
3758-QHRAE,Male,1,Yes,Yes,57,Yes,Yes,Fiber optic,No,No,No,No,Yes,No,Two year,No,Electronic check,78.79,4470.64,No
8594-TNMZG,Female,1,Yes,No,1,Yes,No,Fiber optic,No,No,Yes,Yes,Yes,Yes,One year,No,Electronic check,99.0,95.0,No
4676-MQZWQ,Female,0,No,Yes,2,Yes,No,No,No internet service,No internet service,No internet service,No internet service,No internet service,No internet service,Month-to-month,Yes,Electronic check,19.29,32.47,No
5504-TPYSR,Male,0,No,Yes,51,Yes,No,Fiber optic,Yes,Yes,No,No,No,Yes,Two year,Yes,Bank transfer (automatic),81.06,4143.95,No
5595-YZNFH,Male,0,No,Yes,54,Yes,Yes,DSL,No,No,No,Yes,Yes,Yes,Month-to-month,No,Credit card (automatic),63.58,3438.03,Yes
1795-SDPVD,Female,0,Yes,No,52,Yes,No,DSL,Yes,No,No,Yes,Yes,No,Two year,No,Electronic check,66.22,3464.66,No
7345-YRFGK,Female,0,Yes,No,71,Yes,No,No,No internet service,No internet service,No internet service,No internet service,No internet service,No internet service,Two year,Yes,Mailed check,18.73,1336.73,No
2031-GHUCM,Female,0,Yes,Yes,39,Yes,No,Fiber optic,Yes,No,No,Yes,No,No,Two year,No,Electronic check,85.61,3347.94,No
7692-QCAWN,Male,0,Yes,No,38,Yes,No,DSL,No,Yes,Yes,Yes,No,No,Month-to-month,Yes,Bank transfer (automatic),58.8,2247.35,No
1559-ZZRZQ,Female,0,Yes,No,42,Yes,No,Fiber optic,No,No,Yes,No,Yes,No,One year,No,Credit card (automatic),80.99,3396.85,Yes
8908-VRLHV,Male,0,Yes,No,12,Yes,Yes,No,No internet service,No internet service,No internet service,No internet service,No internet service,No internet service,Month-to-month,Yes,Mailed check,21.63,273.11,No
7685-JJFDL,Female,0,Yes,Yes,36,Yes,No,No,No internet service,No internet service,No internet service,No internet service,No internet service,No internet service,Two year,Yes,Bank transfer (automatic),18.25,644.42,No
5768-MVEGC,Female,0,Yes,No,54,Yes,Yes,Fiber optic,No,No,No,No,No,No,One year,No,Mailed check,71.21,3846.0,No
8657-RTFYW,Male,0,Yes,No,31,Yes,No,No,No internet service,No internet service,No internet service,No internet service,No internet service,No internet service,One year,Yes,Credit card (automatic),25.5,780.26,No
2807-JYREW,Female,0,No,No,13,Yes,No,Fiber optic,No,No,No,No,Yes,Yes,Two year,Yes,Electronic check,85.55,1121.85,No
3875-NDTRS,Male,0,No,No,64,Yes,No,Fiber optic,No,No,Yes,Yes,No,No,Month-to-month,No,Bank transfer (automatic),80.88,5173.06,Yes
4858-YBFPG,Male,1,Yes,No,26,Yes,Yes,Fiber optic,No,No,No,No,No,No,Month-to-month,No,Electronic check,68.23,1772.64,Yes
8285-QJTTZ,Female,0,No,No,23,Yes,Yes,No,No internet service,No internet service,No internet service,No internet service,No internet service,No internet service,Month-to-month,Yes,Bank transfer (automatic),19.84,451.03,No
7475-NVUMD,Male,0,No,No,21,Yes,No,Fiber optic,Yes,No,No,No,Yes,Yes,Month-to-month,Yes,Credit card (automatic),93.68,1981.99,No
7185-LNCLH,Male,0,No,No,44,Yes,No,DSL,No,No,No,Yes,Yes,Yes,Month-to-month,Yes,Credit card (automatic),58.56,2579.58,No
5415-PXZHR,Female,1,Yes,No,7,Yes,No,Fiber optic,No,No,No,Yes,Yes,No,One year,Yes,Electronic check,87.54,600.12,No
2718-QQKEE,Male,0,Yes,Yes,66,Yes,No,Fiber optic,No,Yes,Yes,No,Yes,Yes,Month-to-month,No,Electronic check,84.32,5580.83,No
1572-GJUXN,Male,0,No,Yes,63,Yes,No,Fiber optic,No,Yes,Yes,Yes,Yes,No,Two year,No,Credit card (automatic),99.65,6286.7,No
8861-RUWXB,Male,1,Yes,No,46,Yes,No,DSL,No,No,No,No,Yes,No,Month-to-month,No,Electronic check,52.13,2393.44,Yes
2187-GSYNX,Female,0,No,No,20,Yes,Yes,Fiber optic,Yes,Yes,No,Yes,Yes,No,Month-to-month,Yes,Electronic check,101.49,2039.06,No
3630-DYEEV,Male,1,No,No,31,Yes,Yes,DSL,No,No,Yes,No,Yes,No,Two year,No,Electronic check,61.28,1893.23,No
3387-YNTMC,Female,1,No,No,44,Yes,Yes,No,No internet service,No internet service,No internet service,No internet service,No internet service,No internet service,Month-to-month,Yes,Mailed check,23.38,1031.09,Yes
1275-KJDYB,Female,1,Yes,Yes,43,Yes,Yes,Fiber optic,No,Yes,No,No,No,Yes,Month-to-month,No,Electronic check,82.49,3550.22,Yes
2163-FEWLJ,Male,0,Yes,No,40,Yes,No,No,No internet service,No internet service,No internet service,No internet service,No internet service,No internet service,One year,No,Electronic check,18.25,724.35,No
8411-PYGKE,Male,0,Yes,Yes,51,Yes,No,Fiber optic,No,No,Yes,No,Yes,No,Month-to-month,No,Bank transfer (automatic),85.66,4371.39,No
9265-VJRGG,Male,0,No,No,10,Yes,No,Fiber optic,No,No,No,Yes,No,Yes,Month-to-month,Yes,Mailed check,87.14,840.28,Yes
1674-AFXCX,Female,0,Yes,No,17,Yes,Yes,DSL,No,No,No,Yes,No,No,One year,Yes,Credit card (automatic),50.61,856.16,No
4783-DDDXU,Male,0,No,Yes,10,No,No phone service,Fiber optic,No,Yes,No,No,No,No,Month-to-month,Yes,Mailed check,77.43,762.14,Yes
9421-GJDKU,Male,0,Yes,Yes,26,Yes,No,No,No internet service,No internet service,No internet service,No internet service,No internet service,No internet service,Month-to-month,Yes,Bank transfer (automatic),21.72,574.67,No
9534-BJNXH,Male,0,Yes,Yes,42,Yes,No,DSL,No,No,Yes,No,Yes,No,One year,Yes,Credit card (automatic),54.54,2270.24,No
3935-NMZVZ,Male,0,Yes,Yes,64,Yes,No,DSL,No,No,Yes,Yes,No,No,Month-to-month,Yes,Electronic check,54.08,3443.65,No
9751-NVVWH,Male,0,No,No,53,Yes,Yes,No,No internet service,No internet service,No internet service,No internet service,No internet service,No internet service,Two year,No,Mailed check,18.25,961.88,No
8235-LQQMT,Female,0,No,Yes,28,No,No phone service,No,No internet service,No internet service,No internet service,No internet service,No internet service,No internet service,Month-to-month,Yes,Mailed check,19.72,550.89,No
6780-TLQMX,Female,0,Yes,Yes,20,Yes,No,Fiber optic,No,Yes,No,Yes,No,No,Month-to-month,Yes,Bank transfer (automatic),85.21,1705.49,Yes
7368-VTXRW,Male,0,No,Yes,28,Yes,No,Fiber optic,No,No,Yes,Yes,No,Yes,Month-to-month,Yes,Mailed check,87.32,2470.53,Yes
5654-XZWMD,Male,0,No,No,8,Yes,No,Fiber optic,Yes,Yes,No,No,No,No,Month-to-month,No,Mailed check,75.17,595.22,Yes
7604-GWWVJ,Male,0,No,No,60,Yes,Yes,Fiber optic,No,Yes,No,No,Yes,No,Month-to-month,No,Mailed check,75.48,4531.27,No
4930-HZPUD,Male,0,No,Yes,61,No,No phone service,Fiber optic,Yes,No,Yes,Yes,Yes,No,One year,No,Credit card (automatic),83.34,5072.18,No
8081-LBQVQ,Female,0,Yes,No,70,Yes,Yes,Fiber optic,No,No,Yes,Yes,No,No,One year,No,Bank transfer (automatic),84.99,5950.34,No
5709-PUDVM,Male,0,Yes,No,4,Yes,Yes,Fiber optic,No,No,No,Yes,No,No,Month-to-month,No,Mailed check,77.11,304.41,Yes
1187-DBAGF,Female,0,No,No,14,Yes,No,DSL,No,Yes,Yes,Yes,Yes,No,Month-to-month,Yes,Electronic check,68.88,939.3,No
5604-BHTUC,Female,0,Yes,No,56,Yes,No,DSL,No,Yes,No,No,No,Yes,Month-to-month,No,Credit card (automatic),51.07,2868.62,No
9048-ZQLJN,Male,1,Yes,Yes,4,Yes,Yes,Fiber optic,No,No,No,No,No,No,Two year,Yes,Credit card (automatic),66.84,266.15,Yes
9266-TYFCM,Female,0,Yes,No,19,Yes,No,DSL,Yes,Yes,No,Yes,Yes,No,One year,Yes,Bank transfer (automatic),66.95,1279.91,No
6396-KSNEG,Female,0,No,No,3,Yes,No,Fiber optic,No,Yes,Yes,No,Yes,Yes,Two year,Yes,Mailed check,97.26,279.13,No
2505-KUBER,Female,0,Yes,No,55,Yes,No,DSL,Yes,No,No,Yes,Yes,No,One year,No,Mailed check,61.06,3352.35,No
6020-KYGXS,Female,0,No,Yes,33,Yes,Yes,DSL,No,No,No,No,Yes,No,Two year,Yes,Bank transfer (automatic),48.8,1599.96,No
6200-DHSEN,Male,0,Yes,No,39,Yes,Yes,Fiber optic,Yes,Yes,Yes,No,Yes,Yes,Two year,No,Electronic check,104.83,4081.42,Yes
4149-FNAMG,Male,0,No,No,68,No,No phone service,DSL,No,No,Yes,Yes,No,No,Month-to-month,Yes,Electronic check,60.25,4093.84,No
8117-NVZKJ,Female,0,Yes,Yes,67,Yes,No,Fiber optic,No,No,Yes,No,No,No,One year,Yes,Electronic check,75.67,5057.66,No
6597-DXTER,Male,0,No,Yes,21,Yes,No,DSL,Yes,No,No,No,No,Yes,One year,No,Credit card (automatic),60.54,1272.98,No
4760-URDYT,Male,0,No,No,13,Yes,Yes,Fiber optic,No,Yes,No,No,Yes,Yes,Month-to-month,No,Bank transfer (automatic),88.0,1138.53,Yes
6615-XARXN,Male,0,No,No,67,No,No phone service,DSL,No,Yes,Yes,Yes,No,No,Month-to-month,Yes,Mailed check,69.11,4616.28,No
6916-AWTNX,Male,0,Yes,No,7,Yes,Yes,DSL,No,Yes,Yes,No,Yes,No,Month-to-month,Yes,Credit card (automatic),61.81,431.32,Yes
4776-PTQKD,Male,1,No,No,66,Yes,Yes,Fiber optic,Yes,Yes,Yes,No,No,No,One year,Yes,Electronic check,81.87,5403.57,No
6533-SUXYU,Female,0,Yes,No,45,Yes,Yes,Fiber optic,No,No,No,No,Yes,No,One year,No,Mailed check,76.17,3426.67,No
7151-DNVYF,Male,0,Yes,Yes,28,Yes,Yes,DSL,Yes,No,No,Yes,No,Yes,Month-to-month,No,Electronic check,61.72,1757.75,No
8421-FHLNU,Male,0,No,No,11,No,No phone service,Fiber optic,Yes,Yes,Yes,No,No,No,Month-to-month,Yes,Bank transfer (automatic),84.43,917.8,Yes
4140-CKNSH,Male,0,No,No,51,No,No phone service,DSL,No,No,No,Yes,No,No,Month-to-month,Yes,Credit card (automatic),48.0,2447.03,No
6094-YDTCZ,Male,0,No,No,57,Yes,No,Fiber optic,No,No,No,Yes,No,No,Month-to-month,Yes,Bank transfer (automatic),75.26,4297.11,No
3085-LEHUB,Female,0,No,Yes,1,Yes,No,Fiber optic,No,Yes,No,Yes,Yes,Yes,Month-to-month,Yes,Bank transfer (automatic),92.86,96.05,Yes
5146-PARUP,Female,0,Yes,Yes,0,Yes,No,DSL,No,No,Yes,No,Yes,No,Month-to-month,Yes,Mailed check,57.21, ,No
8684-DYTAJ,Female,0,No,Yes,54,Yes,Yes,No,No internet service,No internet service,No internet service,No internet service,No internet service,No internet service,One year,Yes,Bank transfer (automatic),23.79,1276.16,No
1395-YBKXX,Female,0,Yes,No,33,Yes,Yes,No,No internet service,No internet service,No internet service,No internet service,No internet service,No internet service,One year,No,Bank transfer (automatic),22.27,723.52,No
6451-VDXLN,Male,0,No,No,63,Yes,Yes,DSL,No,No,Yes,No,Yes,No,Two year,No,Bank transfer (automatic),54.25,3427.24,No
6125-ETBAK,Female,1,No,Yes,67,Yes,No,DSL,Yes,Yes,Yes,No,Yes,Yes,Month-to-month,No,Mailed check,79.74,5336.55,Yes
9597-FSCLC,Male,0,No,No,11,Yes,Yes,DSL,Yes,No,No,Yes,No,No,Month-to-month,Yes,Bank transfer (automatic),54.54,602.83,No
7733-VZXUC,Male,0,Yes,No,49,Yes,Yes,No,No internet service,No internet service,No internet service,No internet service,No internet service,No internet service,Month-to-month,Yes,Mailed check,18.25,890.36,No
3728-WYFDJ,Male,0,No,No,20,Yes,Yes,Fiber optic,No,Yes,No,No,Yes,Yes,Two year,Yes,Mailed check,82.97,1683.41,No
6245-YQJZS,Male,0,Yes,No,9,Yes,No,DSL,Yes,Yes,No,Yes,No,Yes,Month-to-month,Yes,Mailed check,70.2,636.28,Yes
8641-JBESB,Male,1,Yes,Yes,69,Yes,No,No,No internet service,No internet service,No internet service,No internet service,No internet service,No internet service,Two year,Yes,Credit card (automatic),22.48,1534.03,No
4029-VEWBC,Female,0,Yes,Yes,13,Yes,Yes,Fiber optic,No,No,Yes,No,Yes,Yes,Two year,Yes,Credit card (automatic),80.81,1046.78,No
5878-PHNRF,Female,0,No,No,39,Yes,Yes,Fiber optic,No,Yes,No,No,No,Yes,Month-to-month,No,Bank transfer (automatic),79.66,3128.1,No
2685-SZYHG,Female,0,Yes,No,29,No,No phone service,No,No internet service,No internet service,No internet service,No internet service,No internet service,No internet service,One year,Yes,Credit card (automatic),21.7,620.8,No
2243-XTWDC,Female,0,Yes,Yes,72,Yes,Yes,No,No internet service,No internet service,No internet service,No internet service,No internet service,No internet service,Two year,No,Electronic check,18.25,1330.72,No
2352-MNTCX,Male,0,Yes,No,13,Yes,Yes,DSL,Yes,No,No,No,No,No,One year,Yes,Credit card (automatic),51.3,659.65,No
4074-EFNGD,Female,0,Yes,No,51,Yes,Yes,Fiber optic,No,No,No,Yes,Yes,No,Month-to-month,Yes,Electronic check,91.6,4671.88,Yes
3841-XTMDZ,Male,0,No,No,16,Yes,No,Fiber optic,Yes,Yes,Yes,No,No,No,Month-to-month,Yes,Credit card (automatic),84.88,1350.57,Yes
4518-GMUBP,Female,1,No,Yes,61,Yes,Yes,DSL,No,No,No,No,Yes,No,Month-to-month,Yes,Electronic check,46.48,2840.34,Yes
4336-HCNEN,Male,0,Yes,No,21,Yes,No,DSL,No,No,No,Yes,No,Yes,Two year,No,Electronic check,59.05,1268.16,Yes
3347-SLKZQ,Male,0,No,No,52,Yes,Yes,Fiber optic,No,No,No,No,No,No,Month-to-month,Yes,Credit card (automatic),73.87,3829.61,No
3635-SBFSG,Female,0,No,No,31,Yes,No,No,No internet service,No internet service,No internet service,No internet service,No internet service,No internet service,Month-to-month,No,Electronic check,20.06,615.21,No
6829-RCFYX,Male,0,No,No,54,Yes,No,No,No internet service,No internet service,No internet service,No internet service,No internet service,No internet service,Month-to-month,Yes,Credit card (automatic),18.25,979.17,No
2417-QUCQY,Male,0,No,No,21,No,No phone service,No,No internet service,No internet service,No internet service,No internet service,No internet service,No internet service,Two year,No,Electronic check,20.84,438.26,No
4418-TMEYH,Female,0,Yes,No,37,Yes,No,No,No internet service,No internet service,No internet service,No internet service,No internet service,No internet service,One year,Yes,Mailed check,23.82,882.91,No
2200-LRXMB,Male,0,No,No,49,Yes,No,DSL,No,Yes,No,No,Yes,Yes,Month-to-month,Yes,Electronic check,62.03,3037.39,No
8401-GWTZW,Female,0,Yes,No,65,Yes,No,Fiber optic,Yes,Yes,No,Yes,Yes,Yes,Two year,Yes,Credit card (automatic),100.54,6525.55,No
5722-XDXTC,Female,1,Yes,No,44,Yes,Yes,Fiber optic,No,Yes,No,No,Yes,Yes,Two year,Yes,Mailed check,81.19,3575.07,No
7067-ELHMB,Female,0,No,Yes,7,Yes,Yes,Fiber optic,No,Yes,Yes,No,Yes,No,Month-to-month,Yes,Mailed check,95.1,645.07,No
1857-YHVJQ,Male,0,No,No,64,Yes,Yes,No,No internet service,No internet service,No internet service,No internet service,No internet service,No internet service,Two year,Yes,Electronic check,18.82,1203.08,No
7998-VJVER,Male,0,Yes,No,39,Yes,Yes,Fiber optic,Yes,No,Yes,Yes,Yes,Yes,Two year,No,Electronic check,91.89,3573.88,No
8865-ARKXY,Male,1,Yes,No,4,Yes,Yes,Fiber optic,No,No,Yes,No,Yes,No,Two year,No,Electronic check,82.31,328.87,Yes
3903-BPQQG,Female,0,No,No,44,Yes,Yes,Fiber optic,Yes,No,No,No,Yes,Yes,Month-to-month,No,Electronic check,92.71,4080.77,Yes
6331-MDBZN,Male,0,No,Yes,45,Yes,No,Fiber optic,Yes,Yes,Yes,No,No,Yes,Month-to-month,No,Electronic check,92.79,4185.01,No
7923-FHSHB,Female,0,No,No,35,Yes,No,DSL,No,No,No,Yes,Yes,No,Month-to-month,No,Credit card (automatic),53.42,1856.73,No
8372-FFXQF,Female,1,Yes,No,16,Yes,No,No,No internet service,No internet service,No internet service,No internet service,No internet service,No internet service,Month-to-month,Yes,Bank transfer (automatic),18.87,303.45,No
3580-EHHKR,Male,1,No,No,40,No,No phone service,DSL,No,No,No,No,Yes,No,One year,No,Electronic check,48.11,1927.76,No
9458-EVYVX,Female,0,Yes,No,29,Yes,Yes,DSL,Yes,No,No,No,Yes,No,Month-to-month,No,Electronic check,50.78,1472.94,No
6184-UGWDV,Male,0,Yes,No,51,Yes,Yes,Fiber optic,No,No,No,No,No,Yes,Month-to-month,No,Mailed check,76.93,3927.09,No
4624-CDYKP,Male,0,Yes,No,19,No,No phone service,Fiber optic,No,No,No,No,No,Yes,One year,Yes,Electronic check,74.96,1417.46,No
5595-LQMJG,Male,0,No,No,35,Yes,No,No,No internet service,No internet service,No internet service,No internet service,No internet service,No internet service,Month-to-month,No,Electronic check,18.94,676.18,No
6843-BXBGD,Male,0,No,No,65,Yes,Yes,No,No internet service,No internet service,No internet service,No internet service,No internet service,No internet service,Two year,Yes,Credit card (automatic),21.21,1373.2,No
9461-LLQHF,Male,0,No,No,44,Yes,No,Fiber optic,No,No,No,No,No,No,One year,No,Credit card (automatic),64.58,2850.76,No
1872-ULDDK,Female,1,No,No,3,Yes,No,Fiber optic,No,No,Yes,No,Yes,Yes,Two year,Yes,Bank transfer (automatic),90.89,273.09,No
9217-YUXBS,Female,0,Yes,No,49,Yes,Yes,Fiber optic,No,No,Yes,Yes,Yes,Yes,Month-to-month,No,Credit card (automatic),95.6,4682.91,No
7590-LTUWU,Female,0,Yes,No,54,Yes,No,No,No internet service,No internet service,No internet service,No internet service,No internet service,No internet service,Two year,Yes,Mailed check,23.8,1277.16,No
8120-SMBED,Male,0,Yes,No,58,Yes,Yes,DSL,Yes,No,Yes,No,Yes,Yes,Month-to-month,No,Electronic check,64.53,3750.16,No
8759-KZPRK,Male,0,No,Yes,41,Yes,No,Fiber optic,No,Yes,Yes,No,No,No,Two year,No,Bank transfer (automatic),86.52,3543.95,No
4429-DFXJH,Male,0,No,Yes,1,Yes,No,Fiber optic,No,No,No,No,Yes,No,Two year,No,Electronic check,69.37,91.66,Yes
1038-MMSUN,Female,0,No,No,45,Yes,Yes,DSL,Yes,Yes,Yes,Yes,Yes,Yes,Month-to-month,Yes,Bank transfer (automatic),72.66,3249.26,No
9538-GKKGR,Male,0,No,No,1,Yes,Yes,Fiber optic,No,No,No,No,No,Yes,Two year,Yes,Credit card (automatic),74.05,99.24,Yes
7923-KSHGT,Female,1,No,No,49,Yes,Yes,Fiber optic,No,No,Yes,No,Yes,No,Month-to-month,No,Bank transfer (automatic),82.39,4033.45,No
5179-KSJYQ,Female,0,No,No,0,Yes,Yes,No,No internet service,No internet service,No internet service,No internet service,No internet service,No internet service,One year,Yes,Electronic check,18.25, ,No
7929-PSGXQ,Male,0,No,No,12,Yes,No,No,No internet service,No internet service,No internet service,No internet service,No internet service,No internet service,Two year,Yes,Credit card (automatic),18.66,229.83,No
9764-LRBWP,Male,0,No,No,69,Yes,No,Fiber optic,No,Yes,No,No,Yes,Yes,One year,Yes,Bank transfer (automatic),80.18,5555.92,No
3439-JCUVV,Female,0,No,No,21,Yes,No,No,No internet service,No internet service,No internet service,No internet service,No internet service,No internet service,Month-to-month,Yes,Credit card (automatic),21.68,448.26,No
7857-WGNEY,Male,0,No,No,16,Yes,No,DSL,No,No,No,No,No,No,One year,No,Bank transfer (automatic),45.59,740.17,Yes
1193-PZWQP,Female,0,No,No,58,Yes,Yes,Fiber optic,No,Yes,Yes,Yes,Yes,Yes,Month-to-month,Yes,Credit card (automatic),105.47,6125.17,No
3318-BXLAL,Male,0,Yes,Yes,69,Yes,Yes,Fiber optic,No,No,No,Yes,Yes,Yes,Two year,Yes,Mailed check,88.91,6138.74,No
8122-BKCPG,Male,0,Yes,No,2,Yes,Yes,Fiber optic,Yes,No,No,Yes,No,No,Month-to-month,No,Mailed check,83.62,169.84,Yes
9364-GEGZY,Female,0,Yes,Yes,69,Yes,Yes,No,No internet service,No internet service,No internet service,No internet service,No internet service,No internet service,Month-to-month,No,Electronic check,21.08,1460.68,No
6896-JZNZT,Male,0,Yes,No,48,Yes,Yes,DSL,Yes,Yes,No,Yes,Yes,Yes,Two year,No,Credit card (automatic),81.58,3920.78,No
1560-KPDNB,Female,0,No,Yes,49,Yes,No,No,No internet service,No internet service,No internet service,No internet service,No internet service,No internet service,Two year,No,Mailed check,18.87,923.21,No
4607-BHCPT,Male,1,Yes,No,34,Yes,Yes,DSL,No,Yes,No,No,Yes,Yes,Month-to-month,Yes,Credit card (automatic),60.59,2059.39,No
1642-KLFBZ,Female,0,Yes,Yes,22,Yes,No,Fiber optic,No,Yes,No,No,Yes,Yes,Month-to-month,Yes,Mailed check,91.06,2009.2,No
4469-UXJSU,Female,0,Yes,Yes,71,Yes,Yes,DSL,Yes,No,Yes,Yes,Yes,No,Two year,Yes,Credit card (automatic),65.71,4665.03,No
7266-GCJFY,Male,1,No,No,6,Yes,Yes,No,No internet service,No internet service,No internet service,No internet service,No internet service,No internet service,Two year,Yes,Credit card (automatic),18.25,108.58,Yes
9819-NSYUS,Female,0,Yes,Yes,49,Yes,No,DSL,No,No,Yes,No,No,No,One year,Yes,Electronic check,44.61,2180.73,No
6226-KYBZD,Male,0,Yes,Yes,9,Yes,No,Fiber optic,No,No,Yes,No,No,No,Month-to-month,Yes,Bank transfer (automatic),75.35,699.94,Yes
6080-URMJH,Male,1,Yes,No,54,Yes,No,No,No internet service,No internet service,No internet service,No internet service,No internet service,No internet service,Month-to-month,No,Electronic check,22.37,1214.65,No
1311-PRAHW,Male,0,Yes,Yes,18,Yes,No,No,No internet service,No internet service,No internet service,No internet service,No internet service,No internet service,Month-to-month,No,Electronic check,19.53,364.02,Yes
4973-BRSFM,Female,1,No,Yes,22,Yes,Yes,No,No internet service,No internet service,No internet service,No internet service,No internet service,No internet service,Month-to-month,Yes,Electronic check,23.52,513.67,Yes
6511-ECLKH,Female,1,Yes,Yes,63,Yes,No,Fiber optic,No,No,No,Yes,No,No,Month-to-month,No,Electronic check,77.01,4856.26,No
9260-NYWPZ,Male,0,No,No,32,Yes,No,Fiber optic,No,Yes,Yes,No,No,No,Two year,Yes,Mailed check,82.86,2657.97,Yes
5203-PAHQJ,Male,0,No,No,65,Yes,No,No,No internet service,No internet service,No internet service,No internet service,No internet service,No internet service,Month-to-month,Yes,Mailed check,25.18,1638.11,No
1807-APZJG,Female,0,No,No,8,Yes,No,No,No internet service,No internet service,No internet service,No internet service,No internet service,No internet service,Month-to-month,No,Mailed check,18.25,144.11,Yes
1388-HXUGE,Male,0,Yes,No,28,Yes,Yes,Fiber optic,No,No,Yes,No,Yes,No,Month-to-month,No,Electronic check,83.53,2319.94,Yes
2710-GLDYL,Male,0,Yes,Yes,17,Yes,No,Fiber optic,No,No,No,Yes,No,No,Month-to-month,Yes,Electronic check,75.08,1277.27,Yes
3391-KYJJZ,Female,0,Yes,No,70,Yes,No,No,No internet service,No internet service,No internet service,No internet service,No internet service,No internet service,One year,Yes,Bank transfer (automatic),18.25,1264.21,No
4607-SQAWE,Male,0,Yes,No,28,Yes,No,No,No internet service,No internet service,No internet service,No internet service,No internet service,No internet service,Month-to-month,Yes,Mailed check,27.76,773.26,Yes
8688-EDWBV,Female,0,No,No,60,Yes,No,DSL,No,No,Yes,No,No,Yes,Two year,Yes,Electronic check,58.29,3495.49,No
4068-AHJMB,Male,0,Yes,No,4,Yes,No,Fiber optic,No,No,No,Yes,No,Yes,Month-to-month,No,Electronic check,81.84,336.23,Yes
5552-KBFAY,Female,0,Yes,No,68,Yes,Yes,No,No internet service,No internet service,No internet service,No internet service,No internet service,No internet service,Two year,Yes,Credit card (automatic),21.39,1452.48,No
7517-CYSRF,Male,0,No,Yes,55,Yes,No,DSL,No,No,Yes,No,No,No,One year,No,Credit card (automatic),48.89,2693.54,No
9914-TBBFH,Male,0,No,No,51,Yes,No,No,No internet service,No internet service,No internet service,No internet service,No internet service,No internet service,Month-to-month,Yes,Mailed check,18.25,939.19,No
6752-CKDJX,Female,1,Yes,No,14,Yes,No,Fiber optic,No,Yes,Yes,No,No,No,Month-to-month,No,Credit card (automatic),82.16,1148.47,Yes
9666-MNLTX,Male,1,Yes,No,19,Yes,No,Fiber optic,No,Yes,Yes,Yes,No,No,Two year,Yes,Mailed check,84.89,1614.06,Yes
9046-WMCSW,Female,0,Yes,No,72,Yes,No,DSL,No,No,Yes,No,No,No,Month-to-month,Yes,Electronic check,58.48,4205.47,No
9518-QFAKS,Male,1,No,Yes,15,Yes,Yes,DSL,Yes,No,No,No,Yes,Yes,Month-to-month,Yes,Mailed check,62.29,960.03,Yes
3147-XXATE,Female,0,No,No,24,Yes,No,Fiber optic,No,No,No,No,No,Yes,Two year,Yes,Credit card (automatic),80.08,1914.24,No
4519-NKPXS,Female,0,No,Yes,56,No,No phone service,Fiber optic,Yes,No,No,No,No,Yes,Two year,No,Electronic check,84.09,4722.66,No
1543-HRVJJ,Female,0,No,Yes,20,No,No phone service,Fiber optic,No,No,No,Yes,Yes,No,Month-to-month,Yes,Electronic check,81.5,1622.8,No
2779-YYZTA,Female,0,No,No,4,Yes,No,Fiber optic,No,No,No,Yes,No,No,Two year,No,Electronic check,80.41,329.11,No
1461-NCGQF,Male,1,Yes,No,8,No,No phone service,Fiber optic,Yes,No,Yes,No,Yes,Yes,One year,Yes,Bank transfer (automatic),93.66,758.92,Yes
9264-XXBAQ,Male,0,Yes,No,10,Yes,Yes,No,No internet service,No internet service,No internet service,No internet service,No internet service,No internet service,Month-to-month,No,Credit card (automatic),19.21,184.51,No
7310-BLEJK,Female,0,No,No,64,Yes,No,No,No internet service,No internet service,No internet service,No internet service,No internet service,No internet service,Month-to-month,Yes,Credit card (automatic),21.74,1394.8,No
7256-NXGQG,Female,0,No,No,62,No,No phone service,Fiber optic,No,No,Yes,No,No,Yes,Month-to-month,Yes,Electronic check,87.26,5410.57,Yes
7176-JXQNF,Female,0,Yes,Yes,25,Yes,No,No,No internet service,No internet service,No internet service,No internet service,No internet service,No internet service,One year,No,Bank transfer (automatic),18.65,469.86,No
4347-YNQMP,Male,0,No,No,18,Yes,Yes,No,No internet service,No internet service,No internet service,No internet service,No internet service,No internet service,One year,No,Mailed check,22.45,417.17,Yes
7072-AAEAP,Male,0,No,No,15,Yes,No,Fiber optic,Yes,No,No,No,Yes,No,One year,No,Electronic check,79.58,1203.48,No
7975-XJTKC,Male,0,Yes,No,55,Yes,Yes,DSL,Yes,Yes,Yes,No,No,Yes,Month-to-month,Yes,Bank transfer (automatic),74.89,4121.35,No
7963-QGQPJ,Male,0,No,No,67,Yes,Yes,DSL,Yes,Yes,No,Yes,Yes,Yes,Two year,Yes,Electronic check,77.99,5218.87,No
7011-UEMQS,Female,0,Yes,No,29,No,No phone service,No,No internet service,No internet service,No internet service,No internet service,No internet service,No internet service,Month-to-month,Yes,Electronic check,22.24,647.39,No
2125-UDRYX,Female,0,No,No,6,No,No phone service,DSL,No,Yes,No,Yes,No,Yes,One year,No,Credit card (automatic),61.99,374.55,Yes
5538-AELFK,Female,0,Yes,No,11,Yes,Yes,DSL,Yes,Yes,No,No,No,No,Month-to-month,No,Bank transfer (automatic),58.88,660.19,Yes
1842-GNAVQ,Male,0,No,No,23,Yes,Yes,DSL,Yes,Yes,No,Yes,No,No,Month-to-month,Yes,Electronic check,62.73,1452.53,No
2666-XYEVG,Male,0,No,No,21,Yes,Yes,Fiber optic,Yes,No,No,No,No,No,Month-to-month,Yes,Bank transfer (automatic),69.25,1433.25,Yes
2415-KUEAF,Male,0,Yes,No,46,Yes,Yes,Fiber optic,No,No,No,Yes,No,Yes,Month-to-month,No,Electronic check,84.85,3890.32,Yes
7392-LKQGC,Female,0,No,No,29,Yes,Yes,Fiber optic,No,Yes,No,No,Yes,Yes,Month-to-month,Yes,Electronic check,101.25,2926.33,Yes
4401-JAXZQ,Female,0,No,No,59,No,No phone service,DSL,No,Yes,Yes,Yes,Yes,Yes,Month-to-month,No,Electronic check,81.56,4806.19,No
1339-NBGQM,Male,1,No,No,38,Yes,No,DSL,Yes,No,No,No,Yes,No,Month-to-month,Yes,Bank transfer (automatic),56.48,2141.63,No
5602-BCHBG,Female,0,Yes,No,19,Yes,No,DSL,No,No,Yes,No,Yes,Yes,Month-to-month,Yes,Electronic check,63.56,1207.61,No
8250-HJMMZ,Male,0,No,No,25,Yes,No,Fiber optic,No,Yes,Yes,No,Yes,No,Two year,No,Electronic check,99.5,2486.85,No
8882-SBMDT,Male,1,Yes,No,48,Yes,No,Fiber optic,No,No,No,No,Yes,Yes,Month-to-month,Yes,Credit card (automatic),77.5,3720.96,No
2133-CGKVR,Female,0,Yes,No,68,Yes,No,DSL,Yes,Yes,Yes,No,Yes,No,Month-to-month,Yes,Electronic check,68.53,4660.45,No
7149-ULTXW,Male,0,Yes,No,41,Yes,No,DSL,Yes,No,No,No,No,Yes,Two year,Yes,Bank transfer (automatic),56.81,2317.94,No
7727-NLTKA,Female,0,Yes,No,5,Yes,Yes,No,No internet service,No internet service,No internet service,No internet service,No internet service,No internet service,One year,No,Electronic check,22.25,99.68,Yes
6328-YVYKK,Male,0,No,No,52,Yes,No,No,No internet service,No internet service,No internet service,No internet service,No internet service,No internet service,Month-to-month,Yes,Credit card (automatic),20.51,1075.33,No
6800-NPLLD,Female,0,Yes,Yes,33,Yes,Yes,DSL,Yes,Yes,No,Yes,Yes,No,Two year,No,Mailed check,71.68,2375.62,No
9462-GDYFC,Female,1,Yes,Yes,68,Yes,No,Fiber optic,No,Yes,Yes,No,No,No,Two year,No,Bank transfer (automatic),77.22,5250.62,Yes
2125-BLFLH,Female,0,No,No,9,Yes,No,Fiber optic,No,Yes,No,No,Yes,No,Month-to-month,Yes,Electronic check,78.11,697.02,No
2479-HEHED,Male,0,No,No,27,Yes,Yes,DSL,No,No,Yes,Yes,Yes,Yes,Month-to-month,Yes,Credit card (automatic),68.34,1843.56,Yes
5681-ZHSWU,Male,1,No,No,2,Yes,No,No,No internet service,No internet service,No internet service,No internet service,No internet service,No internet service,Month-to-month,Yes,Bank transfer (automatic),18.87,46.36,No
7161-ASHND,Female,1,Yes,Yes,47,Yes,Yes,DSL,No,No,No,Yes,No,Yes,Two year,No,Electronic check,51.13,2390.09,No
1551-NDHSV,Female,0,No,Yes,65,Yes,Yes,DSL,No,Yes,Yes,Yes,Yes,No,Month-to-month,No,Mailed check,76.09,4924.81,No
7786-JQWQF,Male,0,Yes,No,34,Yes,Yes,Fiber optic,No,No,Yes,No,No,Yes,Month-to-month,Yes,Credit card (automatic),83.13,2832.99,No
8671-TAZWY,Male,0,No,Yes,51,Yes,No,No,No internet service,No internet service,No internet service,No internet service,No internet service,No internet service,One year,Yes,Bank transfer (automatic),26.57,1356.55,No
9919-SNHBC,Male,0,No,No,61,Yes,Yes,No,No internet service,No internet service,No internet service,No internet service,No internet service,No internet service,Two year,No,Credit card (automatic),20.39,1243.83,No
1308-DTQWC,Female,0,No,No,51,Yes,No,Fiber optic,No,No,No,No,Yes,No,Two year,Yes,Credit card (automatic),71.01,3631.81,Yes
3648-FQVQG,Male,1,Yes,No,46,Yes,No,Fiber optic,Yes,Yes,No,Yes,Yes,No,Month-to-month,No,Electronic check,101.76,4694.02,Yes
7565-FZTFX,Male,0,Yes,Yes,53,Yes,Yes,Fiber optic,Yes,No,Yes,No,No,No,Two year,No,Bank transfer (automatic),83.11,4391.72,No
9792-RANUB,Female,0,Yes,Yes,27,Yes,No,No,No internet service,No internet service,No internet service,No internet service,No internet service,No internet service,Month-to-month,Yes,Electronic check,18.31,496.66,No
6727-SSAEC,Male,0,Yes,No,22,Yes,No,DSL,Yes,No,No,No,No,No,One year,Yes,Electronic check,53.63,1192.29,Yes
2774-VNKMZ,Male,0,Yes,Yes,34,Yes,No,DSL,Yes,Yes,No,Yes,No,No,Month-to-month,Yes,Electronic check,57.47,1972.69,No
2040-DRRSY,Male,0,No,No,31,Yes,Yes,No,No internet service,No internet service,No internet service,No internet service,No internet service,No internet service,One year,Yes,Credit card (automatic),18.25,559.22,No
8252-AUCFW,Female,0,Yes,No,1,Yes,No,No,No internet service,No internet service,No internet service,No internet service,No internet service,No internet service,One year,Yes,Electronic check,22.13,32.97,No
3084-VYZLT,Female,0,No,Yes,15,Yes,No,Fiber optic,Yes,Yes,No,No,Yes,No,Month-to-month,Yes,Bank transfer (automatic),90.62,1365.94,Yes
7138-FTUSF,Female,0,Yes,Yes,15,Yes,No,Fiber optic,No,Yes,No,Yes,Yes,Yes,Month-to-month,No,Bank transfer (automatic),96.57,1428.33,No
1773-VTPFE,Female,0,Yes,Yes,50,Yes,Yes,No,No internet service,No internet service,No internet service,No internet service,No internet service,No internet service,Month-to-month,Yes,Bank transfer (automatic),20.06,1014.06,No
1771-JMCNL,Female,0,No,No,66,No,No phone service,No,No internet service,No internet service,No internet service,No internet service,No internet service,No internet service,One year,Yes,Bank transfer (automatic),22.0,1438.44,No
5347-BHKMS,Female,0,No,Yes,53,Yes,Yes,No,No internet service,No internet service,No internet service,No internet service,No internet service,No internet service,Two year,No,Credit card (automatic),21.05,1122.91,No
2883-JULSU,Female,0,Yes,No,19,Yes,Yes,Fiber optic,No,No,No,No,No,No,One year,No,Credit card (automatic),71.1,1361.57,Yes
6919-MBNDJ,Male,0,Yes,No,32,Yes,Yes,No,No internet service,No internet service,No internet service,No internet service,No internet service,No internet service,Month-to-month,Yes,Electronic check,21.17,659.11,Yes
2554-EDUJD,Male,0,No,No,7,Yes,No,DSL,No,No,No,No,Yes,No,Month-to-month,No,Credit card (automatic),50.24,357.59,No
6234-XTJJZ,Female,0,Yes,Yes,23,Yes,Yes,Fiber optic,No,No,No,No,Yes,Yes,One year,Yes,Electronic check,83.85,1942.83,No
5680-MBHMX,Male,0,Yes,No,52,Yes,No,DSL,No,Yes,Yes,Yes,No,No,Two year,Yes,Bank transfer (automatic),64.14,3339.69,No
5106-VRESU,Male,0,No,No,63,Yes,Yes,DSL,Yes,No,No,No,No,No,Month-to-month,Yes,Electronic check,51.04,3213.57,Yes
5780-NTAMJ,Female,0,Yes,No,57,Yes,No,Fiber optic,Yes,No,No,Yes,No,Yes,Month-to-month,No,Credit card (automatic),94.82,5392.94,Yes
3516-EFATW,Male,1,Yes,No,36,Yes,Yes,DSL,Yes,No,No,No,Yes,No,One year,Yes,Bank transfer (automatic),50.91,1832.8,No
3864-YCYHD,Male,0,No,No,11,Yes,No,DSL,No,Yes,Yes,Yes,Yes,Yes,Month-to-month,Yes,Mailed check,82.41,917.22,Yes
1024-EAQFA,Male,0,No,No,3,Yes,No,DSL,No,No,Yes,Yes,Yes,No,Month-to-month,No,Credit card (automatic),57.31,172.33,Yes
4229-NNFYN,Male,0,Yes,No,30,Yes,No,No,No internet service,No internet service,No internet service,No internet service,No internet service,No internet service,Month-to-month,Yes,Electronic check,18.71,543.74,No
3012-MRUTC,Male,0,No,No,37,Yes,Yes,DSL,Yes,No,Yes,Yes,Yes,Yes,Two year,No,Bank transfer (automatic),73.56,2724.88,No
2776-DNHNB,Female,1,Yes,No,36,No,No phone service,DSL,No,No,No,No,No,No,Month-to-month,Yes,Electronic check,44.83,1600.8,No
2901-MMLRF,Female,0,No,Yes,13,Yes,No,Fiber optic,Yes,No,No,No,No,Yes,Month-to-month,No,Electronic check,85.97,1124.99,Yes
1725-CFHMG,Female,0,No,No,72,Yes,Yes,No,No internet service,No internet service,No internet service,No internet service,No internet service,No internet service,Month-to-month,No,Electronic check,18.25,1313.68,Yes
2384-MNHNH,Male,0,Yes,No,23,Yes,Yes,Fiber optic,No,No,No,No,Yes,Yes,Month-to-month,No,Bank transfer (automatic),84.28,1942.71,Yes
6389-EJLAE,Female,0,Yes,Yes,9,Yes,Yes,No,No internet service,No internet service,No internet service,No internet service,No internet service,No internet service,Month-to-month,Yes,Credit card (automatic),18.25,174.16,No
1306-QAJHX,Male,0,Yes,No,37,Yes,No,DSL,No,No,Yes,Yes,No,Yes,Two year,Yes,Mailed check,57.8,2132.14,No
2933-XWYNY,Male,0,No,Yes,42,Yes,No,Fiber optic,Yes,No,Yes,No,No,No,Month-to-month,No,Bank transfer (automatic),80.58,3376.78,No
7591-WPDDM,Male,0,No,Yes,36,Yes,Yes,No,No internet service,No internet service,No internet service,No internet service,No internet service,No internet service,Month-to-month,No,Bank transfer (automatic),21.26,772.59,No
2305-CWKSB,Male,0,Yes,No,41,Yes,Yes,Fiber optic,No,No,No,No,Yes,No,Month-to-month,Yes,Credit card (automatic),76.13,3138.91,Yes
3111-LNCZF,Female,1,Yes,No,31,Yes,Yes,DSL,No,No,Yes,No,No,Yes,Month-to-month,Yes,Credit card (automatic),55.04,1687.76,No
9507-BVKFQ,Female,1,Yes,No,13,Yes,Yes,Fiber optic,No,Yes,Yes,No,Yes,Yes,Month-to-month,Yes,Bank transfer (automatic),85.18,1101.23,Yes
2849-GYXXD,Male,0,Yes,No,3,Yes,No,No,No internet service,No internet service,No internet service,No internet service,No internet service,No internet service,Month-to-month,Yes,Electronic check,18.25,59.58,Yes
1462-LRBTB,Female,0,Yes,Yes,23,Yes,No,No,No internet service,No internet service,No internet service,No internet service,No internet service,No internet service,Two year,No,Electronic check,21.12,491.13,No
5145-TBAXH,Male,0,No,No,9,Yes,Yes,DSL,No,Yes,Yes,Yes,No,No,Two year,No,Credit card (automatic),62.13,562.05,No
3135-TLXUH,Female,0,No,Yes,15,Yes,No,DSL,No,No,Yes,No,Yes,Yes,One year,Yes,Electronic check,67.76,1019.85,No
7841-KUXDP,Female,1,No,No,38,No,No phone service,No,No internet service,No internet service,No internet service,No internet service,No internet service,No internet service,Two year,Yes,Electronic check,21.82,809.39,No
2609-XPNHQ,Male,0,No,No,17,Yes,No,DSL,No,No,No,Yes,No,Yes,Two year,Yes,Credit card (automatic),56.9,968.73,No
3474-KEWGN,Female,0,No,No,24,Yes,Yes,Fiber optic,Yes,Yes,Yes,Yes,Yes,No,Month-to-month,No,Mailed check,93.76,2257.36,Yes
3950-ESAZN,Male,0,No,No,6,Yes,No,DSL,No,No,No,Yes,Yes,Yes,Two year,No,Mailed check,66.74,398.53,No
7804-PSMRT,Female,0,No,No,55,Yes,Yes,DSL,No,No,No,No,No,Yes,One year,Yes,Electronic check,52.33,2862.28,No
1472-RWQFC,Male,1,Yes,No,46,Yes,No,No,No internet service,No internet service,No internet service,No internet service,No internet service,No internet service,Month-to-month,No,Credit card (automatic),25.9,1188.29,Yes
1514-QMSQX,Male,1,Yes,Yes,2,Yes,Yes,Fiber optic,Yes,No,No,Yes,No,Yes,Month-to-month,No,Mailed check,86.77,156.04,Yes
6061-NPCML,Female,0,Yes,No,0,Yes,No,Fiber optic,No,No,Yes,No,No,No,Month-to-month,No,Electronic check,80.61, ,Yes
1934-BTWQP,Female,0,No,Yes,32,Yes,No,DSL,No,Yes,No,No,Yes,No,Two year,No,Credit card (automatic),58.66,1853.95,No
5574-ABHXH,Male,1,No,No,70,No,No phone service,No,No internet service,No internet service,No internet service,No internet service,No internet service,No internet service,Month-to-month,No,Credit card (automatic),18.25,1274.46,No
5475-WCERN,Female,1,Yes,No,58,Yes,Yes,Fiber optic,No,No,No,No,Yes,No,Month-to-month,Yes,Bank transfer (automatic),76.49,4445.67,Yes
2774-MHPVT,Female,0,No,No,71,Yes,No,Fiber optic,Yes,Yes,Yes,No,Yes,No,One year,Yes,Mailed check,98.73,7014.91,No
6177-HFTDA,Male,0,No,No,31,Yes,No,DSL,No,Yes,Yes,Yes,Yes,No,Two year,Yes,Electronic check,65.06,2010.51,No
8684-HFQZW,Male,0,Yes,No,16,No,No phone service,Fiber optic,Yes,No,No,Yes,No,Yes,One year,No,Mailed check,86.84,1397.09,No
3375-XBAKS,Female,0,Yes,Yes,16,Yes,Yes,Fiber optic,No,Yes,Yes,No,No,Yes,Month-to-month,Yes,Mailed check,79.89,1282.81,No
6252-MCHKX,Male,1,Yes,Yes,20,Yes,Yes,Fiber optic,No,Yes,No,No,No,Yes,Month-to-month,Yes,Mailed check,78.72,1578.79,No
4249-WWRYH,Male,0,Yes,No,54,Yes,No,No,No internet service,No internet service,No internet service,No internet service,No internet service,No internet service,One year,Yes,Bank transfer (automatic),18.25,965.28,No
9308-LFVPM,Male,1,No,No,5,Yes,No,Fiber optic,No,No,No,No,No,No,Two year,No,Electronic check,68.61,345.98,Yes
9125-TQRUT,Female,0,No,No,48,Yes,Yes,DSL,No,Yes,No,Yes,Yes,Yes,Month-to-month,No,Bank transfer (automatic),60.2,2888.41,No
6934-YPQTA,Female,0,No,No,25,Yes,No,DSL,Yes,No,Yes,Yes,Yes,Yes,Month-to-month,Yes,Credit card (automatic),66.83,1674.03,Yes
4850-SMNMN,Male,0,No,Yes,31,Yes,Yes,Fiber optic,No,No,No,No,Yes,No,Month-to-month,Yes,Electronic check,74.76,2321.44,Yes
1678-JQBQX,Female,0,No,No,71,Yes,No,No,No internet service,No internet service,No internet service,No internet service,No internet service,No internet service,Month-to-month,Yes,Mailed check,20.56,1453.88,No
8990-GBPGY,Male,0,No,Yes,43,Yes,Yes,DSL,No,Yes,No,Yes,No,No,Month-to-month,Yes,Bank transfer (automatic),54.72,2364.14,No
1902-HZANA,Female,0,No,Yes,58,Yes,No,DSL,Yes,No,No,No,No,No,Two year,Yes,Credit card (automatic),52.39,3012.14,No
9452-KAUPP,Male,0,No,Yes,28,Yes,Yes,Fiber optic,No,No,No,Yes,No,No,Two year,Yes,Electronic check,73.25,2050.31,No
1354-EUDBF,Male,0,No,No,16,Yes,Yes,DSL,No,No,Yes,Yes,Yes,Yes,Month-to-month,Yes,Bank transfer (automatic),63.43,1013.17,No
9391-SEEZC,Female,0,Yes,No,17,Yes,No,No,No internet service,No internet service,No internet service,No internet service,No internet service,No internet service,Two year,Yes,Bank transfer (automatic),24.6,413.89,No
5997-UHANF,Male,0,No,Yes,39,Yes,No,Fiber optic,No,Yes,No,Yes,Yes,No,Two year,No,Mailed check,87.54,3400.01,No
3598-TDMDL,Female,0,Yes,No,62,Yes,Yes,DSL,No,No,No,No,No,Yes,Two year,Yes,Electronic check,54.69,3389.95,No
4708-JPZTJ,Female,0,No,No,44,No,No phone service,Fiber optic,Yes,No,No,No,Yes,No,Month-to-month,No,Electronic check,81.03,3563.98,No
4852-LMFTZ,Male,0,Yes,No,2,Yes,Yes,Fiber optic,No,No,Yes,No,No,No,Two year,Yes,Credit card (automatic),82.15,158.74,No
9675-VGJXB,Male,0,Yes,No,2,Yes,No,No,No internet service,No internet service,No internet service,No internet service,No internet service,No internet service,Month-to-month,Yes,Bank transfer (automatic),22.69,36.67,No
2286-ZLPPT,Female,0,No,Yes,37,Yes,Yes,No,No internet service,No internet service,No internet service,No internet service,No internet service,No internet service,One year,No,Electronic check,22.14,824.98,No
2640-YTWZE,Male,0,Yes,No,72,Yes,Yes,DSL,Yes,No,No,No,Yes,No,Month-to-month,Yes,Credit card (automatic),55.47,3993.6,No
9735-TGRYK,Male,0,Yes,Yes,39,Yes,No,DSL,No,Yes,No,No,Yes,No,One year,No,Bank transfer (automatic),59.01,2307.65,No
1533-PQAMQ,Male,0,Yes,No,67,Yes,No,Fiber optic,Yes,Yes,Yes,No,No,Yes,Month-to-month,Yes,Electronic check,90.44,6059.38,No
5278-YLGTH,Male,1,No,No,53,Yes,No,Fiber optic,No,No,No,Yes,No,No,One year,Yes,Bank transfer (automatic),73.57,3892.44,No
3499-PYBBP,Male,0,No,Yes,19,Yes,Yes,DSL,No,No,No,No,No,No,Month-to-month,No,Credit card (automatic),49.54,939.95,Yes
5097-GEWGP,Female,0,No,No,14,Yes,No,No,No internet service,No internet service,No internet service,No internet service,No internet service,No internet service,Month-to-month,No,Credit card (automatic),19.63,269.84,No
6204-RQGRP,Female,0,No,Yes,4,Yes,Yes,Fiber optic,No,No,Yes,No,No,No,One year,Yes,Bank transfer (automatic),71.66,273.78,No
2715-LPGDJ,Male,0,Yes,No,38,Yes,Yes,Fiber optic,No,No,No,Yes,No,No,Month-to-month,Yes,Electronic check,78.1,2972.64,No
5808-BCTBP,Male,0,Yes,Yes,39,Yes,No,DSL,No,No,No,No,Yes,No,Month-to-month,Yes,Credit card (automatic),49.86,1945.44,No
7032-LUURG,Male,0,Yes,No,6,Yes,No,DSL,No,Yes,Yes,Yes,No,Yes,Month-to-month,No,Credit card (automatic),67.72,418.13,No
9799-LRCDS,Female,0,No,No,71,No,No phone service,Fiber optic,No,No,No,No,No,Yes,Two year,Yes,Mailed check,77.15,5474.44,No
7020-KAHGG,Male,0,No,Yes,32,No,No phone service,No,No internet service,No internet service,No internet service,No internet service,No internet service,No internet service,Two year,No,Bank transfer (automatic),26.11,825.19,No
9169-QFPWV,Female,0,Yes,No,36,Yes,No,No,No internet service,No internet service,No internet service,No internet service,No internet service,No internet service,Month-to-month,Yes,Mailed check,23.54,841.57,No
9469-NFKXT,Female,0,Yes,No,31,Yes,Yes,Fiber optic,Yes,No,No,No,No,No,Month-to-month,No,Bank transfer (automatic),76.9,2394.01,Yes
9898-YGCCK,Female,0,Yes,No,42,Yes,No,Fiber optic,No,Yes,No,Yes,No,Yes,Month-to-month,Yes,Bank transfer (automatic),94.02,3933.64,No
5504-SUNZW,Male,0,No,No,62,Yes,Yes,Fiber optic,No,No,Yes,No,No,No,Two year,No,Mailed check,65.89,4072.64,No
7990-LMRAC,Female,0,Yes,No,35,Yes,No,DSL,No,No,Yes,No,No,No,One year,Yes,Mailed check,54.27,1921.01,Yes
4707-VDRED,Male,0,Yes,No,48,Yes,No,Fiber optic,No,Yes,No,No,No,Yes,Month-to-month,Yes,Mailed check,85.05,4071.66,No
1047-PEKVJ,Female,0,Yes,Yes,24,Yes,No,No,No internet service,No internet service,No internet service,No internet service,No internet service,No internet service,Month-to-month,Yes,Bank transfer (automatic),18.25,445.72,No
5013-LUXNJ,Male,0,No,No,65,No,No phone service,Fiber optic,Yes,No,Yes,No,No,No,Month-to-month,Yes,Mailed check,84.39,5487.33,Yes
3414-FLRQW,Female,0,No,Yes,8,Yes,Yes,DSL,No,No,No,No,No,No,Month-to-month,No,Bank transfer (automatic),42.09,329.51,No
1392-FTFQR,Male,0,Yes,No,17,Yes,No,Fiber optic,No,No,Yes,No,Yes,No,Two year,No,Electronic check,84.98,1445.04,No
1378-HPYLR,Female,0,No,No,21,No,No phone service,Fiber optic,No,No,No,No,No,Yes,Month-to-month,Yes,Mailed check,81.48,1699.65,No
3078-CRNEZ,Male,0,No,No,14,Yes,Yes,Fiber optic,No,No,No,No,No,No,Month-to-month,No,Electronic check,62.16,868.18,Yes
8301-ZMEBB,Male,0,No,No,6,No,No phone service,No,No internet service,No internet service,No internet service,No internet service,No internet service,No internet service,Month-to-month,No,Bank transfer (automatic),26.2,156.5,Yes
8684-JMTJL,Male,0,Yes,Yes,12,Yes,Yes,DSL,No,Yes,No,Yes,Yes,Yes,Month-to-month,No,Electronic check,75.51,916.62,No
2311-VEJYL,Male,0,No,Yes,35,Yes,Yes,Fiber optic,No,Yes,No,Yes,No,No,One year,Yes,Mailed check,77.76,2720.55,Yes
7109-AQZYP,Female,1,No,Yes,15,Yes,Yes,No,No internet service,No internet service,No internet service,No internet service,No internet service,No internet service,Two year,Yes,Bank transfer (automatic),20.4,309.52,No
4120-QCBGJ,Female,0,Yes,No,40,Yes,Yes,Fiber optic,No,Yes,No,Yes,No,Yes,Month-to-month,Yes,Mailed check,91.83,3679.12,No
5540-AAZYQ,Male,0,No,No,20,Yes,Yes,No,No internet service,No internet service,No internet service,No internet service,No internet service,No internet service,Month-to-month,Yes,Bank transfer (automatic),18.43,347.18,Yes
5704-QYVUH,Female,1,Yes,No,27,Yes,No,DSL,No,Yes,No,No,Yes,Yes,Two year,Yes,Credit card (automatic),71.07,1916.0,No
2798-YSYSY,Male,0,Yes,No,16,Yes,No,DSL,No,No,No,No,No,No,One year,No,Bank transfer (automatic),43.64,699.93,No
5033-GFZMP,Male,0,Yes,No,64,Yes,Yes,DSL,Yes,Yes,Yes,No,No,Yes,One year,No,Electronic check,60.57,3884.68,No
6799-RXBSK,Female,0,Yes,No,12,Yes,No,No,No internet service,No internet service,No internet service,No internet service,No internet service,No internet service,One year,Yes,Mailed check,25.73,308.92,No
3016-NFAAR,Male,0,Yes,Yes,35,Yes,Yes,No,No internet service,No internet service,No internet service,No internet service,No internet service,No internet service,Month-to-month,Yes,Bank transfer (automatic),18.27,627.0,No
2874-DBGMQ,Male,0,Yes,Yes,57,No,No phone service,DSL,No,No,No,No,No,Yes,One year,Yes,Electronic check,52.8,3024.25,No
7801-RGQHJ,Female,0,No,No,19,Yes,No,Fiber optic,No,Yes,No,Yes,No,Yes,Two year,Yes,Credit card (automatic),93.1,1772.3,Yes
6721-JELGB,Male,0,No,No,51,Yes,Yes,DSL,No,Yes,Yes,No,No,Yes,Month-to-month,No,Credit card (automatic),66.62,3393.64,No
8453-NQYAH,Male,0,Yes,No,5,Yes,Yes,Fiber optic,No,Yes,No,No,Yes,Yes,Month-to-month,Yes,Electronic check,81.78,410.37,No
3886-HGWNJ,Male,1,No,No,22,Yes,No,DSL,No,No,Yes,Yes,No,Yes,Month-to-month,Yes,Bank transfer (automatic),69.37,1504.58,No
6886-XWUPF,Male,1,No,No,41,No,No phone service,DSL,No,No,No,No,Yes,No,Month-to-month,No,Mailed check,52.65,2146.01,No
8234-CDMEH,Female,0,Yes,No,23,Yes,Yes,Fiber optic,No,No,No,No,Yes,Yes,One year,No,Bank transfer (automatic),86.79,1996.45,Yes
7363-QKMFT,Female,0,Yes,Yes,4,No,No phone service,No,No internet service,No internet service,No internet service,No internet service,No internet service,No internet service,Two year,No,Credit card (automatic),22.04,88.15,No
1497-LZYAD,Female,0,No,Yes,31,No,No phone service,Fiber optic,No,Yes,No,Yes,No,No,Month-to-month,Yes,Electronic check,78.36,2426.33,No
3861-TEDNS,Male,1,No,Yes,45,Yes,No,Fiber optic,No,No,No,No,No,No,One year,No,Mailed check,69.38,3128.29,No
8466-RAQHW,Male,0,Yes,Yes,16,Yes,No,Fiber optic,No,No,No,Yes,Yes,No,Month-to-month,Yes,Mailed check,81.83,1307.98,Yes
7816-TVBJM,Female,0,Yes,No,26,Yes,No,DSL,Yes,No,No,Yes,No,Yes,Two year,Yes,Credit card (automatic),67.37,1760.28,No
9463-NUFZK,Male,0,No,No,67,Yes,No,Fiber optic,Yes,No,No,No,No,No,Month-to-month,No,Electronic check,84.92,5692.07,Yes
5467-FNTLX,Male,0,No,No,22,Yes,No,Fiber optic,No,No,Yes,Yes,No,No,Two year,No,Credit card (automatic),78.17,1727.59,No
1823-YXPVY,Male,0,Yes,No,33,No,No phone service,Fiber optic,Yes,Yes,No,No,No,No,One year,Yes,Mailed check,81.86,2702.23,No
9950-WJPMQ,Male,0,No,Yes,20,Yes,No,DSL,No,Yes,Yes,No,No,Yes,One year,Yes,Credit card (automatic),61.08,1228.77,No
8889-GXJBN,Female,0,Yes,No,21,Yes,No,DSL,No,Yes,Yes,No,No,No,Month-to-month,Yes,Mailed check,60.72,1280.71,No
2276-MTJLE,Female,0,Yes,No,64,Yes,No,No,No internet service,No internet service,No internet service,No internet service,No internet service,No internet service,Month-to-month,Yes,Bank transfer (automatic),20.22,1309.54,No
9209-UPBTA,Female,0,Yes,No,31,Yes,No,DSL,Yes,Yes,Yes,Yes,No,No,Month-to-month,Yes,Credit card (automatic),75.4,2357.24,Yes
2585-RGWCG,Male,0,No,No,61,Yes,No,Fiber optic,Yes,No,Yes,No,Yes,No,Month-to-month,No,Bank transfer (automatic),89.67,5475.25,No
8682-QWCKU,Female,1,Yes,No,27,Yes,No,Fiber optic,No,No,No,Yes,Yes,Yes,Month-to-month,Yes,Electronic check,93.56,2515.26,Yes
9629-YALAD,Female,1,Yes,No,6,Yes,Yes,No,No internet service,No internet service,No internet service,No internet service,No internet service,No internet service,Month-to-month,Yes,Electronic check,24.28,155.65,Yes
4628-AAAHZ,Male,1,No,Yes,53,Yes,Yes,No,No internet service,No internet service,No internet service,No internet service,No internet service,No internet service,One year,Yes,Mailed check,18.25,960.14,No
4895-NELRJ,Male,1,No,Yes,69,Yes,Yes,No,No internet service,No internet service,No internet service,No internet service,No internet service,No internet service,Month-to-month,No,Bank transfer (automatic),21.52,1493.29,No
8387-LHZWB,Female,0,Yes,No,13,No,No phone service,Fiber optic,No,No,No,Yes,Yes,No,Two year,Yes,Electronic check,80.84,1050.76,No
1758-BMGUP,Female,0,Yes,No,54,Yes,Yes,Fiber optic,No,Yes,No,No,No,Yes,Month-to-month,Yes,Electronic check,79.98,4321.66,Yes
7598-WDXUC,Female,0,No,No,57,Yes,No,DSL,Yes,No,No,No,No,No,Month-to-month,No,Mailed check,56.72,3224.33,No
5063-NKQMC,Female,1,No,No,43,Yes,No,DSL,No,Yes,Yes,Yes,Yes,Yes,One year,Yes,Mailed check,75.62,3248.99,Yes
2107-JKMZT,Male,0,Yes,No,45,No,No phone service,DSL,No,No,No,No,Yes,Yes,Month-to-month,Yes,Electronic check,53.64,2401.58,No
6953-VMRGC,Female,0,No,Yes,13,Yes,Yes,Fiber optic,No,Yes,No,Yes,No,No,Two year,Yes,Mailed check,81.16,1047.68,No
5548-SVZUG,Female,0,Yes,Yes,43,Yes,Yes,No,No internet service,No internet service,No internet service,No internet service,No internet service,No internet service,Month-to-month,Yes,Bank transfer (automatic),22.83,983.39,Yes
7158-NEDLC,Male,0,No,Yes,40,Yes,Yes,DSL,Yes,No,No,No,Yes,Yes,Month-to-month,Yes,Mailed check,66.62,2669.39,No
2927-AJRRD,Female,0,Yes,No,72,No,No phone service,Fiber optic,Yes,No,Yes,No,No,Yes,Two year,Yes,Mailed check,91.09,6551.35,No
7639-DUTPC,Male,0,No,No,1,Yes,No,Fiber optic,No,Yes,Yes,No,Yes,No,Two year,Yes,Electronic check,91.16,88.57,Yes
8781-DQWDN,Male,0,Yes,No,4,Yes,No,Fiber optic,No,No,No,No,No,No,One year,Yes,Credit card (automatic),73.85,311.63,Yes
3184-YJSTT,Male,0,No,No,11,Yes,Yes,DSL,Yes,No,No,No,No,No,Two year,No,Mailed check,53.43,587.61,Yes
5250-XJBNX,Female,0,No,Yes,46,Yes,Yes,Fiber optic,Yes,Yes,No,No,No,Yes,Two year,No,Mailed check,90.2,4150.71,No
1209-QSSFH,Female,0,Yes,Yes,34,Yes,No,No,No internet service,No internet service,No internet service,No internet service,No internet service,No internet service,Month-to-month,No,Electronic check,20.74,717.83,No
1042-TUXCW,Male,1,No,No,18,Yes,Yes,No,No internet service,No internet service,No internet service,No internet service,No internet service,No internet service,Month-to-month,Yes,Bank transfer (automatic),18.25,328.35,No
4980-HSFNB,Female,0,Yes,No,62,Yes,No,DSL,No,No,Yes,No,Yes,No,Month-to-month,Yes,Electronic check,56.62,3512.04,Yes
1268-QATLS,Female,0,No,Yes,7,Yes,Yes,No,No internet service,No internet service,No internet service,No internet service,No internet service,No internet service,Month-to-month,Yes,Electronic check,21.33,147.0,No
4115-DAAQQ,Male,0,No,No,22,Yes,Yes,No,No internet service,No internet service,No internet service,No internet service,No internet service,No internet service,Month-to-month,Yes,Bank transfer (automatic),21.13,460.27,Yes
6623-ZHQWA,Male,0,No,No,12,Yes,Yes,Fiber optic,Yes,No,Yes,No,Yes,No,Month-to-month,No,Mailed check,87.2,1058.35,Yes
9464-BEHWK,Female,0,No,Yes,22,Yes,No,DSL,Yes,No,Yes,No,Yes,No,Month-to-month,No,Electronic check,57.57,1281.39,No
2004-VFFZT,Male,0,No,No,30,Yes,Yes,No,No internet service,No internet service,No internet service,No internet service,No internet service,No internet service,One year,No,Credit card (automatic),21.47,651.64,No
9778-EVJMX,Female,0,Yes,Yes,29,Yes,No,DSL,Yes,Yes,No,No,No,No,One year,Yes,Mailed check,54.97,1590.88,Yes
3244-CCPPB,Female,0,Yes,No,41,Yes,No,Fiber optic,Yes,No,Yes,No,Yes,Yes,Two year,Yes,Electronic check,88.33,3612.61,No
4181-WYVCP,Female,0,No,Yes,1,Yes,No,Fiber optic,Yes,No,Yes,No,No,No,Month-to-month,Yes,Electronic check,76.88,67.25,Yes
8781-HJQEM,Female,0,No,No,10,Yes,Yes,DSL,No,Yes,No,No,No,No,One year,Yes,Electronic check,51.52,487.36,Yes
5139-JSCQW,Male,0,No,No,24,Yes,No,Fiber optic,Yes,No,Yes,No,Yes,Yes,Two year,No,Credit card (automatic),94.44,2272.85,No
8982-MFAAQ,Male,0,No,No,28,Yes,No,Fiber optic,Yes,Yes,No,Yes,Yes,No,Month-to-month,Yes,Bank transfer (automatic),101.85,2873.83,No
2693-SJCBM,Male,0,Yes,Yes,21,Yes,Yes,Fiber optic,No,Yes,No,Yes,Yes,Yes,Two year,No,Electronic check,87.58,1836.86,Yes
2789-RLNCV,Male,1,Yes,Yes,18,Yes,No,Fiber optic,No,No,Yes,No,No,Yes,Month-to-month,Yes,Electronic check,75.09,1352.97,Yes
2774-SMQHP,Female,0,Yes,No,72,Yes,Yes,Fiber optic,No,No,Yes,No,No,Yes,Month-to-month,No,Mailed check,82.55,5948.47,No
4830-WTHKH,Female,0,No,Yes,40,Yes,Yes,No,No internet service,No internet service,No internet service,No internet service,No internet service,No internet service,Month-to-month,Yes,Bank transfer (automatic),19.55,778.39,No
8351-UJJUU,Male,0,Yes,No,37,Yes,No,DSL,No,Yes,Yes,No,Yes,Yes,Two year,Yes,Bank transfer (automatic),67.38,2502.55,Yes
8471-LMFQC,Female,0,Yes,No,28,Yes,No,Fiber optic,Yes,No,No,No,Yes,Yes,Two year,Yes,Mailed check,90.38,2519.02,No
8541-CADWC,Female,0,No,Yes,21,Yes,No,Fiber optic,No,No,No,Yes,Yes,Yes,Month-to-month,Yes,Mailed check,84.35,1769.66,Yes
8375-KMAAH,Female,0,No,No,7,Yes,Yes,Fiber optic,No,No,No,Yes,No,No,Month-to-month,No,Electronic check,74.35,495.29,Yes
6765-EJBAF,Male,0,No,No,46,Yes,No,Fiber optic,No,No,No,No,No,Yes,Month-to-month,Yes,Credit card (automatic),71.31,3275.52,No
7303-AZJYU,Male,0,No,No,5,Yes,No,Fiber optic,Yes,No,Yes,Yes,No,No,Two year,Yes,Credit card (automatic),87.96,435.17,Yes
8246-KKUEB,Male,0,No,No,6,Yes,Yes,Fiber optic,Yes,No,No,Yes,Yes,Yes,Two year,No,Electronic check,94.79,576.7,Yes
1458-ZKWEL,Female,0,Yes,No,35,Yes,No,Fiber optic,Yes,No,No,Yes,Yes,Yes,Two year,No,Electronic check,94.82,3308.16,No
8266-LDTCF,Male,0,No,Yes,7,Yes,Yes,Fiber optic,No,No,No,No,Yes,Yes,Month-to-month,Yes,Bank transfer (automatic),82.14,581.52,No
5851-ZENLX,Male,0,Yes,Yes,45,Yes,Yes,Fiber optic,Yes,Yes,Yes,Yes,No,No,Month-to-month,Yes,Credit card (automatic),98.32,4415.42,Yes
1683-PRGKR,Male,1,No,No,63,Yes,No,DSL,No,Yes,No,Yes,Yes,No,One year,No,Bank transfer (automatic),66.39,4162.99,No
1517-JUBLT,Male,0,No,No,30,Yes,No,Fiber optic,No,Yes,No,No,Yes,No,Two year,Yes,Electronic check,73.0,2206.27,No
3426-HQMJZ,Male,0,No,Yes,22,Yes,No,DSL,No,Yes,No,No,Yes,Yes,Month-to-month,Yes,Mailed check,66.29,1448.09,No
5597-TASNN,Male,0,Yes,Yes,60,Yes,No,Fiber optic,Yes,Yes,Yes,No,Yes,No,Month-to-month,Yes,Bank transfer (automatic),99.82,5976.75,No
4842-BSWLW,Female,0,Yes,Yes,49,Yes,No,Fiber optic,Yes,Yes,No,No,No,No,Month-to-month,No,Electronic check,81.93,4020.1,Yes
3066-XYTLR,Female,0,No,Yes,45,Yes,No,Fiber optic,No,No,No,Yes,Yes,Yes,Month-to-month,Yes,Bank transfer (automatic),85.75,3850.66,No
3381-GRKMR,Male,0,Yes,Yes,42,Yes,Yes,Fiber optic,Yes,No,No,Yes,No,No,Month-to-month,Yes,Bank transfer (automatic),86.49,3651.5,No
9768-GDWMN,Male,0,No,No,9,Yes,Yes,Fiber optic,No,No,Yes,Yes,Yes,Yes,Month-to-month,Yes,Electronic check,86.16,774.66,Yes
8531-MFLTE,Female,0,No,No,19,Yes,Yes,DSL,Yes,No,No,No,No,No,Month-to-month,No,Bank transfer (automatic),51.84,987.64,Yes
8212-RWRXR,Female,1,No,Yes,15,Yes,No,DSL,No,Yes,Yes,No,No,Yes,Two year,No,Mailed check,58.18,884.11,No
3607-QSAPJ,Male,0,No,Yes,2,Yes,No,Fiber optic,No,No,No,No,No,No,Two year,No,Electronic check,70.01,138.95,Yes
6872-AZFZT,Male,0,No,No,29,Yes,Yes,No,No internet service,No internet service,No internet service,No internet service,No internet service,No internet service,One year,Yes,Credit card (automatic),24.92,714.06,No
1107-BXHXX,Male,1,Yes,No,17,No,No phone service,Fiber optic,No,No,Yes,Yes,No,Yes,Month-to-month,Yes,Bank transfer (automatic),85.39,1435.05,Yes
4619-ZXFVK,Male,0,Yes,Yes,58,Yes,No,Fiber optic,No,Yes,Yes,No,Yes,No,Month-to-month,Yes,Bank transfer (automatic),83.51,4867.32,No
4116-BLXGS,Female,0,No,No,69,Yes,Yes,Fiber optic,No,Yes,No,No,Yes,No,Two year,Yes,Mailed check,76.64,5301.63,No
7531-UNDRM,Male,0,No,No,34,Yes,No,Fiber optic,No,No,No,Yes,Yes,Yes,Two year,No,Bank transfer (automatic),89.21,3029.76,No
5134-URNFB,Male,1,No,No,18,No,No phone service,DSL,No,Yes,No,No,Yes,Yes,One year,No,Bank transfer (automatic),67.58,1209.28,No
3126-MRSYM,Male,0,No,No,25,Yes,No,Fiber optic,No,No,Yes,Yes,No,No,Month-to-month,No,Electronic check,74.87,1872.19,Yes
8678-RENXH,Male,0,Yes,No,34,Yes,No,DSL,Yes,No,Yes,Yes,Yes,No,Month-to-month,No,Credit card (automatic),64.4,2179.96,No
6541-LHAMF,Female,0,Yes,No,71,Yes,No,Fiber optic,Yes,No,No,No,No,No,Two year,No,Credit card (automatic),75.51,5354.9,No
5066-YALLD,Female,0,Yes,No,56,Yes,No,Fiber optic,No,Yes,No,No,No,No,One year,Yes,Electronic check,76.35,4277.79,No
1258-NHDKN,Female,0,No,Yes,48,Yes,No,DSL,Yes,No,No,Yes,Yes,Yes,Month-to-month,Yes,Electronic check,67.93,3259.55,No
3384-NRTPN,Male,0,Yes,No,9,Yes,Yes,Fiber optic,No,Yes,Yes,No,No,Yes,Month-to-month,Yes,Electronic check,89.08,797.53,Yes
1354-KNAPM,Male,0,Yes,Yes,28,Yes,Yes,Fiber optic,Yes,No,No,No,No,No,Month-to-month,Yes,Mailed check,78.74,2187.81,No
5799-UVEGD,Female,0,No,Yes,70,Yes,Yes,Fiber optic,Yes,Yes,No,No,No,Yes,Month-to-month,No,Bank transfer (automatic),92.04,6438.07,No
9715-MTNZR,Male,0,Yes,No,67,Yes,No,DSL,Yes,Yes,No,No,Yes,No,Two year,No,Electronic check,68.62,4606.41,No
9154-DAPQT,Male,1,No,No,23,Yes,Yes,Fiber optic,Yes,Yes,No,Yes,Yes,No,Two year,Yes,Mailed check,101.39,2318.44,No
5557-CVWFY,Female,1,No,No,42,Yes,No,No,No internet service,No internet service,No internet service,No internet service,No internet service,No internet service,Month-to-month,No,Credit card (automatic),23.26,964.14,No
2134-NJEKA,Female,0,Yes,Yes,38,Yes,No,Fiber optic,Yes,Yes,No,Yes,Yes,No,Month-to-month,Yes,Electronic check,96.51,3668.77,No
7044-GBBLN,Female,0,Yes,No,24,Yes,No,DSL,No,Yes,No,No,No,Yes,One year,No,Bank transfer (automatic),63.56,1515.62,Yes
9491-VXTYR,Female,0,No,No,67,Yes,No,Fiber optic,No,No,Yes,Yes,No,No,One year,Yes,Electronic check,84.44,5654.24,No
8319-CKUBD,Male,0,Yes,Yes,33,Yes,Yes,Fiber optic,Yes,No,No,No,No,Yes,Month-to-month,Yes,Mailed check,87.34,2884.84,Yes
3425-RRNWK,Male,0,Yes,No,52,Yes,No,No,No internet service,No internet service,No internet service,No internet service,No internet service,No internet service,Two year,No,Credit card (automatic),23.55,1219.33,No
8029-SLUFQ,Female,0,Yes,No,54,Yes,Yes,Fiber optic,No,No,No,No,No,No,Two year,No,Mailed check,68.17,3678.26,No
5200-UCZFJ,Male,1,Yes,Yes,52,Yes,Yes,DSL,No,No,Yes,No,Yes,No,Month-to-month,Yes,Bank transfer (automatic),57.15,2980.87,No
6740-FSLDR,Female,0,No,Yes,17,Yes,No,Fiber optic,Yes,Yes,No,No,No,Yes,One year,Yes,Bank transfer (automatic),81.94,1390.73,No
7441-KXCXT,Female,0,Yes,No,6,No,No phone service,No,No internet service,No internet service,No internet service,No internet service,No internet service,No internet service,Month-to-month,No,Bank transfer (automatic),19.2,117.62,No
4471-DHAXW,Male,0,No,No,62,No,No phone service,DSL,Yes,Yes,No,Yes,No,No,Month-to-month,Yes,Electronic check,63.63,3940.14,No
3176-SEGYP,Female,0,Yes,Yes,41,Yes,Yes,Fiber optic,Yes,No,Yes,No,No,No,Month-to-month,Yes,Bank transfer (automatic),86.23,3530.46,No
2056-PKRRT,Male,0,No,No,10,Yes,No,DSL,No,Yes,Yes,Yes,Yes,Yes,Month-to-month,Yes,Electronic check,81.46,811.06,Yes
1893-NNKMJ,Male,0,No,Yes,8,Yes,Yes,DSL,No,Yes,Yes,No,No,No,One year,No,Bank transfer (automatic),60.95,489.29,No
8965-KTKGD,Male,0,No,No,34,Yes,Yes,DSL,No,No,No,Yes,Yes,Yes,Month-to-month,Yes,Electronic check,49.69,1692.56,No
7852-KTRVC,Male,1,No,No,64,Yes,No,DSL,No,Yes,No,Yes,No,No,One year,Yes,Bank transfer (automatic),56.44,3619.83,No
2430-BRDQE,Female,0,Yes,Yes,4,Yes,No,Fiber optic,No,No,No,Yes,No,Yes,Month-to-month,No,Electronic check,90.64,350.7,Yes
1616-HRVFT,Male,1,No,No,25,Yes,No,No,No internet service,No internet service,No internet service,No internet service,No internet service,No internet service,One year,No,Bank transfer (automatic),18.25,443.88,Yes
7054-QCYRW,Female,0,Yes,No,50,Yes,No,DSL,Yes,Yes,No,Yes,No,No,Two year,No,Electronic check,65.51,3266.2,No
7120-BAKDA,Female,0,Yes,No,37,Yes,Yes,DSL,No,No,Yes,Yes,No,No,One year,Yes,Electronic check,57.82,2129.32,No
1144-KTEVZ,Female,0,No,No,2,Yes,No,Fiber optic,No,Yes,No,Yes,No,Yes,Two year,Yes,Credit card (automatic),94.44,195.53,No
4946-QUBYZ,Female,0,Yes,No,58,Yes,No,DSL,No,No,No,No,No,Yes,Two year,Yes,Electronic check,55.27,3193.44,No
1705-QGNWY,Male,0,No,No,12,Yes,No,DSL,Yes,No,No,No,Yes,Yes,One year,No,Electronic check,61.03,737.97,Yes
8339-FZJPQ,Male,0,Yes,Yes,34,No,No phone service,No,No internet service,No internet service,No internet service,No internet service,No internet service,No internet service,One year,No,Bank transfer (automatic),18.68,637.28,No
4478-GDYAU,Female,0,No,No,2,Yes,No,Fiber optic,No,Yes,No,No,No,No,Month-to-month,Yes,Electronic check,75.43,130.91,No
7388-PNCTL,Female,0,No,Yes,52,Yes,Yes,No,No internet service,No internet service,No internet service,No internet service,No internet service,No internet service,Two year,Yes,Credit card (automatic),18.25,963.34,No
3927-QWRMG,Male,0,No,Yes,54,No,No phone service,DSL,No,Yes,Yes,No,Yes,Yes,Month-to-month,Yes,Electronic check,72.17,3884.92,No
8227-KVKHR,Female,0,No,Yes,44,Yes,No,Fiber optic,No,No,Yes,No,Yes,Yes,Month-to-month,Yes,Bank transfer (automatic),84.65,3732.18,No
4021-YSVGA,Male,0,No,No,65,Yes,No,Fiber optic,No,No,Yes,No,Yes,Yes,Month-to-month,Yes,Bank transfer (automatic),90.73,5900.25,No
9809-NUCAH,Female,0,No,No,66,Yes,Yes,No,No internet service,No internet service,No internet service,No internet service,No internet service,No internet service,Two year,No,Bank transfer (automatic),23.39,1552.91,No
4075-ZMFPM,Male,0,Yes,Yes,43,Yes,Yes,DSL,No,No,Yes,No,No,No,Month-to-month,Yes,Bank transfer (automatic),54.67,2336.95,Yes
6355-NRQJV,Female,1,No,Yes,72,Yes,Yes,No,No internet service,No internet service,No internet service,No internet service,No internet service,No internet service,Two year,No,Mailed check,19.88,1430.68,No
8935-TBSTC,Female,0,Yes,No,67,Yes,Yes,DSL,Yes,No,Yes,No,Yes,Yes,Two year,Yes,Credit card (automatic),75.5,5054.9,No
6539-XBLYN,Male,0,Yes,No,61,Yes,Yes,No,No internet service,No internet service,No internet service,No internet service,No internet service,No internet service,One year,Yes,Mailed check,18.89,1166.85,No
8231-FQTRG,Female,0,Yes,No,24,No,No phone service,DSL,No,No,No,No,No,No,Two year,No,Credit card (automatic),40.78,972.59,No
6283-HUPTE,Female,0,Yes,No,51,Yes,No,Fiber optic,No,No,No,No,Yes,No,Month-to-month,No,Mailed check,71.96,3677.13,No
4928-HBYSR,Male,0,No,No,49,No,No phone service,DSL,No,Yes,Yes,No,No,Yes,Two year,Yes,Mailed check,65.56,3208.76,No
9863-VCMAL,Female,1,No,Yes,0,Yes,No,Fiber optic,Yes,No,Yes,No,No,No,One year,Yes,Bank transfer (automatic),83.45, ,Yes
4991-SXYWD,Male,1,No,No,38,No,No phone service,DSL,No,Yes,No,No,Yes,Yes,Two year,Yes,Mailed check,58.83,2242.91,No
1648-HVVZT,Male,0,No,No,51,Yes,No,Fiber optic,Yes,No,No,Yes,Yes,Yes,Month-to-month,No,Bank transfer (automatic),89.78,4592.64,Yes
2148-HQRDD,Female,0,Yes,No,39,Yes,No,Fiber optic,No,Yes,Yes,Yes,Yes,Yes,Month-to-month,No,Electronic check,98.91,3859.65,Yes
6374-HJSFR,Female,0,Yes,Yes,59,Yes,No,Fiber optic,Yes,No,No,No,No,Yes,Month-to-month,Yes,Electronic check,80.95,4787.31,No
5862-BCKKU,Female,0,Yes,Yes,72,Yes,Yes,DSL,No,No,Yes,Yes,No,No,One year,No,Electronic check,63.61,4565.15,No
7296-RSJTU,Female,0,No,Yes,68,Yes,Yes,No,No internet service,No internet service,No internet service,No internet service,No internet service,No internet service,Month-to-month,No,Mailed check,21.84,1498.58,No
4777-XVXVN,Female,0,Yes,No,19,Yes,No,DSL,Yes,No,No,No,Yes,No,Month-to-month,Yes,Credit card (automatic),53.36,1004.01,No
6256-TQUKA,Female,0,No,No,1,Yes,No,No,No internet service,No internet service,No internet service,No internet service,No internet service,No internet service,Month-to-month,Yes,Mailed check,18.94,33.24,Yes
7043-PYNDM,Female,0,No,Yes,8,Yes,Yes,No,No internet service,No internet service,No internet service,No internet service,No internet service,No internet service,One year,Yes,Electronic check,18.25,138.39,Yes
5441-VFHJB,Male,0,No,No,38,Yes,Yes,Fiber optic,No,No,No,No,No,Yes,One year,Yes,Bank transfer (automatic),79.7,3028.49,Yes
3335-NHKPG,Female,0,No,No,29,Yes,Yes,DSL,No,No,Yes,No,Yes,No,One year,Yes,Mailed check,64.2,1853.85,Yes
8109-XJVXZ,Male,1,No,No,53,Yes,No,DSL,No,No,Yes,Yes,No,No,Month-to-month,No,Credit card (automatic),60.3,3192.13,No
3689-YABAZ,Female,0,Yes,No,57,Yes,No,Fiber optic,No,No,No,No,No,Yes,Two year,Yes,Electronic check,71.13,4047.21,No
3260-NMGNL,Female,1,Yes,No,43,Yes,No,DSL,No,No,Yes,No,No,No,Two year,No,Electronic check,47.1,2024.81,No
5449-FPBMZ,Male,0,No,No,42,Yes,No,Fiber optic,No,Yes,No,No,No,Yes,Month-to-month,Yes,Electronic check,87.62,3677.87,Yes
8306-SRULJ,Female,0,No,No,9,Yes,No,No,No internet service,No internet service,No internet service,No internet service,No internet service,No internet service,Month-to-month,No,Electronic check,24.74,200.5,No
1125-FYMFM,Female,1,No,No,47,Yes,Yes,No,No internet service,No internet service,No internet service,No internet service,No internet service,No internet service,One year,No,Electronic check,18.25,842.05,No
2713-CQSXU,Male,0,Yes,Yes,16,Yes,Yes,Fiber optic,No,Yes,No,No,Yes,Yes,Month-to-month,No,Credit card (automatic),85.07,1364.25,No
8473-PSFCC,Female,0,No,No,4,Yes,No,No,No internet service,No internet service,No internet service,No internet service,No internet service,No internet service,Two year,No,Mailed check,18.25,72.33,No
4386-MEWNH,Female,0,Yes,Yes,69,Yes,Yes,DSL,No,Yes,Yes,No,No,No,Two year,No,Mailed check,53.87,3702.68,No
9502-DYMYZ,Female,0,Yes,Yes,63,Yes,No,No,No internet service,No internet service,No internet service,No internet service,No internet service,No internet service,Month-to-month,No,Credit card (automatic),18.25,1162.95,No
4289-PTFZE,Male,0,Yes,Yes,65,Yes,Yes,Fiber optic,Yes,No,No,Yes,No,Yes,Month-to-month,No,Credit card (automatic),82.81,5368.09,No
8933-PWWBS,Female,1,Yes,No,70,Yes,Yes,Fiber optic,No,No,No,No,Yes,No,One year,Yes,Electronic check,78.44,5496.07,No
9916-KEFPF,Female,1,Yes,No,3,Yes,Yes,DSL,No,Yes,Yes,Yes,Yes,Yes,Month-to-month,No,Credit card (automatic),73.19,200.91,No
8061-FTTEJ,Female,1,Yes,Yes,27,Yes,No,DSL,No,Yes,Yes,No,Yes,No,Two year,Yes,Electronic check,63.61,1717.9,No
9293-TGTLT,Female,0,No,No,37,Yes,No,Fiber optic,No,No,No,No,No,No,Two year,No,Bank transfer (automatic),74.21,2757.11,Yes
2295-EBLQP,Male,0,No,No,65,Yes,No,No,No internet service,No internet service,No internet service,No internet service,No internet service,No internet service,Month-to-month,No,Electronic check,22.71,1496.53,No
9980-QZRSF,Male,0,No,No,66,Yes,Yes,DSL,Yes,No,No,No,Yes,Yes,Month-to-month,No,Electronic check,65.24,4314.0,No
5413-CYJLN,Female,1,Yes,Yes,59,Yes,No,Fiber optic,No,Yes,No,Yes,No,No,Month-to-month,No,Credit card (automatic),83.78,4953.0,Yes
6862-QYCBK,Female,0,No,Yes,46,Yes,Yes,DSL,No,Yes,No,No,No,No,Month-to-month,Yes,Mailed check,42.86,1962.5,No
8697-SEHPR,Male,0,Yes,No,24,Yes,Yes,DSL,Yes,Yes,Yes,Yes,Yes,No,Two year,Yes,Mailed check,75.24,1799.73,No
5899-GBMUM,Male,0,Yes,No,65,Yes,Yes,DSL,Yes,No,Yes,Yes,No,Yes,Month-to-month,Yes,Bank transfer (automatic),69.26,4506.66,No
5732-UKQZG,Female,0,No,No,66,Yes,No,No,No internet service,No internet service,No internet service,No internet service,No internet service,No internet service,Month-to-month,Yes,Bank transfer (automatic),19.0,1237.15,No
9480-PKGHK,Male,0,Yes,No,68,Yes,No,Fiber optic,No,Yes,No,No,No,No,Month-to-month,Yes,Electronic check,75.87,5179.33,Yes
1439-GZKAM,Female,1,No,No,39,Yes,Yes,Fiber optic,No,No,No,No,Yes,Yes,Month-to-month,Yes,Credit card (automatic),79.25,3087.18,No
7887-TWUXE,Male,1,No,Yes,49,Yes,Yes,Fiber optic,No,Yes,Yes,No,Yes,No,Month-to-month,No,Mailed check,90.18,4399.65,No
8333-MWZRP,Male,0,No,No,39,Yes,Yes,Fiber optic,No,No,No,No,Yes,No,One year,Yes,Bank transfer (automatic),78.94,3092.21,Yes
6760-CEYTK,Male,0,No,No,36,Yes,No,Fiber optic,No,No,Yes,No,No,Yes,Two year,No,Bank transfer (automatic),81.29,2918.75,No
2244-MMMEB,Male,1,No,Yes,68,Yes,No,Fiber optic,No,No,Yes,Yes,No,Yes,Two year,Yes,Credit card (automatic),94.79,6460.38,No
1178-AMEQL,Female,0,Yes,Yes,16,Yes,No,Fiber optic,No,No,No,Yes,No,Yes,Month-to-month,Yes,Electronic check,78.44,1267.89,Yes
8972-ZYDUY,Male,0,No,No,61,No,No phone service,Fiber optic,Yes,No,No,No,No,Yes,One year,Yes,Credit card (automatic),84.96,5175.38,No
5778-RSCQK,Male,0,Yes,No,40,Yes,No,DSL,No,Yes,Yes,No,No,Yes,One year,No,Bank transfer (automatic),55.25,2205.62,No
5031-JUFNW,Female,0,No,Yes,41,Yes,Yes,DSL,No,No,Yes,Yes,Yes,Yes,One year,Yes,Electronic check,62.32,2562.53,No
2104-GFUMY,Male,0,No,Yes,30,Yes,Yes,No,No internet service,No internet service,No internet service,No internet service,No internet service,No internet service,Month-to-month,Yes,Credit card (automatic),19.98,589.71,No
1621-YAPXZ,Male,0,Yes,Yes,32,Yes,No,DSL,Yes,Yes,Yes,Yes,No,No,One year,No,Mailed check,71.64,2301.32,Yes
4115-RKMNS,Female,0,No,No,42,No,No phone service,Fiber optic,No,No,No,No,No,Yes,Month-to-month,No,Bank transfer (automatic),76.5,3234.75,No
7306-NSSHL,Male,0,Yes,No,66,Yes,No,Fiber optic,No,Yes,Yes,Yes,No,Yes,Two year,No,Credit card (automatic),88.01,5811.48,No
9256-EYKRH,Female,1,Yes,No,37,Yes,No,No,No internet service,No internet service,No internet service,No internet service,No internet service,No internet service,Two year,No,Electronic check,20.89,755.08,No
2695-RARXQ,Female,0,No,No,40,No,No phone service,DSL,Yes,Yes,No,No,No,Yes,One year,Yes,Credit card (automatic),57.62,2305.05,No
7437-DUXFW,Female,1,Yes,No,62,Yes,No,Fiber optic,No,No,Yes,Yes,Yes,Yes,Month-to-month,Yes,Bank transfer (automatic),99.77,6183.64,No
6332-JBECX,Female,0,Yes,Yes,39,Yes,No,Fiber optic,Yes,Yes,No,Yes,No,No,One year,No,Mailed check,75.69,2976.56,No
1622-NEAUL,Male,0,Yes,No,29,No,No phone service,Fiber optic,Yes,No,No,No,Yes,Yes,Two year,Yes,Bank transfer (automatic),83.66,2420.85,No
4057-GYEDG,Female,0,No,Yes,46,Yes,Yes,Fiber optic,No,Yes,No,No,No,Yes,Two year,Yes,Electronic check,83.58,3837.31,No
7619-YHWFB,Male,1,Yes,Yes,21,Yes,No,Fiber optic,Yes,No,Yes,Yes,Yes,Yes,Two year,No,Mailed check,97.66,2056.4,No
7949-WUMBZ,Male,0,Yes,Yes,54,Yes,Yes,No,No internet service,No internet service,No internet service,No internet service,No internet service,No internet service,One year,No,Credit card (automatic),18.25,983.31,No
6217-PVTVW,Male,0,No,No,42,Yes,Yes,Fiber optic,No,Yes,Yes,No,No,No,Two year,Yes,Electronic check,78.93,3302.18,No
2112-JPBJX,Male,0,Yes,No,60,Yes,No,DSL,No,Yes,No,Yes,No,No,Month-to-month,No,Mailed check,50.0,2992.69,No
1340-LRTEP,Male,0,Yes,No,31,Yes,Yes,No,No internet service,No internet service,No internet service,No internet service,No internet service,No internet service,Month-to-month,Yes,Electronic check,18.42,576.15,No
9772-RAQFN,Male,0,No,No,3,Yes,No,DSL,No,Yes,No,No,Yes,Yes,Month-to-month,Yes,Credit card (automatic),69.39,223.44,Yes
2566-DKYGF,Male,1,No,Yes,44,Yes,No,Fiber optic,No,No,Yes,No,Yes,Yes,Month-to-month,Yes,Mailed check,89.76,3929.06,Yes
7016-QDAPP,Male,1,No,No,71,Yes,No,Fiber optic,No,Yes,No,No,Yes,No,Month-to-month,Yes,Electronic check,82.01,5833.3,No
1202-FWPGP,Male,0,Yes,No,19,Yes,No,DSL,Yes,No,Yes,No,Yes,No,One year,No,Electronic check,52.53,999.23,No
8388-TXDAQ,Male,1,No,Yes,70,Yes,Yes,DSL,No,No,Yes,Yes,No,Yes,One year,No,Bank transfer (automatic),64.62,4512.87,Yes
2356-BLFRY,Female,0,No,No,64,Yes,Yes,Fiber optic,No,Yes,No,Yes,Yes,No,Month-to-month,Yes,Electronic check,82.96,5304.64,Yes
5302-FXNUN,Female,0,Yes,No,59,Yes,No,DSL,Yes,No,Yes,No,No,Yes,Month-to-month,No,Electronic check,67.77,4004.05,No
5644-UDJED,Female,0,Yes,Yes,25,Yes,Yes,Fiber optic,No,Yes,Yes,No,Yes,Yes,Two year,Yes,Electronic check,94.09,2347.55,Yes
7663-ZLFNA,Male,0,No,Yes,72,Yes,No,Fiber optic,No,No,No,Yes,No,Yes,Month-to-month,Yes,Bank transfer (automatic),88.52,6347.14,No
2882-NPZBY,Female,0,No,No,22,No,No phone service,Fiber optic,No,No,No,No,Yes,No,Two year,Yes,Electronic check,77.98,1714.74,No
4226-HPHDH,Female,1,No,Yes,39,Yes,Yes,DSL,Yes,Yes,No,No,Yes,No,One year,No,Mailed check,63.33,2466.03,No
1084-XHNZW,Female,0,No,No,1,Yes,Yes,DSL,Yes,No,Yes,Yes,No,No,One year,No,Credit card (automatic),63.04,81.91,No
3412-KJFBA,Male,0,No,No,25,Yes,Yes,Fiber optic,Yes,No,Yes,No,Yes,Yes,Month-to-month,Yes,Mailed check,90.64,2274.36,No
3993-AKJXJ,Male,0,No,No,61,Yes,Yes,Fiber optic,Yes,No,No,Yes,Yes,No,Month-to-month,Yes,Mailed check,92.38,5632.45,No
1076-KGWYN,Male,1,Yes,Yes,43,Yes,Yes,Fiber optic,Yes,Yes,Yes,No,No,No,Month-to-month,No,Mailed check,87.58,3768.7,Yes
3457-AFMQJ,Male,0,Yes,No,30,Yes,No,Fiber optic,No,No,No,No,Yes,No,Month-to-month,No,Electronic check,71.61,2148.13,No
3436-ZSVWB,Female,0,No,No,25,Yes,No,DSL,No,Yes,No,No,No,No,Month-to-month,No,Credit card (automatic),48.99,1238.51,No
9179-GRWPH,Female,0,No,No,4,Yes,Yes,Fiber optic,No,No,Yes,No,No,No,Two year,Yes,Electronic check,78.09,302.28,No
1067-GNRKL,Female,0,No,No,69,Yes,No,No,No internet service,No internet service,No internet service,No internet service,No internet service,No internet service,Month-to-month,No,Bank transfer (automatic),18.72,1310.01,No
5586-BVTZG,Female,0,No,No,34,Yes,Yes,DSL,No,Yes,Yes,Yes,Yes,No,Month-to-month,No,Electronic check,75.05,2550.62,No
2096-FQEWR,Male,0,No,No,15,Yes,Yes,Fiber optic,No,No,No,Yes,No,No,One year,Yes,Credit card (automatic),76.79,1159.01,No
1308-XDHXX,Male,0,Yes,No,30,Yes,No,No,No internet service,No internet service,No internet service,No internet service,No internet service,No internet service,Month-to-month,No,Credit card (automatic),26.25,784.68,Yes
2348-QVHND,Male,0,No,No,13,Yes,No,Fiber optic,No,Yes,No,Yes,Yes,Yes,Month-to-month,No,Mailed check,94.78,1227.48,No
5838-EGXXB,Female,0,Yes,No,24,Yes,No,Fiber optic,No,No,Yes,No,No,No,Month-to-month,Yes,Electronic check,79.65,1899.53,No
2463-CSXLB,Male,0,Yes,No,70,Yes,No,DSL,No,No,Yes,No,No,Yes,One year,Yes,Electronic check,58.18,4075.92,No
3457-UTQBK,Male,0,Yes,No,17,Yes,No,No,No internet service,No internet service,No internet service,No internet service,No internet service,No internet service,One year,Yes,Mailed check,18.25,309.53,No
6634-CHXJR,Female,1,No,No,49,Yes,No,Fiber optic,No,No,Yes,No,No,No,Month-to-month,No,Electronic check,81.4,4004.59,Yes
3961-SKFWV,Female,0,No,Yes,19,Yes,No,DSL,Yes,Yes,No,No,Yes,No,One year,Yes,Credit card (automatic),61.61,1190.06,No
2419-GWMGU,Male,1,Yes,No,55,Yes,No,Fiber optic,No,No,Yes,No,Yes,Yes,Month-to-month,Yes,Electronic check,90.83,4993.32,No
5753-ZEPLA,Male,0,Yes,Yes,1,Yes,Yes,DSL,No,Yes,No,No,Yes,No,One year,Yes,Electronic check,56.33,42.93,No
4561-KBCAJ,Male,0,No,No,25,Yes,No,Fiber optic,No,Yes,No,No,Yes,No,Two year,Yes,Bank transfer (automatic),83.68,2090.97,No
3921-LLZEE,Male,0,No,Yes,22,Yes,Yes,No,No internet service,No internet service,No internet service,No internet service,No internet service,No internet service,Month-to-month,No,Mailed check,23.18,508.82,No
4189-NVWXN,Male,1,No,No,31,Yes,Yes,Fiber optic,No,Yes,Yes,Yes,Yes,Yes,One year,No,Mailed check,103.14,3209.44,Yes
2748-HCGND,Male,0,No,No,12,Yes,Yes,No,No internet service,No internet service,No internet service,No internet service,No internet service,No internet service,Month-to-month,Yes,Mailed check,21.57,256.39,No
7787-PWBST,Female,0,No,No,12,Yes,No,No,No internet service,No internet service,No internet service,No internet service,No internet service,No internet service,Month-to-month,Yes,Mailed check,20.85,246.26,No
3854-WUTMY,Female,1,Yes,No,16,Yes,Yes,Fiber optic,No,No,Yes,Yes,Yes,Yes,Month-to-month,No,Mailed check,95.79,1506.61,Yes
3655-ZGGCJ,Female,0,Yes,Yes,57,Yes,No,DSL,No,No,No,No,Yes,Yes,Two year,Yes,Electronic check,57.16,3257.4,No
7708-RUCSF,Male,0,Yes,No,26,Yes,No,DSL,No,No,Yes,No,No,Yes,Month-to-month,Yes,Bank transfer (automatic),56.21,1456.05,Yes
1283-GMRND,Female,0,No,No,16,Yes,No,Fiber optic,No,No,No,No,Yes,No,Month-to-month,Yes,Electronic check,79.08,1273.11,Yes
1094-DLCZG,Male,0,Yes,No,37,Yes,Yes,DSL,No,No,No,No,Yes,Yes,Two year,No,Electronic check,57.61,2112.63,No
8559-DEFQE,Male,0,No,Yes,13,Yes,No,Fiber optic,No,No,No,No,No,No,Month-to-month,No,Credit card (automatic),74.07,968.72,Yes
4152-ZKCZR,Female,0,Yes,Yes,13,Yes,No,Fiber optic,Yes,No,Yes,No,No,Yes,Two year,No,Electronic check,89.59,1170.0,No
8974-KDGCP,Male,0,Yes,No,11,Yes,Yes,Fiber optic,Yes,Yes,No,No,Yes,No,One year,Yes,Credit card (automatic),84.82,928.61,No
7850-NPZJJ,Male,0,Yes,Yes,68,Yes,No,Fiber optic,No,Yes,No,Yes,Yes,No,Month-to-month,Yes,Mailed check,83.39,5670.39,Yes
8513-LMLCM,Female,1,Yes,Yes,67,Yes,Yes,Fiber optic,Yes,No,No,Yes,No,No,Month-to-month,No,Credit card (automatic),78.35,5260.27,No
9763-MBZJZ,Female,1,Yes,Yes,54,No,No phone service,No,No internet service,No internet service,No internet service,No internet service,No internet service,No internet service,Month-to-month,No,Credit card (automatic),22.41,1210.24,Yes
2754-DCJWF,Female,0,No,No,62,Yes,No,Fiber optic,Yes,No,No,No,Yes,No,Month-to-month,No,Mailed check,85.0,5273.04,No
3534-ECYFY,Male,0,Yes,Yes,28,Yes,No,Fiber optic,No,No,No,No,No,No,Two year,No,Electronic check,73.02,2042.18,No
5211-XHHDU,Female,0,No,No,44,Yes,Yes,DSL,Yes,Yes,Yes,Yes,Yes,Yes,One year,No,Credit card (automatic),76.98,3374.3,No
1844-KNDLG,Female,0,Yes,No,3,Yes,No,Fiber optic,Yes,No,No,No,No,No,One year,Yes,Credit card (automatic),75.73,229.66,No
3609-KGXPA,Male,0,No,No,15,Yes,Yes,Fiber optic,Yes,Yes,No,Yes,No,No,Two year,Yes,Electronic check,79.9,1173.94,No
8680-FGTXK,Female,0,No,No,65,Yes,No,Fiber optic,No,Yes,Yes,No,Yes,Yes,Month-to-month,Yes,Electronic check,90.62,5890.75,Yes
2609-JZPZX,Female,0,No,No,22,Yes,No,DSL,Yes,Yes,No,No,No,Yes,Two year,Yes,Credit card (automatic),63.59,1405.58,No
5932-YJUNP,Female,0,Yes,Yes,67,Yes,Yes,Fiber optic,No,Yes,No,Yes,Yes,Yes,One year,No,Bank transfer (automatic),92.09,6186.35,No
7346-JPMHC,Male,0,Yes,Yes,19,Yes,No,Fiber optic,No,Yes,No,Yes,Yes,Yes,Month-to-month,Yes,Mailed check,97.66,1866.36,Yes
7823-RKACF,Male,1,No,Yes,16,Yes,Yes,No,No internet service,No internet service,No internet service,No internet service,No internet service,No internet service,Month-to-month,Yes,Bank transfer (automatic),20.75,354.16,No
3423-KHRKJ,Male,0,Yes,No,51,No,No phone service,DSL,Yes,No,No,No,Yes,No,Month-to-month,Yes,Credit card (automatic),59.68,3035.13,No
8268-YTFVZ,Male,0,No,No,5,Yes,No,Fiber optic,Yes,Yes,No,Yes,No,Yes,One year,Yes,Electronic check,94.9,481.78,Yes
7472-BFNMF,Female,0,Yes,No,38,Yes,No,DSL,No,Yes,No,Yes,Yes,No,One year,No,Electronic check,59.39,2242.86,No
1925-GTUZJ,Male,0,No,No,33,Yes,Yes,Fiber optic,Yes,Yes,No,No,No,Yes,Month-to-month,Yes,Bank transfer (automatic),92.64,3063.51,No
8042-CDLWN,Male,0,Yes,Yes,53,Yes,Yes,Fiber optic,No,No,No,Yes,No,No,Month-to-month,Yes,Bank transfer (automatic),76.96,4080.06,Yes
5207-VGDPJ,Female,0,No,No,64,Yes,No,No,No internet service,No internet service,No internet service,No internet service,No internet service,No internet service,Month-to-month,Yes,Credit card (automatic),19.1,1220.23,No
3939-AXYYY,Female,0,No,Yes,28,Yes,No,DSL,Yes,No,Yes,No,No,No,Month-to-month,No,Electronic check,60.87,1703.03,Yes
8057-CFJNB,Female,0,Yes,No,40,Yes,No,Fiber optic,Yes,No,No,Yes,Yes,No,One year,Yes,Electronic check,95.51,3819.62,Yes
7490-GHRYJ,Male,0,Yes,Yes,62,Yes,No,Fiber optic,Yes,No,No,No,No,No,Month-to-month,No,Mailed check,73.76,4575.49,Yes
3144-UAANF,Male,0,Yes,No,31,Yes,No,Fiber optic,No,No,No,No,No,No,Month-to-month,Yes,Bank transfer (automatic),69.19,2156.95,Yes
7750-VQEGY,Male,1,No,No,65,Yes,Yes,Fiber optic,No,No,Yes,No,No,Yes,Two year,No,Electronic check,79.23,5137.38,No
8889-XQVRX,Female,0,Yes,Yes,44,Yes,Yes,Fiber optic,No,No,No,No,No,Yes,Month-to-month,Yes,Electronic check,73.05,3201.52,Yes
5281-QLNAP,Female,0,Yes,No,16,Yes,No,Fiber optic,No,Yes,No,No,No,No,Two year,Yes,Electronic check,72.12,1146.66,No
4888-BGWRV,Male,1,No,No,42,Yes,Yes,DSL,No,Yes,Yes,No,No,No,One year,No,Electronic check,55.07,2325.52,No
5281-QQJQP,Female,0,Yes,No,65,Yes,No,Fiber optic,No,No,Yes,No,Yes,Yes,One year,No,Electronic check,88.67,5757.34,Yes
3241-SGHTT,Female,0,Yes,No,67,Yes,No,Fiber optic,Yes,Yes,No,Yes,No,Yes,Month-to-month,Yes,Electronic check,95.67,6403.64,No
2761-JENCD,Female,0,Yes,No,33,Yes,No,No,No internet service,No internet service,No internet service,No internet service,No internet service,No internet service,Two year,Yes,Credit card (automatic),20.24,671.2,No
7765-FGZGF,Male,0,No,No,0,Yes,No,Fiber optic,Yes,No,No,No,No,No,Two year,Yes,Mailed check,75.96, ,No
1140-GQZBR,Female,0,No,No,22,No,No phone service,No,No internet service,No internet service,No internet service,No internet service,No internet service,No internet service,Month-to-month,Yes,Bank transfer (automatic),19.9,435.07,No
3984-YJSXR,Female,0,Yes,No,5,Yes,No,DSL,No,Yes,No,No,No,Yes,Two year,No,Electronic check,57.27,299.09,Yes
3090-RMPXK,Male,1,No,No,15,Yes,No,DSL,No,Yes,Yes,No,No,No,Month-to-month,Yes,Electronic check,62.96,945.59,No
9175-RYFKN,Male,1,Yes,No,1,Yes,Yes,Fiber optic,No,Yes,Yes,Yes,Yes,Yes,One year,Yes,Credit card (automatic),94.53,94.85,Yes
6170-PQSCK,Female,0,Yes,No,26,Yes,No,DSL,No,No,Yes,No,Yes,Yes,One year,Yes,Credit card (automatic),63.28,1629.05,Yes
2442-LVEZZ,Female,0,No,Yes,18,Yes,Yes,No,No internet service,No internet service,No internet service,No internet service,No internet service,No internet service,Two year,Yes,Credit card (automatic),22.0,387.61,No
9382-AQHWC,Male,0,Yes,No,27,Yes,No,Fiber optic,Yes,Yes,Yes,No,No,Yes,Month-to-month,No,Bank transfer (automatic),93.06,2506.7,Yes
5996-PANJW,Male,0,No,No,34,No,No phone service,DSL,Yes,No,Yes,Yes,No,No,One year,No,Electronic check,60.09,2036.62,No
8025-BGWVB,Female,0,No,Yes,67,Yes,No,Fiber optic,Yes,No,No,Yes,Yes,Yes,Month-to-month,Yes,Electronic check,89.96,6035.4,No
3179-JGNZA,Female,0,No,No,48,Yes,Yes,No,No internet service,No internet service,No internet service,No internet service,No internet service,No internet service,Month-to-month,Yes,Bank transfer (automatic),23.29,1139.91,No
6783-WDELS,Female,1,Yes,Yes,6,Yes,No,DSL,Yes,Yes,No,No,No,No,Month-to-month,No,Credit card (automatic),47.33,279.65,No
5196-YPQKW,Female,1,Yes,No,36,Yes,No,Fiber optic,Yes,No,Yes,No,Yes,Yes,Two year,No,Mailed check,101.12,3651.89,No
3692-CWERV,Male,0,No,No,24,Yes,No,Fiber optic,Yes,No,No,No,No,No,Two year,No,Bank transfer (automatic),72.83,1769.38,No
9314-XUCKN,Female,0,Yes,No,40,No,No phone service,Fiber optic,No,No,Yes,Yes,No,No,Month-to-month,No,Credit card (automatic),86.26,3437.61,Yes
5709-EHHJR,Female,0,No,No,61,No,No phone service,DSL,Yes,No,No,No,No,Yes,Month-to-month,Yes,Electronic check,55.64,3404.3,No
6863-ELYHE,Male,0,Yes,No,40,No,No phone service,Fiber optic,No,No,Yes,No,Yes,No,Month-to-month,Yes,Credit card (automatic),77.62,3119.66,Yes
8906-HYJWY,Female,0,Yes,Yes,13,Yes,Yes,Fiber optic,Yes,No,Yes,No,Yes,Yes,Month-to-month,No,Credit card (automatic),93.24,1216.17,Yes
7733-AURNK,Male,0,Yes,No,53,Yes,No,Fiber optic,Yes,No,Yes,No,Yes,Yes,Two year,Yes,Electronic check,93.11,4920.88,No
3152-MVZDY,Female,0,No,No,1,Yes,Yes,No,No internet service,No internet service,No internet service,No internet service,No internet service,No internet service,Month-to-month,Yes,Mailed check,18.25,7.52,No
6517-ZFTVN,Female,0,No,No,47,Yes,No,No,No internet service,No internet service,No internet service,No internet service,No internet service,No internet service,Two year,Yes,Bank transfer (automatic),18.25,830.84,No
7944-VRNDQ,Male,0,Yes,No,50,Yes,No,DSL,No,Yes,Yes,No,No,Yes,Month-to-month,Yes,Electronic check,70.53,3535.65,No
1420-DRBVM,Male,0,No,No,54,Yes,No,DSL,Yes,No,No,No,Yes,No,Month-to-month,No,Mailed check,56.97,3073.38,No
4708-GTUTF,Female,0,Yes,No,11,Yes,Yes,Fiber optic,No,Yes,No,Yes,Yes,Yes,Month-to-month,No,Mailed check,94.51,1035.82,No
2950-CKSGV,Female,0,Yes,No,68,No,No phone service,DSL,No,Yes,No,No,No,No,Month-to-month,No,Electronic check,50.21,3404.99,No
4752-BYHSW,Female,0,No,No,0,Yes,No,Fiber optic,No,No,No,No,No,No,Month-to-month,Yes,Electronic check,67.03, ,Yes
6428-KPTJC,Male,1,No,Yes,58,Yes,No,DSL,No,Yes,Yes,No,No,Yes,Two year,No,Mailed check,69.89,4058.97,No
9532-DFAFW,Female,0,Yes,No,72,Yes,Yes,Fiber optic,No,Yes,No,No,Yes,Yes,Two year,Yes,Bank transfer (automatic),80.95,5820.95,No
6753-UMQLQ,Male,0,Yes,No,33,Yes,No,DSL,Yes,No,Yes,Yes,No,No,Two year,Yes,Mailed check,65.93,2173.03,Yes
2657-CEAWL,Male,0,No,No,45,Yes,No,DSL,No,No,Yes,Yes,No,No,Month-to-month,No,Electronic check,53.46,2389.86,No
8479-NWXMB,Female,0,No,No,58,Yes,No,No,No internet service,No internet service,No internet service,No internet service,No internet service,No internet service,Month-to-month,No,Electronic check,18.25,1062.17,No
5936-ZLZFK,Male,0,No,No,65,No,No phone service,DSL,No,No,No,Yes,No,No,Two year,Yes,Mailed check,50.02,3249.32,No
1394-BSZMH,Female,0,Yes,No,18,Yes,No,DSL,No,No,Yes,Yes,Yes,Yes,One year,Yes,Credit card (automatic),69.16,1245.26,Yes
2157-FRBXM,Female,0,No,No,27,Yes,No,Fiber optic,Yes,No,Yes,No,Yes,No,Month-to-month,Yes,Bank transfer (automatic),89.29,2402.01,No
2236-GGXCR,Female,0,Yes,No,39,Yes,Yes,DSL,Yes,No,No,No,No,Yes,Month-to-month,Yes,Electronic check,64.42,2506.08,No
7422-LPWWB,Female,0,No,No,56,No,No phone service,Fiber optic,No,No,No,No,Yes,Yes,Month-to-month,Yes,Electronic check,81.99,4600.86,Yes
3840-ZMAAV,Female,0,Yes,No,50,Yes,No,Fiber optic,No,No,Yes,Yes,No,Yes,Month-to-month,No,Bank transfer (automatic),80.97,4057.24,Yes
7029-KZATR,Male,0,Yes,No,21,Yes,Yes,Fiber optic,No,No,No,No,Yes,No,Two year,No,Electronic check,74.41,1573.45,No
3601-LWQNY,Male,0,Yes,No,67,Yes,Yes,Fiber optic,Yes,No,No,No,No,No,Two year,No,Credit card (automatic),76.48,5127.66,No
6688-MMFGQ,Female,0,No,Yes,7,Yes,Yes,No,No internet service,No internet service,No internet service,No internet service,No internet service,No internet service,Month-to-month,No,Electronic check,18.25,111.61,Yes
7141-MLNYV,Female,0,No,No,59,Yes,No,DSL,Yes,Yes,No,No,Yes,No,Month-to-month,No,Electronic check,68.85,4077.93,Yes
4947-WPGRB,Male,0,Yes,Yes,64,Yes,Yes,DSL,Yes,Yes,No,Yes,Yes,Yes,Two year,No,Bank transfer (automatic),87.73,5611.69,No
3502-YDVZS,Male,1,No,Yes,35,No,No phone service,DSL,Yes,Yes,Yes,Yes,No,No,Month-to-month,Yes,Bank transfer (automatic),68.93,2426.71,Yes
8691-XETPT,Male,0,No,No,70,Yes,No,DSL,No,No,No,Yes,No,Yes,Month-to-month,Yes,Bank transfer (automatic),63.1,4421.24,No
4781-ZFACA,Male,1,Yes,No,28,Yes,Yes,Fiber optic,No,No,Yes,No,No,Yes,Two year,Yes,Credit card (automatic),84.15,2357.43,Yes
3619-DLVRV,Female,1,No,Yes,64,No,No phone service,DSL,No,Yes,Yes,No,No,No,One year,Yes,Credit card (automatic),56.06,3579.31,No
2172-CPKGS,Female,0,No,No,55,Yes,Yes,DSL,Yes,No,Yes,No,Yes,Yes,Month-to-month,Yes,Electronic check,70.53,3875.29,No
1956-JBHAD,Male,0,Yes,No,3,Yes,No,Fiber optic,No,No,No,No,No,Yes,One year,Yes,Electronic check,74.02,217.61,Yes
3285-KRYST,Female,0,Yes,No,71,Yes,No,Fiber optic,Yes,Yes,Yes,No,Yes,No,Month-to-month,Yes,Mailed check,91.38,6485.7,No
5491-QLLQM,Male,1,Yes,Yes,49,Yes,No,Fiber optic,No,Yes,No,No,No,No,Month-to-month,Yes,Mailed check,80.53,3958.79,Yes
3293-ZVLKZ,Female,0,Yes,No,38,Yes,No,DSL,Yes,Yes,No,No,Yes,Yes,One year,Yes,Mailed check,75.9,2873.78,Yes
3940-WMQAR,Male,0,Yes,No,34,Yes,Yes,Fiber optic,No,Yes,Yes,No,Yes,No,Month-to-month,Yes,Electronic check,89.79,3056.46,No
4961-YMBEY,Female,0,No,No,24,Yes,No,DSL,Yes,Yes,No,No,No,No,One year,No,Credit card (automatic),55.77,1351.66,No
5212-CMGYQ,Male,0,No,No,43,No,No phone service,No,No internet service,No internet service,No internet service,No internet service,No internet service,No internet service,Month-to-month,No,Bank transfer (automatic),21.72,933.71,No
6168-FYLQF,Male,0,Yes,No,46,Yes,No,DSL,No,Yes,Yes,No,No,Yes,One year,Yes,Bank transfer (automatic),59.16,2721.48,No
4058-HYNQR,Female,0,No,No,39,Yes,Yes,Fiber optic,No,No,No,No,No,No,Month-to-month,No,Credit card (automatic),68.83,2679.75,Yes
1750-SVMLY,Male,0,No,Yes,30,Yes,No,No,No internet service,No internet service,No internet service,No internet service,No internet service,No internet service,Two year,No,Mailed check,19.97,586.84,No
4748-KBLJS,Female,1,No,No,68,Yes,No,DSL,No,No,No,No,Yes,Yes,One year,Yes,Electronic check,63.3,4300.38,No
2973-FXGPZ,Female,0,Yes,No,42,Yes,No,No,No internet service,No internet service,No internet service,No internet service,No internet service,No internet service,Month-to-month,Yes,Credit card (automatic),20.85,883.81,No
2028-TRMSM,Male,0,No,No,54,Yes,No,DSL,Yes,No,No,No,No,Yes,Month-to-month,No,Bank transfer (automatic),62.07,3359.48,No
6238-NTZGE,Female,0,No,No,15,Yes,No,DSL,No,No,No,Yes,Yes,Yes,Month-to-month,No,Bank transfer (automatic),61.91,935.75,Yes
5879-CKYTH,Female,0,No,No,67,Yes,Yes,DSL,No,Yes,No,No,No,Yes,Month-to-month,Yes,Electronic check,49.53,3319.57,Yes
9386-DWXAV,Female,0,Yes,No,68,No,No phone service,No,No internet service,No internet service,No internet service,No internet service,No internet service,No internet service,Month-to-month,No,Bank transfer (automatic),18.59,1264.33,No
4633-KTFQC,Female,0,Yes,Yes,41,Yes,No,DSL,Yes,Yes,Yes,Yes,Yes,No,Month-to-month,Yes,Bank transfer (automatic),76.95,3142.35,No
1681-EPYEE,Female,0,No,No,40,No,No phone service,DSL,No,No,Yes,No,Yes,No,Month-to-month,Yes,Electronic check,64.9,2602.94,No
5460-KMWRF,Male,0,Yes,No,49,Yes,Yes,No,No internet service,No internet service,No internet service,No internet service,No internet service,No internet service,Month-to-month,Yes,Electronic check,22.61,1102.61,No
9390-YHVJL,Female,0,No,No,5,Yes,Yes,Fiber optic,Yes,Yes,No,Yes,No,No,Month-to-month,Yes,Electronic check,83.6,419.16,Yes
1855-EQXVP,Female,0,No,No,52,Yes,No,Fiber optic,Yes,No,No,No,Yes,No,Two year,No,Electronic check,86.96,4526.75,No
7862-DADBW,Female,0,Yes,Yes,16,Yes,Yes,Fiber optic,No,No,No,No,No,Yes,Two year,Yes,Electronic check,73.93,1184.67,Yes
6392-LMYUS,Female,0,No,No,56,Yes,No,DSL,No,Yes,Yes,No,Yes,Yes,Two year,No,Mailed check,74.27,4171.48,No
9337-HLAVL,Female,0,Yes,No,66,Yes,Yes,No,No internet service,No internet service,No internet service,No internet service,No internet service,No internet service,Month-to-month,Yes,Electronic check,18.25,1218.75,No
4161-BHCMH,Male,0,Yes,Yes,15,Yes,Yes,Fiber optic,No,Yes,No,No,No,No,One year,Yes,Mailed check,76.22,1161.6,No
3193-KHYPA,Female,0,No,Yes,51,Yes,No,DSL,No,No,Yes,No,No,Yes,Two year,Yes,Electronic check,57.19,2925.82,No
3111-CSQEG,Male,0,No,No,33,Yes,No,Fiber optic,No,Yes,No,Yes,Yes,No,Month-to-month,No,Bank transfer (automatic),88.96,2939.08,No
9717-JWSSZ,Male,1,Yes,No,19,Yes,No,No,No internet service,No internet service,No internet service,No internet service,No internet service,No internet service,Two year,No,Mailed check,18.36,347.21,No
5359-RLEAV,Male,1,No,No,55,Yes,Yes,DSL,No,No,No,Yes,Yes,No,Two year,Yes,Electronic check,53.08,2927.96,No
8686-SPRQJ,Male,0,Yes,No,50,Yes,No,Fiber optic,No,Yes,No,No,No,No,Two year,Yes,Credit card (automatic),78.6,3939.15,No
5436-LWDLS,Female,0,Yes,No,52,Yes,No,Fiber optic,Yes,No,No,Yes,Yes,Yes,Two year,Yes,Bank transfer (automatic),91.97,4791.86,No
7258-XYYFU,Male,0,Yes,No,48,No,No phone service,No,No internet service,No internet service,No internet service,No internet service,No internet service,No internet service,Two year,No,Credit card (automatic),18.92,913.74,No
5219-BJNUR,Male,0,Yes,No,3,Yes,Yes,DSL,Yes,Yes,Yes,No,No,Yes,One year,No,Credit card (automatic),69.31,206.72,Yes
4247-MQFWY,Female,0,No,No,17,Yes,No,No,No internet service,No internet service,No internet service,No internet service,No internet service,No internet service,One year,No,Bank transfer (automatic),18.25,314.24,No
8450-SHXCD,Female,0,No,No,35,Yes,No,DSL,No,Yes,No,Yes,Yes,Yes,Month-to-month,Yes,Electronic check,64.04,2243.34,Yes
6267-MMZYX,Female,0,No,Yes,34,Yes,No,DSL,No,Yes,No,No,No,Yes,Month-to-month,No,Electronic check,54.24,1834.51,No
9617-UACGS,Male,0,No,No,29,Yes,No,Fiber optic,No,No,No,Yes,No,No,Month-to-month,Yes,Electronic check,74.58,2163.71,No
5756-YUYFT,Female,0,Yes,No,62,Yes,No,DSL,No,No,No,No,Yes,No,Two year,Yes,Electronic check,50.12,3089.51,No
9283-TGRJV,Female,0,Yes,No,20,Yes,No,Fiber optic,Yes,No,Yes,No,Yes,No,Month-to-month,No,Credit card (automatic),86.99,1733.08,Yes
7339-WBHZW,Male,0,No,Yes,51,No,No phone service,Fiber optic,No,Yes,No,No,No,Yes,Month-to-month,Yes,Electronic check,82.56,4215.84,Yes
7410-DTXTF,Female,0,No,No,68,Yes,Yes,Fiber optic,Yes,No,No,No,No,No,One year,No,Electronic check,79.15,5369.31,No
5679-NKNPU,Female,0,No,Yes,40,Yes,Yes,Fiber optic,Yes,No,No,No,Yes,No,Month-to-month,No,Electronic check,71.64,2878.2,Yes
5386-MUSGT,Female,0,Yes,No,53,Yes,No,No,No internet service,No internet service,No internet service,No internet service,No internet service,No internet service,Month-to-month,Yes,Bank transfer (automatic),25.49,1361.87,No
9420-WCJVF,Female,0,Yes,No,29,Yes,Yes,No,No internet service,No internet service,No internet service,No internet service,No internet service,No internet service,Two year,Yes,Electronic check,18.25,523.33,No
1191-DVJXX,Male,0,Yes,No,55,No,No phone service,Fiber optic,No,Yes,No,Yes,No,Yes,Month-to-month,Yes,Credit card (automatic),91.73,5041.35,Yes
8792-CKJNV,Female,0,Yes,Yes,40,Yes,No,Fiber optic,Yes,No,No,No,No,Yes,Month-to-month,Yes,Electronic check,83.33,3335.58,Yes
4685-HCPSD,Female,0,Yes,No,13,Yes,Yes,Fiber optic,No,No,No,Yes,No,No,Month-to-month,Yes,Credit card (automatic),76.34,998.4,Yes
4259-VVYPL,Male,0,No,No,20,Yes,Yes,Fiber optic,Yes,Yes,No,No,Yes,No,One year,Yes,Bank transfer (automatic),95.53,1906.42,No
5102-WXMCD,Female,1,Yes,No,24,Yes,No,DSL,No,No,No,No,Yes,No,One year,Yes,Bank transfer (automatic),57.17,1386.36,No
6543-QSQUG,Male,0,No,No,49,Yes,No,DSL,No,No,No,No,No,No,One year,Yes,Mailed check,42.0,2049.91,No
8266-BNKYN,Female,0,No,No,52,Yes,No,Fiber optic,No,Yes,Yes,Yes,No,No,Month-to-month,Yes,Electronic check,86.1,4465.78,No
7607-HNJYU,Male,0,Yes,No,47,Yes,No,DSL,No,No,No,No,No,No,Two year,Yes,Mailed check,44.87,2094.35,No
8396-XWLFF,Male,0,No,No,69,Yes,Yes,DSL,Yes,No,No,Yes,No,Yes,Month-to-month,No,Bank transfer (automatic),65.27,4489.6,No
6056-DHSYY,Male,0,Yes,No,47,Yes,No,Fiber optic,No,Yes,Yes,Yes,No,No,Two year,Yes,Bank transfer (automatic),93.56,4402.77,No
2026-KADZA,Male,0,No,Yes,3,Yes,No,DSL,Yes,Yes,No,No,Yes,Yes,Month-to-month,Yes,Mailed check,74.09,239.96,Yes
4708-FFLUQ,Female,0,No,No,23,Yes,Yes,DSL,No,No,No,No,Yes,No,Two year,Yes,Credit card (automatic),56.48,1296.86,No
2244-CCNEB,Male,0,No,No,30,Yes,Yes,Fiber optic,No,Yes,Yes,No,No,Yes,One year,No,Bank transfer (automatic),91.07,2756.4,No
2999-SRVJX,Female,0,No,No,28,Yes,Yes,Fiber optic,No,Yes,Yes,No,Yes,Yes,Month-to-month,Yes,Electronic check,92.88,2597.66,Yes
4535-ZDECC,Male,1,Yes,Yes,4,Yes,Yes,DSL,Yes,Yes,No,No,No,No,Two year,Yes,Credit card (automatic),54.54,211.94,No
4159-ESGPU,Male,0,No,No,66,Yes,No,Fiber optic,Yes,No,No,No,No,Yes,Month-to-month,No,Bank transfer (automatic),75.31,4974.57,Yes
7062-ZHVEW,Male,0,No,No,52,Yes,No,Fiber optic,No,No,Yes,Yes,No,Yes,Two year,No,Mailed check,82.13,4267.03,No
6472-UTXLU,Female,0,No,No,63,Yes,Yes,DSL,Yes,Yes,No,Yes,No,No,One year,No,Bank transfer (automatic),60.3,3808.57,No
6602-NWCNS,Male,0,No,No,34,Yes,No,DSL,No,No,Yes,No,No,Yes,Month-to-month,Yes,Bank transfer (automatic),54.45,1845.66,No
4558-MZVVJ,Female,0,No,Yes,11,Yes,Yes,No,No internet service,No internet service,No internet service,No internet service,No internet service,No internet service,Month-to-month,Yes,Credit card (automatic),21.64,249.72,Yes
4802-KKJLL,Female,0,No,Yes,46,Yes,No,Fiber optic,No,No,No,No,No,Yes,Month-to-month,Yes,Mailed check,72.46,3337.2,No
5772-SDPMB,Female,1,Yes,No,54,Yes,No,DSL,Yes,No,No,Yes,No,Yes,Month-to-month,Yes,Bank transfer (automatic),59.12,3202.29,No
6516-JDXMA,Female,0,Yes,No,68,Yes,No,Fiber optic,No,No,Yes,No,Yes,No,Month-to-month,No,Mailed check,81.0,5509.92,No
6761-RFSXQ,Female,0,No,Yes,37,Yes,Yes,DSL,No,No,No,Yes,Yes,No,Month-to-month,No,Electronic check,48.58,1792.74,Yes
2291-GYAAS,Female,0,No,Yes,28,Yes,Yes,DSL,No,Yes,No,No,No,Yes,Month-to-month,Yes,Electronic check,58.44,1632.07,Yes
5447-NYDZF,Female,0,No,No,11,No,No phone service,No,No internet service,No internet service,No internet service,No internet service,No internet service,No internet service,Month-to-month,No,Bank transfer (automatic),21.12,244.67,No
5973-ENHRF,Female,0,Yes,Yes,18,No,No phone service,Fiber optic,Yes,Yes,No,Yes,Yes,No,Month-to-month,Yes,Electronic check,89.11,1596.65,Yes
1081-VDXQS,Female,0,Yes,No,8,Yes,No,Fiber optic,No,No,No,No,Yes,No,Month-to-month,Yes,Mailed check,70.49,556.78,Yes
6557-HBEKP,Male,1,No,No,28,Yes,Yes,DSL,Yes,Yes,No,No,No,Yes,Month-to-month,Yes,Bank transfer (automatic),65.43,1843.34,No
4373-QZHCC,Male,0,No,No,2,Yes,No,DSL,No,No,Yes,Yes,Yes,No,Month-to-month,Yes,Mailed check,62.5,116.26,No
1916-WZDYZ,Male,0,No,Yes,29,Yes,No,No,No internet service,No internet service,No internet service,No internet service,No internet service,No internet service,Month-to-month,Yes,Mailed check,18.25,524.61,No
2051-VQFBU,Male,1,Yes,No,57,Yes,Yes,No,No internet service,No internet service,No internet service,No internet service,No internet service,No internet service,Month-to-month,Yes,Electronic check,18.25,1036.58,No
8742-XZKEF,Male,0,Yes,Yes,52,Yes,Yes,No,No internet service,No internet service,No internet service,No internet service,No internet service,No internet service,One year,Yes,Bank transfer (automatic),22.17,1155.54,No
1220-BNYDT,Female,0,Yes,No,3,Yes,No,DSL,No,No,No,No,No,No,Two year,Yes,Bank transfer (automatic),47.8,131.7,No
2107-BETGP,Female,0,Yes,Yes,56,Yes,Yes,Fiber optic,No,No,Yes,No,No,Yes,One year,No,Mailed check,79.25,4446.65,No
1051-XDCLH,Female,0,No,No,53,Yes,Yes,Fiber optic,No,No,No,Yes,No,Yes,Two year,No,Bank transfer (automatic),82.08,4352.23,No
3110-TCWEB,Female,0,Yes,No,27,Yes,No,No,No internet service,No internet service,No internet service,No internet service,No internet service,No internet service,Month-to-month,Yes,Bank transfer (automatic),20.05,551.4,No
7225-SWSED,Female,0,Yes,No,15,Yes,No,DSL,No,Yes,Yes,Yes,Yes,No,Month-to-month,No,Bank transfer (automatic),73.49,1099.47,Yes
8296-LRDQL,Female,1,Yes,No,12,Yes,No,No,No internet service,No internet service,No internet service,No internet service,No internet service,No internet service,Two year,No,Electronic check,22.77,276.36,No
1643-DVNSF,Female,0,Yes,No,71,Yes,No,Fiber optic,Yes,Yes,Yes,No,Yes,No,Month-to-month,Yes,Bank transfer (automatic),92.2,6542.99,No
6185-FQJBM,Male,0,No,No,55,Yes,No,Fiber optic,Yes,Yes,No,No,Yes,Yes,Two year,No,Bank transfer (automatic),92.73,5110.17,No
7097-VWJHX,Male,0,Yes,No,52,Yes,Yes,DSL,Yes,No,No,No,Yes,Yes,Month-to-month,Yes,Bank transfer (automatic),57.79,3000.98,No
8349-LSHEJ,Male,0,Yes,No,47,Yes,No,Fiber optic,No,No,No,No,No,Yes,Month-to-month,Yes,Electronic check,79.76,3759.93,No
5623-NLUSK,Male,0,No,No,24,Yes,No,No,No internet service,No internet service,No internet service,No internet service,No internet service,No internet service,Month-to-month,No,Electronic check,23.52,555.8,No
6169-RHVYC,Female,0,Yes,Yes,65,Yes,No,Fiber optic,No,No,No,Yes,Yes,No,One year,Yes,Bank transfer (automatic),86.95,5655.05,No
4070-NXMPG,Female,0,No,Yes,29,Yes,No,DSL,No,Yes,No,Yes,Yes,No,Month-to-month,No,Electronic check,61.92,1790.09,Yes
6530-WPLXT,Female,0,Yes,No,2,Yes,No,Fiber optic,Yes,No,No,Yes,No,Yes,Month-to-month,No,Credit card (automatic),87.98,166.7,No
9107-UHKYG,Male,1,No,No,22,Yes,No,Fiber optic,Yes,No,No,Yes,No,No,Two year,Yes,Credit card (automatic),81.38,1795.74,No
3007-UEETT,Female,0,Yes,Yes,28,No,No phone service,Fiber optic,No,Yes,Yes,No,Yes,No,One year,No,Credit card (automatic),94.75,2637.28,Yes
7977-UZNAF,Female,0,Yes,Yes,40,Yes,No,No,No internet service,No internet service,No internet service,No internet service,No internet service,No internet service,Month-to-month,No,Electronic check,20.49,819.35,Yes
9421-NDKEE,Female,1,No,No,10,Yes,Yes,Fiber optic,No,No,Yes,Yes,No,No,Month-to-month,No,Credit card (automatic),82.18,820.8,Yes
1292-YLUDP,Male,0,Yes,Yes,20,Yes,No,Fiber optic,Yes,Yes,No,No,Yes,Yes,One year,Yes,Electronic check,82.44,1640.48,Yes
1403-WLSUE,Female,0,No,Yes,23,Yes,No,Fiber optic,No,Yes,Yes,No,Yes,Yes,Month-to-month,Yes,Electronic check,87.46,2011.75,No
1103-NAHZG,Male,1,Yes,No,64,Yes,No,Fiber optic,Yes,Yes,No,Yes,Yes,No,Month-to-month,Yes,Credit card (automatic),96.04,6123.03,No
4019-SPUXV,Male,0,No,No,0,Yes,No,DSL,No,No,Yes,No,No,Yes,Month-to-month,No,Electronic check,58.44, ,Yes
7117-WJTKJ,Male,0,No,Yes,53,Yes,Yes,No,No internet service,No internet service,No internet service,No internet service,No internet service,No internet service,Month-to-month,No,Electronic check,19.6,1047.13,No
3655-BMWQQ,Male,0,Yes,No,71,No,No phone service,Fiber optic,No,Yes,No,No,No,No,Two year,Yes,Credit card (automatic),77.15,5488.59,No
6065-NEWSF,Female,0,Yes,No,33,Yes,Yes,DSL,No,No,Yes,Yes,No,Yes,Two year,Yes,Credit card (automatic),56.38,1841.34,No
3300-USRJS,Male,0,No,No,67,Yes,Yes,No,No internet service,No internet service,No internet service,No internet service,No internet service,No internet service,One year,No,Bank transfer (automatic),25.77,1724.71,No
5916-ZPMTU,Male,0,No,Yes,28,Yes,Yes,No,No internet service,No internet service,No internet service,No internet service,No internet service,No internet service,Month-to-month,Yes,Bank transfer (automatic),19.9,568.51,Yes
8806-WDRPP,Female,0,Yes,No,2,No,No phone service,DSL,No,Yes,No,Yes,Yes,Yes,Month-to-month,Yes,Mailed check,66.7,120.66,No
4238-XAMPE,Female,0,No,No,10,Yes,Yes,Fiber optic,Yes,No,Yes,Yes,No,No,Two year,No,Electronic check,91.37,931.35,No
1528-BFEPL,Male,0,Yes,No,7,Yes,Yes,No,No internet service,No internet service,No internet service,No internet service,No internet service,No internet service,Two year,No,Electronic check,19.25,132.54,Yes
3557-KRXAA,Female,0,Yes,No,61,No,No phone service,No,No internet service,No internet service,No internet service,No internet service,No internet service,No internet service,Two year,Yes,Mailed check,20.95,1278.36,No
7951-BFEGA,Male,1,No,No,32,Yes,No,No,No internet service,No internet service,No internet service,No internet service,No internet service,No internet service,One year,No,Credit card (automatic),24.84,807.92,No
2299-ZELEZ,Male,0,No,No,7,Yes,No,Fiber optic,No,Yes,No,No,No,Yes,Month-to-month,No,Credit card (automatic),81.37,563.29,Yes
3234-YFPRC,Male,1,No,No,24,Yes,Yes,DSL,No,No,No,No,No,No,Month-to-month,Yes,Mailed check,47.35,1136.32,No
3844-BAVSE,Male,0,Yes,No,25,Yes,Yes,DSL,No,No,No,No,No,Yes,Month-to-month,Yes,Credit card (automatic),50.47,1265.18,Yes
1488-KNDDW,Female,0,Yes,No,25,Yes,Yes,Fiber optic,No,No,Yes,No,No,Yes,One year,Yes,Mailed check,82.15,2056.64,No
4699-SSGME,Male,0,No,No,16,Yes,No,No,No internet service,No internet service,No internet service,No internet service,No internet service,No internet service,Month-to-month,Yes,Bank transfer (automatic),18.25,289.3,No
8903-XQANB,Female,0,Yes,No,28,Yes,No,Fiber optic,No,No,Yes,No,Yes,No,Month-to-month,Yes,Mailed check,78.1,2179.6,No
5293-BRRWK,Female,0,Yes,No,42,No,No phone service,DSL,No,Yes,Yes,No,Yes,Yes,Two year,No,Electronic check,67.88,2845.11,No
6226-CGGEK,Female,0,Yes,Yes,72,Yes,Yes,Fiber optic,Yes,No,Yes,No,Yes,No,Month-to-month,Yes,Credit card (automatic),86.55,6229.94,No
9441-YBWRA,Female,0,No,Yes,4,Yes,Yes,Fiber optic,No,Yes,Yes,No,Yes,No,Month-to-month,No,Credit card (automatic),90.4,350.76,Yes
3867-WSJKQ,Male,0,Yes,No,49,Yes,Yes,Fiber optic,Yes,No,Yes,Yes,No,Yes,One year,Yes,Bank transfer (automatic),97.49,4770.11,No
7957-KBUCQ,Female,0,Yes,No,55,Yes,No,Fiber optic,Yes,Yes,Yes,No,Yes,No,Month-to-month,No,Mailed check,84.89,4673.35,No
8875-ETAAX,Male,0,No,Yes,62,Yes,Yes,DSL,No,Yes,Yes,No,No,Yes,One year,No,Credit card (automatic),63.83,3942.02,Yes
5494-XKXGH,Female,0,No,No,56,No,No phone service,DSL,No,No,Yes,No,Yes,No,Month-to-month,Yes,Bank transfer (automatic),61.19,3422.11,No
8528-EMTMB,Female,0,Yes,Yes,44,Yes,No,Fiber optic,No,Yes,Yes,No,No,No,Month-to-month,No,Electronic check,84.55,3714.61,No
9773-NJQXW,Male,0,No,No,36,Yes,No,DSL,No,Yes,No,No,Yes,No,Month-to-month,No,Credit card (automatic),60.22,2166.62,No
4275-THNQH,Male,0,Yes,Yes,71,No,No phone service,DSL,Yes,No,Yes,No,No,Yes,Two year,No,Mailed check,65.33,4631.63,No
9279-DQLGU,Male,0,Yes,No,35,Yes,Yes,Fiber optic,Yes,Yes,No,No,Yes,Yes,Month-to-month,Yes,Electronic check,96.34,3370.11,Yes
6982-UAZET,Female,1,No,No,32,Yes,Yes,No,No internet service,No internet service,No internet service,No internet service,No internet service,No internet service,Two year,No,Electronic check,21.21,670.28,No
8956-UQCEV,Female,0,Yes,No,5,No,No phone service,DSL,No,Yes,Yes,No,Yes,No,Month-to-month,No,Mailed check,63.51,313.88,Yes
1366-MYDLC,Male,0,Yes,Yes,70,Yes,Yes,DSL,Yes,No,Yes,Yes,No,No,Two year,No,Electronic check,58.18,4065.27,No
3538-NHUEC,Male,0,No,No,44,Yes,Yes,Fiber optic,Yes,Yes,Yes,No,No,No,Month-to-month,Yes,Electronic check,84.43,3719.3,Yes
4721-WJSJM,Male,1,No,No,6,Yes,No,DSL,Yes,No,No,No,Yes,Yes,Month-to-month,No,Electronic check,57.17,354.9,Yes
2962-RDVBH,Male,0,No,No,64,Yes,Yes,Fiber optic,No,No,No,Yes,No,Yes,Two year,No,Electronic check,76.51,4912.24,No
2374-RULPB,Female,1,Yes,No,23,Yes,No,Fiber optic,No,No,Yes,No,No,No,Month-to-month,Yes,Electronic check,78.85,1797.84,Yes
1206-SKADT,Male,0,Yes,No,44,Yes,Yes,No,No internet service,No internet service,No internet service,No internet service,No internet service,No internet service,One year,Yes,Bank transfer (automatic),22.46,993.93,Yes
1769-CNNQF,Male,0,Yes,Yes,60,Yes,Yes,DSL,No,No,Yes,No,No,No,One year,No,Bank transfer (automatic),50.13,3006.81,No
2600-KMRBC,Male,1,Yes,Yes,18,Yes,No,Fiber optic,No,Yes,No,Yes,No,No,One year,Yes,Electronic check,80.57,1451.49,Yes
1155-ZDEQD,Male,0,Yes,No,31,No,No phone service,Fiber optic,Yes,No,No,Yes,No,Yes,Two year,No,Bank transfer (automatic),88.57,2759.47,No
7428-DRBJM,Female,0,No,No,29,Yes,No,DSL,Yes,No,No,No,Yes,Yes,Month-to-month,No,Bank transfer (automatic),56.88,1641.44,No
8157-YPYHY,Male,0,Yes,No,64,Yes,No,DSL,Yes,No,No,Yes,Yes,Yes,Two year,No,Electronic check,66.17,4240.17,No
7424-QPVSS,Female,1,Yes,No,31,Yes,No,Fiber optic,No,No,No,No,No,No,Two year,Yes,Electronic check,73.13,2253.47,No
9646-UVLNQ,Male,0,No,No,56,Yes,No,Fiber optic,No,No,No,No,No,Yes,One year,No,Electronic check,82.41,4619.12,No
7570-ZZMQK,Male,0,Yes,Yes,19,Yes,Yes,Fiber optic,Yes,No,Yes,Yes,Yes,No,One year,No,Electronic check,87.56,1681.23,Yes
2908-YFJPE,Female,0,No,No,29,Yes,Yes,DSL,No,No,Yes,No,Yes,Yes,Two year,Yes,Bank transfer (automatic),57.71,1684.29,No
7161-CAAAX,Male,0,Yes,No,58,Yes,No,Fiber optic,No,No,No,No,No,No,Month-to-month,Yes,Electronic check,71.56,4143.89,No
1709-NCLQP,Female,1,No,No,61,Yes,No,Fiber optic,Yes,Yes,Yes,No,No,No,Month-to-month,Yes,Electronic check,92.08,5614.41,No
2632-TWWMF,Female,0,No,No,66,Yes,No,Fiber optic,No,No,Yes,Yes,No,Yes,Month-to-month,Yes,Mailed check,92.33,6090.21,No
8110-JSXAH,Male,0,No,Yes,30,Yes,No,Fiber optic,Yes,Yes,Yes,Yes,No,No,Month-to-month,No,Electronic check,105.86,3169.59,No
9431-ATQEG,Female,1,Yes,Yes,65,Yes,No,Fiber optic,No,Yes,No,No,Yes,No,Two year,Yes,Mailed check,80.64,5219.49,No
9266-JULKE,Female,0,No,No,53,Yes,Yes,Fiber optic,Yes,No,No,Yes,Yes,Yes,Month-to-month,Yes,Mailed check,86.77,4587.93,Yes
1584-CPWYP,Female,0,Yes,No,9,Yes,Yes,Fiber optic,Yes,Yes,Yes,No,No,Yes,Month-to-month,No,Electronic check,97.7,869.99,Yes
5244-QMTNV,Female,0,Yes,No,37,Yes,No,DSL,No,No,No,No,No,No,Month-to-month,Yes,Credit card (automatic),46.99,1742.07,No
9721-WXHFL,Female,0,Yes,No,30,Yes,No,DSL,No,Yes,Yes,No,Yes,Yes,Month-to-month,Yes,Electronic check,71.68,2145.26,No
5099-EVWQM,Female,0,Yes,No,28,Yes,Yes,Fiber optic,Yes,Yes,No,No,No,Yes,Month-to-month,Yes,Bank transfer (automatic),81.68,2290.64,No
8333-EXTNY,Female,0,Yes,No,24,Yes,No,Fiber optic,No,No,No,Yes,No,Yes,Month-to-month,No,Mailed check,78.63,1896.53,Yes
9380-RALNJ,Female,0,Yes,No,31,Yes,No,Fiber optic,Yes,No,Yes,No,Yes,No,Month-to-month,Yes,Mailed check,90.18,2808.0,Yes
4020-WWEWN,Male,0,Yes,No,16,Yes,No,Fiber optic,No,No,No,Yes,Yes,Yes,Month-to-month,Yes,Credit card (automatic),94.23,1499.97,Yes
3671-GUSQX,Male,0,No,No,44,Yes,Yes,No,No internet service,No internet service,No internet service,No internet service,No internet service,No internet service,One year,No,Credit card (automatic),18.25,814.27,Yes
9164-PRZJS,Female,0,Yes,No,48,Yes,No,Fiber optic,Yes,No,Yes,Yes,No,No,Month-to-month,No,Electronic check,82.57,3945.51,No
7231-NTFZK,Male,0,No,No,17,Yes,Yes,No,No internet service,No internet service,No internet service,No internet service,No internet service,No internet service,One year,Yes,Credit card (automatic),18.25,302.39,No
7287-EQKLE,Female,0,No,No,51,Yes,No,DSL,Yes,No,Yes,Yes,Yes,No,Month-to-month,Yes,Electronic check,67.16,3444.18,No
6867-KZYPX,Female,1,Yes,No,19,Yes,Yes,DSL,Yes,No,Yes,No,No,No,Month-to-month,Yes,Electronic check,59.74,1138.13,Yes
3531-HBGYG,Male,0,No,Yes,61,Yes,No,Fiber optic,Yes,No,No,No,Yes,No,Month-to-month,No,Electronic check,79.78,4870.01,No
8963-ZCTCY,Female,0,No,No,12,Yes,No,No,No internet service,No internet service,No internet service,No internet service,No internet service,No internet service,Month-to-month,Yes,Mailed check,18.25,228.29,No
8720-ZPDUM,Female,0,Yes,No,42,Yes,No,No,No internet service,No internet service,No internet service,No internet service,No internet service,No internet service,One year,Yes,Mailed check,21.83,924.42,No
4967-SJEEZ,Female,0,Yes,No,20,Yes,No,DSL,No,Yes,No,No,No,No,Two year,No,Electronic check,45.76,909.19,No
9288-BVRDT,Female,0,No,Yes,5,Yes,No,Fiber optic,Yes,No,No,No,Yes,Yes,One year,Yes,Bank transfer (automatic),90.75,459.03,Yes
5546-GJSLQ,Male,0,No,No,70,Yes,No,Fiber optic,No,No,No,No,No,Yes,Two year,No,Electronic check,78.79,5517.51,No
5888-GVHPS,Female,0,No,No,52,Yes,No,DSL,No,No,No,No,No,No,Month-to-month,Yes,Credit card (automatic),43.54,2249.66,No
8818-VZEWU,Female,1,Yes,No,51,Yes,No,DSL,Yes,Yes,No,No,No,Yes,One year,No,Credit card (automatic),68.59,3506.86,No
9929-SGBKA,Female,0,No,No,68,Yes,Yes,Fiber optic,Yes,Yes,Yes,No,No,Yes,Month-to-month,Yes,Bank transfer (automatic),88.17,5978.81,No
4474-ZPBJQ,Male,0,Yes,No,8,Yes,No,No,No internet service,No internet service,No internet service,No internet service,No internet service,No internet service,Two year,No,Electronic check,22.98,166.3,No
6475-EBYVJ,Female,0,Yes,No,45,Yes,Yes,DSL,No,No,Yes,Yes,No,No,Month-to-month,Yes,Mailed check,56.42,2536.17,No
5389-YWRWG,Male,0,Yes,Yes,70,Yes,Yes,Fiber optic,Yes,No,No,Yes,No,No,Two year,No,Bank transfer (automatic),86.0,6015.58,No
9552-HHARM,Male,0,Yes,No,29,Yes,No,Fiber optic,No,Yes,No,Yes,Yes,Yes,One year,Yes,Credit card (automatic),89.02,2600.86,No
9726-AGNJT,Female,0,No,No,42,Yes,No,No,No internet service,No internet service,No internet service,No internet service,No internet service,No internet service,Month-to-month,Yes,Mailed check,19.91,822.64,No
8324-UEUYR,Female,0,No,Yes,58,Yes,Yes,DSL,No,No,No,No,No,Yes,Month-to-month,Yes,Electronic check,52.0,3012.24,No
7099-RUACS,Male,0,No,No,37,No,No phone service,DSL,No,No,No,No,No,No,Two year,Yes,Mailed check,44.47,1652.46,No
3098-KSPCC,Female,0,Yes,No,33,No,No phone service,Fiber optic,No,No,Yes,Yes,No,No,Month-to-month,Yes,Bank transfer (automatic),90.38,2972.29,No
6664-VYHCD,Male,0,No,No,45,Yes,No,Fiber optic,No,No,Yes,Yes,Yes,No,Month-to-month,Yes,Electronic check,83.64,3756.98,No
1857-YZXKP,Male,0,No,No,31,Yes,Yes,Fiber optic,No,Yes,No,Yes,No,Yes,Month-to-month,Yes,Bank transfer (automatic),84.37,2623.56,Yes
7186-LMUZW,Female,0,Yes,No,15,Yes,No,Fiber optic,No,No,No,No,Yes,Yes,One year,Yes,Mailed check,77.47,1174.97,Yes
5434-UCELL,Female,0,No,No,38,No,No phone service,Fiber optic,Yes,Yes,Yes,Yes,No,Yes,Month-to-month,No,Mailed check,96.66,3691.59,No
3794-GUFQY,Male,0,No,Yes,0,Yes,Yes,DSL,No,No,No,No,No,Yes,Month-to-month,No,Mailed check,48.32, ,Yes
2748-XJMTQ,Male,0,No,No,56,Yes,No,Fiber optic,Yes,Yes,Yes,No,Yes,Yes,One year,Yes,Electronic check,97.38,5442.54,No
3462-VEAPT,Male,1,Yes,No,19,Yes,No,No,No internet service,No internet service,No internet service,No internet service,No internet service,No internet service,Month-to-month,No,Bank transfer (automatic),18.25,328.91,Yes
3947-MUWUQ,Male,0,No,No,41,Yes,No,DSL,No,Yes,No,No,Yes,No,One year,No,Bank transfer (automatic),56.83,2341.4,No
2955-SMMPT,Female,0,No,No,71,Yes,No,DSL,No,No,No,No,No,No,One year,Yes,Electronic check,48.82,3476.66,No
4837-XKJWV,Female,0,Yes,Yes,33,No,No phone service,DSL,No,Yes,No,No,Yes,No,Month-to-month,No,Electronic check,52.46,1722.2,No
1627-QDPDD,Female,0,No,No,49,Yes,No,No,No internet service,No internet service,No internet service,No internet service,No internet service,No internet service,Two year,Yes,Mailed check,18.25,902.97,No
8866-ZHBAU,Female,0,Yes,No,10,Yes,No,DSL,No,No,No,No,No,No,One year,Yes,Bank transfer (automatic),43.35,444.71,No
4564-RREHM,Female,1,No,Yes,42,Yes,Yes,Fiber optic,Yes,No,Yes,No,Yes,No,Month-to-month,Yes,Mailed check,81.4,3418.7,No
5132-KNEAJ,Male,0,No,No,9,Yes,No,DSL,No,No,Yes,No,Yes,Yes,One year,No,Bank transfer (automatic),67.07,615.24,No
5473-LEUHJ,Female,1,No,Yes,7,Yes,Yes,DSL,No,No,Yes,No,Yes,Yes,Month-to-month,Yes,Bank transfer (automatic),65.54,464.84,No
7754-JXHAT,Female,1,No,No,71,Yes,No,No,No internet service,No internet service,No internet service,No internet service,No internet service,No internet service,Two year,Yes,Electronic check,18.25,1291.19,No
3877-YUARS,Female,0,Yes,Yes,18,Yes,Yes,Fiber optic,No,No,No,No,Yes,No,Month-to-month,No,Mailed check,75.82,1362.27,No
5786-PETFD,Female,0,Yes,Yes,64,Yes,No,Fiber optic,No,No,Yes,No,No,No,Month-to-month,Yes,Credit card (automatic),75.63,4826.02,No
9841-MNEKU,Female,0,No,Yes,54,Yes,Yes,DSL,No,No,No,No,Yes,Yes,One year,Yes,Electronic check,58.43,3170.25,No
5206-CAUMK,Male,0,Yes,No,51,No,No phone service,DSL,Yes,Yes,No,No,No,No,Month-to-month,No,Credit card (automatic),60.07,3058.21,No
7463-SHQTB,Male,1,Yes,No,2,No,No phone service,DSL,No,Yes,Yes,Yes,Yes,No,Two year,Yes,Electronic check,69.58,149.8,Yes
7006-AMTTX,Male,0,Yes,Yes,52,Yes,No,Fiber optic,Yes,Yes,No,No,No,No,Two year,No,Bank transfer (automatic),79.64,4148.7,No
4007-LAEEL,Female,1,Yes,No,43,Yes,No,Fiber optic,Yes,Yes,Yes,No,Yes,Yes,Month-to-month,Yes,Credit card (automatic),93.02,3991.96,No
2903-HBSQY,Male,0,No,Yes,47,Yes,Yes,DSL,No,Yes,No,No,No,No,Month-to-month,Yes,Bank transfer (automatic),47.85,2249.86,No
6586-RUVCE,Male,1,No,Yes,53,No,No phone service,DSL,No,No,Yes,Yes,Yes,Yes,Month-to-month,No,Electronic check,65.81,3472.88,Yes
8142-XJMPL,Female,1,Yes,No,15,Yes,Yes,Fiber optic,Yes,No,No,No,Yes,No,One year,No,Electronic check,79.66,1200.73,No
6005-LLNSS,Female,0,Yes,Yes,29,Yes,No,No,No internet service,No internet service,No internet service,No internet service,No internet service,No internet service,One year,Yes,Electronic check,24.03,687.0,No
6731-UJTHN,Female,0,Yes,No,27,Yes,No,Fiber optic,Yes,No,No,No,Yes,Yes,Month-to-month,Yes,Mailed check,90.68,2446.67,No
7450-LSQHB,Male,0,Yes,No,15,Yes,No,Fiber optic,No,No,No,Yes,Yes,No,Month-to-month,No,Bank transfer (automatic),82.83,1239.76,No
9708-RBAUL,Male,0,Yes,Yes,50,Yes,No,Fiber optic,No,No,No,No,No,No,One year,Yes,Credit card (automatic),69.15,3443.46,Yes
8500-LMKQR,Female,1,Yes,No,32,Yes,No,Fiber optic,Yes,No,No,No,Yes,No,Month-to-month,Yes,Bank transfer (automatic),80.33,2560.67,No
6197-CNLMA,Female,0,No,No,24,Yes,No,No,No internet service,No internet service,No internet service,No internet service,No internet service,No internet service,Two year,No,Credit card (automatic),24.95,612.32,No
3280-FJEBW,Male,0,No,No,17,Yes,No,No,No internet service,No internet service,No internet service,No internet service,No internet service,No internet service,One year,No,Bank transfer (automatic),18.25,326.56,No
2154-TQPLH,Male,0,Yes,Yes,25,Yes,No,Fiber optic,No,No,No,No,Yes,No,Month-to-month,No,Mailed check,76.32,1895.9,No
2619-ZYNVP,Female,1,No,No,5,Yes,No,Fiber optic,No,Yes,Yes,No,Yes,Yes,Month-to-month,Yes,Electronic check,99.88,497.01,Yes
2825-ASPYR,Female,0,No,No,37,Yes,No,No,No internet service,No internet service,No internet service,No internet service,No internet service,No internet service,Month-to-month,No,Bank transfer (automatic),19.52,720.43,No
9700-EBDXC,Male,0,Yes,Yes,43,Yes,Yes,Fiber optic,No,No,Yes,No,No,No,Two year,Yes,Electronic check,76.47,3284.74,No
5407-XYPMQ,Female,0,Yes,No,66,Yes,Yes,Fiber optic,No,No,Yes,No,No,No,Month-to-month,No,Electronic check,77.56,5126.2,Yes
2977-AEUVE,Male,0,No,Yes,42,Yes,No,No,No internet service,No internet service,No internet service,No internet service,No internet service,No internet service,Two year,No,Electronic check,22.36,950.81,No
3547-XKZXT,Male,0,Yes,No,5,Yes,Yes,Fiber optic,No,Yes,No,No,No,No,Month-to-month,No,Electronic check,69.27,341.1,Yes
6239-NDYEK,Male,0,No,No,63,Yes,No,DSL,No,Yes,No,No,No,Yes,Month-to-month,No,Mailed check,54.65,3448.67,No
4830-VGGHH,Male,0,No,Yes,12,No,No phone service,DSL,No,Yes,Yes,No,No,Yes,Month-to-month,No,Electronic check,63.51,757.58,Yes
9123-QYDYQ,Female,0,Yes,Yes,64,Yes,No,Fiber optic,No,No,Yes,Yes,No,Yes,Month-to-month,Yes,Electronic check,84.38,5412.39,Yes
7559-SNVEJ,Female,0,No,No,37,Yes,No,Fiber optic,No,Yes,No,No,Yes,Yes,One year,Yes,Credit card (automatic),82.82,3070.73,Yes
5314-SYXBN,Male,0,No,No,63,Yes,Yes,No,No internet service,No internet service,No internet service,No internet service,No internet service,No internet service,Two year,Yes,Electronic check,18.25,1142.22,No
3036-SXXUJ,Male,0,Yes,No,13,Yes,No,DSL,No,No,Yes,Yes,Yes,No,Month-to-month,Yes,Bank transfer (automatic),48.76,634.14,Yes
1098-DMMNZ,Male,0,Yes,No,16,Yes,No,Fiber optic,No,No,No,No,Yes,No,Two year,Yes,Credit card (automatic),74.07,1176.85,Yes
8383-ASFLP,Male,1,No,Yes,12,No,No phone service,DSL,Yes,No,No,No,Yes,No,One year,No,Electronic check,58.95,718.27,Yes
7979-GYSEJ,Male,0,No,No,72,Yes,No,No,No internet service,No internet service,No internet service,No internet service,No internet service,No internet service,Two year,Yes,Credit card (automatic),18.25,1306.56,No
4712-XCHJP,Female,1,No,Yes,5,Yes,Yes,Fiber optic,No,No,No,Yes,Yes,No,One year,Yes,Mailed check,88.94,447.26,Yes
3154-EDKCM,Female,0,No,No,5,Yes,Yes,Fiber optic,Yes,No,Yes,Yes,Yes,Yes,Two year,No,Bank transfer (automatic),107.38,528.19,No
3631-BASSM,Female,0,Yes,No,36,No,No phone service,Fiber optic,Yes,Yes,No,No,Yes,No,Two year,No,Credit card (automatic),90.5,3262.64,No
7372-DHKER,Female,0,Yes,Yes,56,Yes,Yes,DSL,No,No,Yes,Yes,Yes,No,Two year,Yes,Bank transfer (automatic),65.85,3682.79,No
3367-MCEMC,Male,0,Yes,Yes,52,Yes,No,No,No internet service,No internet service,No internet service,No internet service,No internet service,No internet service,Month-to-month,No,Electronic check,21.51,1107.91,No
8044-WSJDW,Male,0,Yes,Yes,45,Yes,No,DSL,No,No,Yes,No,Yes,No,One year,Yes,Electronic check,61.27,2755.62,No
6849-BBQRR,Male,0,No,Yes,3,Yes,No,Fiber optic,No,Yes,No,No,No,Yes,One year,No,Electronic check,86.12,263.39,No
7763-ANKTB,Male,0,No,No,33,Yes,Yes,Fiber optic,No,Yes,No,Yes,No,No,Month-to-month,Yes,Electronic check,85.18,2799.81,Yes
6591-JFAEL,Male,0,No,No,65,Yes,No,DSL,No,No,No,No,No,No,Two year,No,Credit card (automatic),43.86,2841.39,No
8468-FNJNA,Female,0,No,No,62,Yes,No,Fiber optic,Yes,Yes,Yes,No,No,Yes,Month-to-month,No,Mailed check,98.52,6113.38,No
3883-CFBJC,Male,0,Yes,No,60,Yes,No,Fiber optic,No,No,No,No,No,Yes,Month-to-month,Yes,Electronic check,76.76,4607.99,No
7764-BMEJX,Female,0,Yes,No,41,Yes,Yes,DSL,No,Yes,Yes,Yes,Yes,No,Month-to-month,Yes,Electronic check,58.89,2430.96,No
5299-XCESN,Female,0,Yes,No,63,Yes,No,Fiber optic,Yes,Yes,No,No,Yes,Yes,Month-to-month,Yes,Electronic check,88.87,5580.69,No
4230-CTRBL,Female,0,No,Yes,16,No,No phone service,Fiber optic,Yes,No,No,Yes,Yes,Yes,Month-to-month,No,Credit card (automatic),94.51,1513.95,Yes
8959-WPKKG,Female,0,Yes,Yes,60,Yes,Yes,DSL,No,Yes,No,Yes,Yes,No,Month-to-month,Yes,Bank transfer (automatic),62.74,3778.04,Yes
4759-USGCB,Male,0,No,No,29,Yes,No,DSL,Yes,No,No,No,Yes,Yes,Month-to-month,Yes,Electronic check,59.08,1725.87,Yes
7708-WZQYW,Female,1,No,No,42,Yes,Yes,Fiber optic,No,No,No,Yes,No,Yes,One year,Yes,Credit card (automatic),76.01,3201.26,No
6855-XPPNU,Female,1,Yes,Yes,6,Yes,Yes,DSL,No,No,No,Yes,No,No,Two year,No,Credit card (automatic),50.88,302.31,No
8226-LLVCS,Female,0,Yes,Yes,72,Yes,Yes,No,No internet service,No internet service,No internet service,No internet service,No internet service,No internet service,Month-to-month,Yes,Bank transfer (automatic),18.25,1319.36,No
9778-FYAMS,Male,0,No,No,45,Yes,Yes,Fiber optic,No,No,No,No,No,No,Two year,No,Mailed check,69.66,3132.74,No
1007-UXUNC,Male,0,Yes,No,22,Yes,Yes,DSL,Yes,No,No,No,No,Yes,One year,Yes,Bank transfer (automatic),60.07,1301.97,No
4424-VEVDJ,Male,0,No,No,35,Yes,Yes,Fiber optic,Yes,Yes,No,No,Yes,Yes,Month-to-month,Yes,Mailed check,96.37,3366.32,No
1444-YZPDY,Female,0,No,Yes,13,Yes,Yes,Fiber optic,No,Yes,No,No,Yes,No,Month-to-month,No,Mailed check,83.16,1086.64,Yes
5255-NEMUP,Female,0,Yes,No,19,Yes,Yes,Fiber optic,No,Yes,No,Yes,Yes,No,One year,Yes,Mailed check,91.81,1752.03,No
4476-MCZGB,Male,0,Yes,No,55,Yes,Yes,No,No internet service,No internet service,No internet service,No internet service,No internet service,No internet service,Two year,Yes,Credit card (automatic),18.62,1028.37,No
7485-BHQFS,Female,0,Yes,Yes,31,Yes,Yes,No,No internet service,No internet service,No internet service,No internet service,No internet service,No internet service,One year,No,Electronic check,18.25,555.63,No
2842-LJEEY,Male,0,No,No,24,Yes,No,Fiber optic,No,No,No,No,No,Yes,Month-to-month,Yes,Mailed check,76.96,1848.49,Yes
6998-DHHYK,Male,0,Yes,Yes,48,Yes,No,Fiber optic,No,No,Yes,No,Yes,Yes,One year,No,Credit card (automatic),88.21,4239.14,Yes
6107-SCSYA,Female,0,No,No,56,Yes,No,DSL,No,Yes,Yes,No,Yes,No,One year,Yes,Electronic check,60.9,3395.83,No
9604-RWERA,Female,0,No,No,26,Yes,Yes,Fiber optic,Yes,No,Yes,No,No,Yes,Two year,No,Electronic check,82.65,2160.81,Yes
8840-BCSSQ,Female,0,No,No,26,Yes,Yes,Fiber optic,Yes,No,No,Yes,No,No,Month-to-month,Yes,Bank transfer (automatic),91.91,2396.73,Yes
8680-THSNH,Female,0,Yes,No,45,Yes,Yes,DSL,No,No,No,No,No,Yes,Two year,Yes,Bank transfer (automatic),51.38,2311.56,No
4850-FERAA,Male,0,No,Yes,44,Yes,Yes,DSL,No,No,No,No,Yes,No,Two year,No,Mailed check,56.01,2461.54,No
6641-VNPPD,Male,0,No,No,25,Yes,No,No,No internet service,No internet service,No internet service,No internet service,No internet service,No internet service,Two year,Yes,Bank transfer (automatic),19.92,484.55,No
6480-JBCAX,Male,0,No,No,13,Yes,No,Fiber optic,No,No,Yes,No,No,No,Month-to-month,Yes,Electronic check,78.38,1024.51,Yes
7704-JNXJU,Male,1,No,No,47,Yes,Yes,Fiber optic,No,No,No,No,Yes,Yes,One year,Yes,Bank transfer (automatic),83.19,3903.5,No
1094-VKPPD,Male,0,No,Yes,14,Yes,Yes,DSL,No,No,No,No,No,No,Two year,Yes,Electronic check,45.01,626.6,No
4216-CKTFQ,Female,1,No,No,50,Yes,No,Fiber optic,Yes,No,Yes,No,No,No,Two year,Yes,Credit card (automatic),82.75,4136.83,Yes
5420-ZYLAV,Male,0,Yes,No,53,Yes,No,DSL,No,No,Yes,Yes,Yes,Yes,Month-to-month,No,Bank transfer (automatic),65.66,3448.15,No
2850-HABUM,Male,0,No,No,10,Yes,Yes,DSL,No,No,No,No,No,Yes,Month-to-month,Yes,Electronic check,52.35,528.97,Yes
8154-JRACH,Male,0,Yes,No,27,Yes,Yes,DSL,No,Yes,No,No,Yes,No,One year,No,Bank transfer (automatic),55.22,1510.71,No
6676-SGRGK,Female,0,No,No,54,Yes,No,Fiber optic,No,No,No,No,No,No,Month-to-month,No,Bank transfer (automatic),68.54,3707.07,No
5411-JNHLG,Female,0,No,No,68,Yes,Yes,Fiber optic,No,No,No,No,No,No,One year,Yes,Credit card (automatic),68.85,4678.2,No
6201-MNVSV,Female,0,Yes,Yes,71,Yes,No,DSL,Yes,No,No,No,Yes,No,Two year,Yes,Electronic check,63.95,4553.18,No
6560-GNAKY,Female,0,No,No,25,Yes,Yes,DSL,No,No,No,No,No,No,Month-to-month,Yes,Electronic check,47.69,1182.05,No
8246-PWBSZ,Male,1,No,No,69,Yes,Yes,Fiber optic,No,No,No,No,Yes,Yes,Month-to-month,Yes,Electronic check,73.2,5044.74,No
9823-UPARX,Male,0,Yes,No,31,Yes,Yes,Fiber optic,No,No,No,No,Yes,No,Two year,Yes,Mailed check,74.71,2319.32,No
6897-FAPFD,Female,0,No,No,47,No,No phone service,Fiber optic,No,Yes,No,No,No,Yes,Month-to-month,No,Electronic check,86.53,4042.55,Yes
7656-GDEKZ,Female,0,Yes,No,11,Yes,No,Fiber optic,No,No,No,No,Yes,No,Month-to-month,No,Bank transfer (automatic),77.23,859.1,Yes
5817-EHHYH,Male,0,No,No,69,Yes,Yes,Fiber optic,No,Yes,No,No,No,No,Month-to-month,Yes,Electronic check,80.67,5563.6,No
5301-XLBEB,Male,0,No,No,60,Yes,Yes,Fiber optic,No,Yes,No,Yes,Yes,No,One year,Yes,Electronic check,88.15,5298.39,Yes
2727-UYTKM,Female,0,No,Yes,33,Yes,No,Fiber optic,Yes,Yes,No,No,No,No,Month-to-month,Yes,Electronic check,80.62,2663.58,No
5380-YNFLE,Female,1,No,No,44,Yes,Yes,Fiber optic,No,Yes,Yes,No,Yes,Yes,Month-to-month,Yes,Mailed check,99.14,4367.59,Yes
7825-QZEKE,Female,0,No,No,59,Yes,Yes,No,No internet service,No internet service,No internet service,No internet service,No internet service,No internet service,One year,No,Electronic check,18.25,1089.42,No
2355-XKEAC,Female,0,Yes,No,64,Yes,Yes,No,No internet service,No internet service,No internet service,No internet service,No internet service,No internet service,Month-to-month,No,Mailed check,21.92,1406.07,No
5934-PMYKU,Male,0,Yes,No,70,Yes,Yes,DSL,No,No,Yes,No,No,Yes,Two year,Yes,Electronic check,54.98,3853.25,No
1162-VUUMH,Male,1,No,No,12,Yes,No,No,No internet service,No internet service,No internet service,No internet service,No internet service,No internet service,Two year,Yes,Bank transfer (automatic),22.57,261.87,No
9633-ABYLM,Male,0,No,No,47,Yes,Yes,No,No internet service,No internet service,No internet service,No internet service,No internet service,No internet service,Month-to-month,Yes,Bank transfer (automatic),22.35,1055.38,No
5445-GBKXE,Female,0,No,No,48,Yes,No,No,No internet service,No internet service,No internet service,No internet service,No internet service,No internet service,Month-to-month,No,Credit card (automatic),22.64,1080.42,No
4786-BZZYC,Female,0,No,No,57,Yes,No,Fiber optic,No,No,No,Yes,No,Yes,Month-to-month,No,Credit card (automatic),86.04,4908.46,Yes
2328-RBHJP,Male,0,No,No,72,Yes,No,No,No internet service,No internet service,No internet service,No internet service,No internet service,No internet service,One year,No,Credit card (automatic),18.25,1307.37,No
2373-XDPVQ,Male,0,Yes,No,69,Yes,No,Fiber optic,No,No,Yes,Yes,No,No,Month-to-month,Yes,Credit card (automatic),81.28,5610.82,No
6818-FQSFB,Male,0,No,Yes,60,Yes,Yes,DSL,No,Yes,No,No,No,Yes,Two year,Yes,Mailed check,54.38,3259.49,No
6099-WSDQX,Male,1,Yes,No,25,No,No phone service,Fiber optic,Yes,No,No,Yes,Yes,No,Two year,No,Electronic check,93.29,2330.02,Yes
2513-LRHDK,Female,1,Yes,No,38,Yes,No,Fiber optic,Yes,No,Yes,No,No,No,Month-to-month,Yes,Electronic check,86.4,3271.37,Yes
5297-XWYDK,Male,0,No,Yes,57,Yes,No,DSL,No,Yes,No,No,No,No,Two year,Yes,Mailed check,54.97,3137.29,No
6553-FUYLH,Male,0,No,Yes,26,Yes,No,No,No internet service,No internet service,No internet service,No internet service,No internet service,No internet service,Month-to-month,Yes,Mailed check,19.92,524.05,No
5784-SFKWU,Male,1,Yes,Yes,39,Yes,Yes,No,No internet service,No internet service,No internet service,No internet service,No internet service,No internet service,Two year,Yes,Electronic check,22.49,881.06,No
9106-YWBSG,Male,1,No,No,30,Yes,Yes,No,No internet service,No internet service,No internet service,No internet service,No internet service,No internet service,Month-to-month,Yes,Electronic check,21.1,642.15,No
3812-VTYWT,Male,0,No,No,2,Yes,Yes,No,No internet service,No internet service,No internet service,No internet service,No internet service,No internet service,Two year,No,Mailed check,20.96,26.47,No
7315-ZEFQK,Male,0,No,Yes,14,Yes,No,Fiber optic,No,No,Yes,No,No,No,Month-to-month,Yes,Credit card (automatic),75.13,1039.88,Yes
5878-ECWLP,Male,0,No,No,53,Yes,No,Fiber optic,No,No,Yes,Yes,No,No,One year,Yes,Bank transfer (automatic),75.71,4010.75,No
8178-SDQQH,Female,0,Yes,Yes,69,Yes,No,No,No internet service,No internet service,No internet service,No internet service,No internet service,No internet service,Two year,Yes,Credit card (automatic),22.53,1543.26,No
6458-DFEFX,Female,0,No,Yes,10,Yes,No,DSL,No,No,No,No,No,No,Two year,Yes,Mailed check,51.92,521.33,No
3094-KBNSK,Female,0,No,No,29,No,No phone service,No,No internet service,No internet service,No internet service,No internet service,No internet service,No internet service,One year,Yes,Credit card (automatic),19.18,559.4,No
6695-RPVCN,Female,0,No,No,34,Yes,Yes,Fiber optic,No,No,Yes,No,Yes,No,Month-to-month,Yes,Electronic check,79.37,2687.28,No
9818-YJTGD,Male,1,No,No,42,Yes,No,No,No internet service,No internet service,No internet service,No internet service,No internet service,No internet service,Month-to-month,Yes,Mailed check,19.25,815.17,No
1877-KDGDK,Female,0,Yes,No,60,Yes,No,Fiber optic,No,No,Yes,Yes,No,Yes,Month-to-month,Yes,Electronic check,91.42,5492.64,No
5287-EDFVH,Female,0,Yes,No,39,Yes,No,DSL,Yes,Yes,No,No,No,Yes,One year,Yes,Electronic check,64.52,2514.66,No
7876-CSTSJ,Male,0,No,No,41,Yes,Yes,No,No internet service,No internet service,No internet service,No internet service,No internet service,No internet service,Month-to-month,Yes,Credit card (automatic),22.7,929.24,No
9844-VWQXE,Male,0,No,No,41,Yes,No,Fiber optic,No,No,Yes,No,Yes,Yes,One year,Yes,Bank transfer (automatic),84.22,3455.66,Yes
6512-RXQTJ,Female,0,No,Yes,2,No,No phone service,DSL,No,No,No,No,Yes,Yes,Month-to-month,Yes,Electronic check,56.59,129.99,Yes
9656-NZNSG,Female,0,Yes,No,20,Yes,Yes,DSL,Yes,No,Yes,No,No,Yes,One year,Yes,Mailed check,60.27,1212.39,No
5100-LUNTR,Male,0,Yes,No,72,Yes,Yes,Fiber optic,No,No,Yes,No,No,No,Month-to-month,Yes,Credit card (automatic),80.57,5800.25,No
1411-LPPGL,Female,1,Yes,No,52,Yes,No,DSL,No,No,No,No,No,No,One year,Yes,Electronic check,42.48,2208.42,No
8710-WAJXL,Male,0,No,No,43,No,No phone service,No,No internet service,No internet service,No internet service,No internet service,No internet service,No internet service,Two year,No,Electronic check,18.92,816.3,No
5269-XQSZQ,Male,0,Yes,No,45,Yes,Yes,DSL,Yes,Yes,Yes,Yes,Yes,No,Month-to-month,Yes,Credit card (automatic),78.82,3545.87,No
1541-SGVQY,Male,0,No,Yes,36,Yes,No,Fiber optic,Yes,No,Yes,No,Yes,Yes,Month-to-month,No,Bank transfer (automatic),81.27,2929.26,Yes
5002-RKXHN,Male,0,Yes,No,37,No,No phone service,Fiber optic,Yes,No,No,No,No,Yes,Month-to-month,No,Electronic check,86.1,3193.92,Yes
5428-ZNQWX,Female,0,No,No,37,Yes,Yes,Fiber optic,Yes,No,Yes,No,Yes,Yes,Month-to-month,Yes,Electronic check,95.48,3565.01,Yes
3867-SVBEF,Male,1,Yes,Yes,10,Yes,Yes,DSL,No,No,No,No,No,No,One year,No,Electronic check,45.76,451.91,No
2245-KFWKK,Male,0,Yes,No,44,Yes,No,Fiber optic,No,Yes,Yes,No,Yes,Yes,Two year,No,Electronic check,93.95,4133.91,Yes
1179-KJSLK,Female,0,No,No,63,Yes,No,Fiber optic,No,Yes,No,Yes,No,No,Month-to-month,No,Credit card (automatic),80.93,5115.75,Yes
5457-FLFFL,Male,1,No,Yes,43,Yes,No,Fiber optic,Yes,Yes,No,Yes,No,Yes,Month-to-month,Yes,Bank transfer (automatic),90.06,3852.13,Yes
8800-FXQQU,Female,0,Yes,No,61,Yes,No,No,No internet service,No internet service,No internet service,No internet service,No internet service,No internet service,One year,Yes,Mailed check,18.25,1116.22,No
2217-TKANV,Female,0,No,No,60,Yes,Yes,Fiber optic,No,No,No,No,No,No,Month-to-month,Yes,Electronic check,66.54,3984.71,No
4532-AYACE,Female,0,Yes,No,11,Yes,No,Fiber optic,No,No,No,No,Yes,No,Month-to-month,No,Bank transfer (automatic),77.51,864.24,No
5013-TYHFT,Male,0,Yes,No,8,Yes,No,DSL,Yes,No,Yes,No,Yes,Yes,Month-to-month,Yes,Electronic check,76.47,614.97,Yes
1063-ZREMZ,Female,0,Yes,Yes,66,Yes,No,Fiber optic,No,No,Yes,No,No,No,One year,Yes,Electronic check,79.88,5276.68,No
9427-QEFQW,Female,0,Yes,No,1,Yes,No,DSL,No,No,No,No,Yes,Yes,Two year,Yes,Mailed check,62.27,88.82,Yes
3558-GQWWK,Male,0,No,No,7,Yes,Yes,DSL,No,Yes,No,No,Yes,No,Month-to-month,Yes,Credit card (automatic),57.02,392.57,Yes
6312-GBKTY,Female,0,Yes,No,42,Yes,Yes,Fiber optic,No,No,Yes,No,Yes,No,Two year,No,Bank transfer (automatic),82.23,3453.62,No
7335-VFLHP,Female,0,No,No,17,No,No phone service,DSL,No,Yes,No,No,Yes,Yes,Two year,Yes,Bank transfer (automatic),60.0,1026.92,No
7892-RWCPT,Female,1,Yes,Yes,51,Yes,Yes,No,No internet service,No internet service,No internet service,No internet service,No internet service,No internet service,Month-to-month,Yes,Electronic check,19.36,980.95,No
4768-LSQPK,Female,0,No,No,38,Yes,No,Fiber optic,Yes,No,Yes,No,Yes,Yes,Month-to-month,Yes,Credit card (automatic),96.13,3658.53,Yes
5242-YJRRF,Female,1,Yes,Yes,30,Yes,No,No,No internet service,No internet service,No internet service,No internet service,No internet service,No internet service,Two year,Yes,Electronic check,18.25,540.36,No
9605-AYPJL,Male,0,Yes,Yes,13,Yes,No,No,No internet service,No internet service,No internet service,No internet service,No internet service,No internet service,Month-to-month,Yes,Mailed check,24.52,314.81,No
3073-VNWUU,Female,0,Yes,Yes,63,Yes,Yes,No,No internet service,No internet service,No internet service,No internet service,No internet service,No internet service,Month-to-month,Yes,Mailed check,21.46,1358.52,No
4565-YQJSM,Female,0,No,No,43,Yes,No,Fiber optic,No,Yes,No,No,Yes,No,Month-to-month,No,Bank transfer (automatic),74.33,3194.44,No
9363-PHVKF,Male,0,No,No,59,Yes,Yes,Fiber optic,Yes,Yes,No,No,No,Yes,Month-to-month,No,Credit card (automatic),89.56,5284.89,No
7233-RGSET,Male,1,No,No,1,Yes,Yes,Fiber optic,No,Yes,Yes,No,No,Yes,Two year,Yes,Electronic check,92.58,104.65,Yes
8770-ZWRSH,Male,0,Yes,No,31,Yes,No,No,No internet service,No internet service,No internet service,No internet service,No internet service,No internet service,Two year,No,Electronic check,24.66,768.86,No
4992-MLMYT,Female,0,No,No,35,Yes,Yes,Fiber optic,No,Yes,Yes,Yes,Yes,Yes,One year,Yes,Electronic check,114.9,4023.82,Yes
2565-EEEUT,Male,0,No,Yes,54,Yes,No,DSL,No,Yes,No,No,No,Yes,Month-to-month,No,Bank transfer (automatic),57.94,3135.67,No
7721-YPBWD,Female,0,Yes,No,62,Yes,Yes,DSL,No,Yes,No,No,Yes,Yes,Month-to-month,Yes,Electronic check,67.88,4210.7,No
2325-KYBTM,Female,0,Yes,No,68,Yes,No,Fiber optic,No,No,Yes,No,Yes,Yes,Month-to-month,Yes,Electronic check,79.05,5346.49,No
2642-LHBPG,Male,0,No,Yes,39,Yes,No,Fiber optic,No,No,Yes,No,No,Yes,Month-to-month,No,Credit card (automatic),80.06,3108.07,No
4196-NAEUP,Male,0,No,No,23,Yes,Yes,Fiber optic,No,Yes,Yes,Yes,No,No,Two year,Yes,Credit card (automatic),85.14,1961.59,Yes
7038-MXULD,Female,0,Yes,No,57,Yes,No,Fiber optic,No,No,No,Yes,Yes,No,Month-to-month,No,Bank transfer (automatic),78.9,4501.02,No
6524-QDKSS,Male,0,No,No,27,No,No phone service,Fiber optic,No,No,Yes,Yes,Yes,Yes,Two year,No,Mailed check,86.79,2359.87,Yes
2729-JWBFH,Female,0,No,No,61,Yes,Yes,Fiber optic,No,Yes,No,No,Yes,No,Month-to-month,Yes,Bank transfer (automatic),81.66,4978.12,No
1243-RMJZQ,Male,0,No,No,24,Yes,No,DSL,No,No,Yes,No,Yes,No,One year,Yes,Bank transfer (automatic),53.89,1272.6,Yes
1156-GRNEW,Male,1,Yes,Yes,6,Yes,No,Fiber optic,Yes,No,Yes,No,No,Yes,Two year,Yes,Bank transfer (automatic),96.48,579.99,No
7070-NUYZP,Male,0,No,Yes,37,Yes,No,DSL,No,Yes,No,No,Yes,Yes,One year,No,Electronic check,59.0,2200.6,No
1955-YFHDE,Female,0,Yes,No,70,No,No phone service,Fiber optic,Yes,No,No,Yes,Yes,No,Month-to-month,No,Mailed check,78.15,5463.7,No
9501-FWKLH,Male,0,Yes,Yes,44,Yes,No,No,No internet service,No internet service,No internet service,No internet service,No internet service,No internet service,Month-to-month,No,Credit card (automatic),25.28,1105.13,No
6492-RXZDQ,Female,0,No,No,31,Yes,No,Fiber optic,No,No,No,No,No,No,Month-to-month,Yes,Electronic check,73.85,2284.29,Yes
4709-YVRJL,Female,1,Yes,No,31,Yes,No,DSL,No,Yes,No,No,No,No,Two year,Yes,Electronic check,46.69,1451.86,No
5610-CDRBD,Female,0,Yes,No,0,Yes,No,No,No internet service,No internet service,No internet service,No internet service,No internet service,No internet service,Month-to-month,No,Electronic check,18.25, ,Yes
5528-AHEAW,Female,0,Yes,Yes,44,Yes,No,DSL,No,No,No,No,Yes,No,Month-to-month,Yes,Bank transfer (automatic),52.32,2286.42,Yes
6937-VQQVC,Male,0,Yes,Yes,63,Yes,No,Fiber optic,No,No,No,No,Yes,Yes,One year,No,Credit card (automatic),87.03,5492.49,No
8076-XABFG,Female,0,Yes,No,67,Yes,No,Fiber optic,No,No,Yes,Yes,No,No,Two year,No,Electronic check,87.76,5890.7,Yes
5166-BUSVG,Female,0,Yes,No,6,No,No phone service,Fiber optic,Yes,Yes,No,No,No,Yes,Month-to-month,Yes,Electronic check,91.36,551.6,Yes
4911-XKUAW,Male,0,No,No,37,Yes,Yes,DSL,Yes,No,No,Yes,No,Yes,Month-to-month,No,Bank transfer (automatic),63.81,2348.63,No
9353-CAFSC,Female,0,Yes,No,69,Yes,Yes,No,No internet service,No internet service,No internet service,No internet service,No internet service,No internet service,Month-to-month,No,Bank transfer (automatic),20.94,1441.04,No
4292-VZJJR,Male,0,No,No,52,Yes,No,DSL,No,No,No,No,No,Yes,Two year,Yes,Electronic check,48.28,2519.05,No
1287-KKGEW,Female,0,Yes,No,72,Yes,Yes,DSL,No,No,No,Yes,Yes,No,Month-to-month,No,Electronic check,59.92,4305.54,No
5547-ESUTR,Male,0,Yes,Yes,29,Yes,Yes,Fiber optic,No,Yes,Yes,Yes,Yes,No,Month-to-month,No,Credit card (automatic),86.99,2515.05,No
5354-PKURG,Female,0,No,No,21,Yes,No,Fiber optic,No,Yes,No,Yes,Yes,No,Month-to-month,No,Mailed check,86.37,1803.42,No
2157-XVQVJ,Male,0,Yes,No,57,Yes,No,DSL,No,No,Yes,Yes,No,Yes,Month-to-month,Yes,Mailed check,71.2,4060.34,No
7518-WRCNF,Female,0,No,No,72,No,No phone service,DSL,No,No,Yes,No,Yes,No,Month-to-month,No,Credit card (automatic),55.61,4011.32,No
6342-CTBXK,Female,0,No,Yes,54,Yes,No,Fiber optic,No,No,Yes,No,Yes,No,Month-to-month,No,Electronic check,79.34,4286.31,Yes
9281-RJFFB,Male,0,Yes,No,45,Yes,Yes,No,No internet service,No internet service,No internet service,No internet service,No internet service,No internet service,One year,Yes,Electronic check,20.56,922.59,No
3270-GNYPU,Male,0,No,No,25,Yes,No,DSL,No,Yes,No,Yes,Yes,No,One year,Yes,Bank transfer (automatic),63.67,1590.56,No
8370-FBYEE,Male,1,Yes,No,63,Yes,No,DSL,No,Yes,Yes,No,No,Yes,Month-to-month,No,Bank transfer (automatic),59.47,3731.15,No
7137-JPSMU,Male,1,No,Yes,8,Yes,No,No,No internet service,No internet service,No internet service,No internet service,No internet service,No internet service,One year,Yes,Mailed check,18.25,158.72,No
4177-NBHZS,Female,0,No,No,14,Yes,Yes,Fiber optic,No,No,No,No,Yes,Yes,Month-to-month,No,Electronic check,82.03,1155.02,Yes
9063-HWCGS,Female,0,No,No,18,Yes,Yes,Fiber optic,No,No,No,Yes,Yes,Yes,Month-to-month,No,Electronic check,96.09,1726.42,Yes
6728-DPWFN,Male,0,Yes,No,15,Yes,Yes,Fiber optic,Yes,No,No,No,No,Yes,Two year,Yes,Electronic check,81.18,1209.14,No
9890-XVVSQ,Female,0,Yes,Yes,24,Yes,Yes,Fiber optic,Yes,Yes,No,No,Yes,No,One year,No,Electronic check,81.0,1936.54,No
5535-QLLZX,Male,0,Yes,Yes,50,Yes,No,No,No internet service,No internet service,No internet service,No internet service,No internet service,No internet service,One year,Yes,Electronic check,21.28,1060.97,No
5841-ALJJA,Male,0,Yes,Yes,45,Yes,No,DSL,No,Yes,No,Yes,No,No,Month-to-month,Yes,Mailed check,57.93,2619.16,No
9260-EQRVK,Female,1,No,No,6,Yes,Yes,Fiber optic,No,No,No,No,No,Yes,One year,Yes,Electronic check,76.45,445.2,No
2910-BPFHH,Female,0,No,No,33,Yes,Yes,DSL,No,No,No,Yes,No,No,Month-to-month,Yes,Electronic check,51.85,1704.72,Yes
3026-HHUWD,Female,0,Yes,Yes,57,Yes,Yes,DSL,No,Yes,No,No,No,Yes,One year,No,Credit card (automatic),52.51,2984.26,Yes
8436-KWSTB,Female,0,No,Yes,22,No,No phone service,DSL,No,No,No,No,No,Yes,Month-to-month,Yes,Electronic check,53.84,1188.58,Yes
9020-FRLLJ,Female,0,No,No,22,No,No phone service,Fiber optic,No,Yes,No,Yes,No,Yes,One year,Yes,Electronic check,92.35,2030.09,Yes
7418-YNHJU,Female,0,No,No,16,Yes,Yes,Fiber optic,Yes,Yes,No,No,Yes,Yes,Month-to-month,Yes,Mailed check,93.4,1490.06,No
3074-VWRMU,Female,0,Yes,No,12,Yes,Yes,Fiber optic,Yes,No,Yes,Yes,Yes,No,Month-to-month,Yes,Electronic check,91.36,1099.65,No
8608-MYPGT,Male,0,Yes,No,26,Yes,No,No,No internet service,No internet service,No internet service,No internet service,No internet service,No internet service,One year,No,Bank transfer (automatic),18.25,459.38,No
7590-JLWHS,Male,0,No,No,65,Yes,Yes,No,No internet service,No internet service,No internet service,No internet service,No internet service,No internet service,Month-to-month,Yes,Electronic check,19.77,1280.01,No
3838-QSSPB,Male,0,No,Yes,29,Yes,No,Fiber optic,Yes,Yes,No,Yes,No,No,One year,No,Mailed check,81.97,2375.92,Yes
6773-WPNDR,Male,0,No,No,3,No,No phone service,Fiber optic,No,Yes,No,No,No,No,Two year,No,Mailed check,73.11,198.59,No
6911-FHXJF,Male,0,No,No,66,Yes,Yes,DSL,No,No,Yes,Yes,No,No,Two year,No,Electronic check,58.37,3860.28,No
5501-NLQMN,Female,0,Yes,Yes,13,Yes,Yes,DSL,Yes,No,No,Yes,Yes,No,Two year,Yes,Bank transfer (automatic),62.15,811.48,No
5440-QJKQK,Male,0,No,No,10,No,No phone service,DSL,No,No,Yes,No,No,Yes,Month-to-month,Yes,Electronic check,52.76,525.6,Yes
4451-YGMSF,Male,1,Yes,No,39,Yes,No,No,No internet service,No internet service,No internet service,No internet service,No internet service,No internet service,Two year,Yes,Mailed check,18.25,704.76,No
3158-CBHUG,Male,0,No,Yes,2,Yes,Yes,No,No internet service,No internet service,No internet service,No internet service,No internet service,No internet service,Month-to-month,No,Credit card (automatic),19.94,57.77,Yes
3546-HBPYX,Male,1,No,Yes,0,Yes,Yes,Fiber optic,No,Yes,No,Yes,Yes,No,Month-to-month,Yes,Electronic check,80.95, ,Yes
5769-BTEMR,Male,1,No,No,8,Yes,Yes,Fiber optic,No,Yes,No,No,No,No,Month-to-month,Yes,Bank transfer (automatic),77.99,609.57,Yes
4710-AZZPM,Male,0,No,No,72,Yes,No,Fiber optic,No,Yes,Yes,No,Yes,Yes,Month-to-month,No,Credit card (automatic),107.56,7733.94,No
8262-LFEBG,Male,0,No,No,0,Yes,No,Fiber optic,No,No,Yes,Yes,Yes,Yes,Month-to-month,No,Electronic check,99.41, ,Yes
3591-EKXTA,Female,1,Yes,No,15,Yes,No,Fiber optic,Yes,No,No,No,No,Yes,Month-to-month,No,Electronic check,84.62,1264.32,No
3522-NVTPZ,Female,0,Yes,No,71,Yes,Yes,Fiber optic,Yes,Yes,No,Yes,No,Yes,Month-to-month,Yes,Electronic check,90.26,6398.78,No
3250-TQFLJ,Male,0,No,Yes,45,Yes,No,DSL,No,No,No,Yes,No,Yes,Month-to-month,No,Electronic check,54.32,2448.19,No
4683-ADEXD,Female,1,Yes,Yes,9,Yes,No,No,No internet service,No internet service,No internet service,No internet service,No internet service,No internet service,Two year,No,Bank transfer (automatic),20.31,190.93,No
1315-JPQWN,Female,0,Yes,Yes,32,Yes,Yes,Fiber optic,Yes,No,No,No,No,No,Month-to-month,No,Electronic check,78.04,2487.33,Yes
6166-HMZUY,Female,0,Yes,No,40,No,No phone service,Fiber optic,Yes,No,No,No,Yes,Yes,One year,No,Mailed check,94.01,3761.5,No
5983-QMQBA,Female,0,No,No,50,Yes,No,Fiber optic,No,No,No,No,Yes,Yes,Month-to-month,Yes,Electronic check,82.66,4126.93,No
1172-RJCBJ,Male,0,Yes,No,21,Yes,Yes,Fiber optic,No,No,Yes,Yes,No,Yes,Month-to-month,No,Credit card (automatic),84.45,1786.83,No
4787-LGXNQ,Female,0,No,No,15,Yes,Yes,DSL,No,No,No,No,Yes,Yes,One year,Yes,Mailed check,60.23,899.54,No
3426-CBTDA,Female,0,No,No,61,Yes,Yes,Fiber optic,No,No,Yes,No,No,No,Month-to-month,No,Bank transfer (automatic),74.18,4531.68,No
9206-AGFVN,Female,0,No,Yes,52,Yes,No,No,No internet service,No internet service,No internet service,No internet service,No internet service,No internet service,Two year,No,Electronic check,27.2,1413.47,No
5768-PKKBB,Male,0,Yes,No,13,Yes,No,DSL,Yes,No,Yes,Yes,Yes,Yes,Month-to-month,No,Bank transfer (automatic),77.96,1021.25,No
9280-AYPYU,Male,0,No,Yes,58,Yes,No,DSL,No,No,No,No,No,No,Month-to-month,Yes,Mailed check,39.24,2270.75,Yes
6835-AZNFT,Male,0,No,No,25,Yes,Yes,No,No internet service,No internet service,No internet service,No internet service,No internet service,No internet service,Month-to-month,Yes,Electronic check,25.07,624.73,Yes
1279-MKUQZ,Male,0,No,No,43,Yes,No,DSL,No,No,No,No,No,No,One year,No,Bank transfer (automatic),46.02,1974.23,No
4804-ABUHQ,Male,0,No,Yes,19,No,No phone service,Fiber optic,No,No,No,No,No,Yes,Month-to-month,No,Mailed check,75.58,1437.17,No
3792-VBKQR,Male,0,No,No,4,Yes,Yes,Fiber optic,No,Yes,No,No,No,No,Month-to-month,No,Bank transfer (automatic),79.51,326.03,Yes
4985-NSUDZ,Male,0,Yes,Yes,64,Yes,Yes,DSL,No,No,Yes,Yes,No,No,Month-to-month,Yes,Bank transfer (automatic),58.17,3724.99,No
4245-FNBSF,Female,1,No,No,10,Yes,Yes,Fiber optic,Yes,No,Yes,Yes,Yes,No,Two year,No,Electronic check,100.62,1006.15,Yes
6145-VLKHZ,Female,0,Yes,Yes,46,Yes,No,Fiber optic,No,Yes,No,Yes,No,Yes,One year,Yes,Bank transfer (automatic),86.36,3961.08,No
6581-WQHAH,Female,0,Yes,No,9,Yes,Yes,DSL,No,Yes,No,Yes,No,Yes,One year,Yes,Mailed check,63.62,565.51,Yes
4247-YWEAR,Male,0,No,No,60,Yes,Yes,Fiber optic,No,Yes,No,No,No,No,One year,Yes,Credit card (automatic),75.46,4521.57,No
2651-GYQDZ,Male,0,Yes,No,44,No,No phone service,No,No internet service,No internet service,No internet service,No internet service,No internet service,No internet service,One year,No,Credit card (automatic),25.47,1129.03,No
2516-JNMQG,Male,0,Yes,No,46,Yes,No,Fiber optic,Yes,Yes,No,No,Yes,No,Two year,Yes,Bank transfer (automatic),86.56,3982.47,No
6990-RNEJW,Male,0,No,Yes,33,No,No phone service,No,No internet service,No internet service,No internet service,No internet service,No internet service,No internet service,One year,No,Bank transfer (automatic),18.69,612.3,No
3481-CWZLX,Male,0,No,No,12,Yes,Yes,DSL,No,No,No,No,No,No,One year,No,Credit card (automatic),49.19,588.03,No
5987-HVVUK,Female,0,Yes,No,22,Yes,Yes,Fiber optic,No,No,No,No,No,No,Two year,No,Credit card (automatic),66.76,1467.1,No
3854-YBPEW,Female,0,No,No,35,Yes,No,DSL,No,No,Yes,No,No,No,Month-to-month,Yes,Credit card (automatic),50.31,1752.09,Yes
6237-SFCDR,Male,0,Yes,No,62,Yes,No,DSL,Yes,No,No,No,No,Yes,Month-to-month,Yes,Credit card (automatic),52.77,3269.55,No
6040-JAKNR,Male,0,Yes,Yes,46,Yes,No,Fiber optic,Yes,No,No,No,No,No,Month-to-month,No,Electronic check,79.37,3650.06,No
9266-WZCTA,Male,1,Yes,No,65,Yes,Yes,DSL,Yes,No,No,Yes,No,Yes,Month-to-month,Yes,Bank transfer (automatic),56.28,3649.06,No
8411-DLDLN,Male,0,Yes,No,13,Yes,No,DSL,No,No,No,No,No,No,Month-to-month,Yes,Credit card (automatic),44.47,579.08,No
5235-QQSRW,Female,0,Yes,No,52,Yes,No,No,No internet service,No internet service,No internet service,No internet service,No internet service,No internet service,One year,Yes,Credit card (automatic),19.53,1004.88,Yes
7172-ZEVTW,Male,0,Yes,No,65,Yes,Yes,No,No internet service,No internet service,No internet service,No internet service,No internet service,No internet service,Month-to-month,No,Bank transfer (automatic),22.55,1455.58,No
4269-AMQCH,Male,1,No,Yes,48,Yes,No,DSL,Yes,No,No,No,Yes,Yes,Two year,Yes,Mailed check,56.81,2734.79,Yes
9947-XXEVG,Male,0,No,No,15,Yes,No,Fiber optic,Yes,Yes,Yes,No,No,Yes,Month-to-month,Yes,Electronic check,92.93,1386.04,No
2821-ZMPTY,Male,1,No,Yes,67,Yes,No,DSL,Yes,No,Yes,Yes,No,No,Month-to-month,Yes,Electronic check,58.48,3925.28,No
7789-KFBAE,Female,1,No,No,42,Yes,No,No,No internet service,No internet service,No internet service,No internet service,No internet service,No internet service,One year,Yes,Bank transfer (automatic),18.25,763.0,No
9699-JRYGV,Male,0,Yes,No,64,Yes,No,Fiber optic,Yes,Yes,No,No,No,No,Month-to-month,No,Bank transfer (automatic),82.95,5315.25,No
1176-SDZFJ,Male,0,No,Yes,8,Yes,No,Fiber optic,No,Yes,No,No,No,No,One year,No,Bank transfer (automatic),76.97,602.93,No
3621-JJHKJ,Female,0,No,No,20,Yes,No,Fiber optic,No,Yes,No,No,No,No,Two year,Yes,Credit card (automatic),73.57,1478.18,No
4048-EKRAS,Female,0,Yes,Yes,42,Yes,No,DSL,No,No,Yes,Yes,Yes,No,Month-to-month,No,Mailed check,66.17,2770.22,No
9950-GKTNV,Female,0,Yes,No,65,Yes,Yes,DSL,No,No,No,No,No,Yes,Month-to-month,No,Bank transfer (automatic),52.07,3368.94,No
4011-MSYAR,Male,0,No,No,3,Yes,No,Fiber optic,No,No,No,Yes,Yes,No,One year,Yes,Mailed check,81.49,236.46,Yes
6236-PPVPG,Male,1,No,No,6,Yes,Yes,No,No internet service,No internet service,No internet service,No internet service,No internet service,No internet service,Two year,Yes,Electronic check,23.06,137.23,Yes
4497-RWTXM,Female,0,No,No,57,Yes,Yes,No,No internet service,No internet service,No internet service,No internet service,No internet service,No internet service,Month-to-month,No,Electronic check,22.08,1247.1,No
1092-ZKKJF,Female,1,Yes,No,3,Yes,No,No,No internet service,No internet service,No internet service,No internet service,No internet service,No internet service,Two year,Yes,Mailed check,23.29,71.26,No
9320-YSTCL,Female,0,Yes,Yes,19,Yes,No,DSL,No,No,No,No,Yes,No,Two year,No,Mailed check,54.21,1024.62,No
3896-QFDVC,Female,0,No,No,34,Yes,No,No,No internet service,No internet service,No internet service,No internet service,No internet service,No internet service,Month-to-month,No,Mailed check,18.25,618.05,No
6549-ZZPAR,Female,1,No,Yes,58,Yes,No,Fiber optic,Yes,No,Yes,No,No,Yes,Month-to-month,Yes,Bank transfer (automatic),93.67,5429.37,No
3212-QVXGE,Female,0,Yes,No,44,Yes,No,DSL,No,No,Yes,No,No,Yes,Month-to-month,No,Electronic check,54.01,2365.23,Yes
2128-HHRES,Male,0,Yes,No,13,Yes,No,No,No internet service,No internet service,No internet service,No internet service,No internet service,No internet service,Month-to-month,Yes,Electronic check,20.38,284.08,No
2785-HTPMU,Male,0,No,No,21,Yes,No,Fiber optic,Yes,No,No,Yes,Yes,Yes,One year,Yes,Electronic check,94.84,2000.19,Yes
2195-EPHSM,Male,0,No,Yes,47,Yes,Yes,Fiber optic,Yes,No,No,Yes,Yes,No,One year,Yes,Mailed check,83.2,3899.24,Yes
5667-ZLFQA,Female,0,Yes,Yes,29,Yes,No,Fiber optic,No,No,No,No,Yes,No,Month-to-month,Yes,Mailed check,82.04,2382.97,Yes
9391-FRQSA,Female,0,No,Yes,28,Yes,No,No,No internet service,No internet service,No internet service,No internet service,No internet service,No internet service,Month-to-month,No,Bank transfer (automatic),21.16,606.37,No
9137-UCRLG,Female,0,No,No,35,Yes,No,No,No internet service,No internet service,No internet service,No internet service,No internet service,No internet service,Month-to-month,Yes,Bank transfer (automatic),22.8,784.92,Yes
5649-UMABG,Female,1,No,Yes,41,Yes,No,DSL,No,Yes,Yes,Yes,Yes,No,Two year,Yes,Electronic check,78.39,3234.9,No
9750-PREKH,Female,0,Yes,No,28,Yes,No,No,No internet service,No internet service,No internet service,No internet service,No internet service,No internet service,One year,No,Bank transfer (automatic),18.25,502.94,Yes
4317-PGZHT,Female,1,Yes,No,6,Yes,Yes,No,No internet service,No internet service,No internet service,No internet service,No internet service,No internet service,Month-to-month,Yes,Credit card (automatic),20.92,114.11,Yes
6497-MFYBC,Male,0,No,No,31,Yes,Yes,Fiber optic,Yes,No,Yes,No,Yes,Yes,One year,No,Credit card (automatic),89.91,2798.84,No
1815-HFYCR,Male,0,Yes,No,12,Yes,No,DSL,Yes,Yes,Yes,No,No,No,Month-to-month,Yes,Mailed check,69.11,826.43,No
9945-DVHTP,Female,0,No,No,12,Yes,No,Fiber optic,No,No,No,No,Yes,No,Month-to-month,No,Electronic check,71.26,838.24,Yes
5617-HDBUQ,Male,0,No,Yes,53,Yes,Yes,Fiber optic,Yes,No,No,Yes,Yes,Yes,Month-to-month,Yes,Credit card (automatic),97.83,5193.56,No
2563-JCZVU,Female,1,Yes,No,13,Yes,No,Fiber optic,No,No,No,No,No,Yes,Month-to-month,No,Bank transfer (automatic),78.5,1019.43,No
9764-QPWFJ,Male,0,No,No,5,Yes,No,DSL,No,No,Yes,Yes,Yes,Yes,Two year,No,Electronic check,74.5,370.62,No
2889-HYZQB,Female,0,No,Yes,15,Yes,Yes,Fiber optic,No,Yes,No,No,Yes,No,Month-to-month,No,Electronic check,74.7,1123.8,Yes
3837-YUMMZ,Female,0,No,No,40,Yes,No,No,No internet service,No internet service,No internet service,No internet service,No internet service,No internet service,Two year,No,Mailed check,24.2,969.67,No
1260-RVXXJ,Male,0,Yes,No,51,Yes,Yes,No,No internet service,No internet service,No internet service,No internet service,No internet service,No internet service,One year,Yes,Mailed check,19.07,968.38,No
6229-YRMHJ,Male,1,No,Yes,15,Yes,No,DSL,No,Yes,Yes,No,No,No,Two year,Yes,Bank transfer (automatic),53.13,796.69,No
1780-BWQRM,Female,1,Yes,Yes,4,Yes,Yes,Fiber optic,Yes,No,Yes,No,Yes,No,Month-to-month,Yes,Bank transfer (automatic),79.05,311.42,Yes
1829-XJUXZ,Female,0,No,Yes,23,Yes,No,No,No internet service,No internet service,No internet service,No internet service,No internet service,No internet service,Two year,Yes,Credit card (automatic),22.66,509.58,No
3556-KUCXD,Male,0,No,No,42,Yes,No,DSL,Yes,Yes,Yes,No,Yes,Yes,Month-to-month,Yes,Electronic check,77.6,3263.53,No
7323-LPPBY,Male,0,Yes,No,64,No,No phone service,DSL,No,No,No,No,No,No,Month-to-month,No,Mailed check,41.74,2668.04,No
8920-PDFJN,Female,0,No,Yes,9,Yes,No,Fiber optic,No,No,No,Yes,No,Yes,One year,No,Bank transfer (automatic),83.42,747.61,Yes
8221-KMDLH,Male,1,No,No,58,Yes,Yes,Fiber optic,No,No,Yes,No,Yes,No,Two year,Yes,Bank transfer (automatic),86.4,5023.08,No
4558-XPKJW,Female,0,Yes,No,34,Yes,No,DSL,Yes,No,No,No,No,Yes,One year,Yes,Credit card (automatic),61.12,2073.27,No
2749-LQPSM,Female,0,Yes,No,30,Yes,No,No,No internet service,No internet service,No internet service,No internet service,No internet service,No internet service,Month-to-month,Yes,Bank transfer (automatic),18.25,562.94,No
1444-ZFFFU,Female,0,No,No,10,Yes,Yes,Fiber optic,No,No,No,No,No,No,Two year,No,Electronic check,72.07,720.79,Yes
9794-UCEUM,Female,1,Yes,Yes,8,Yes,No,Fiber optic,Yes,Yes,Yes,No,No,No,One year,No,Bank transfer (automatic),93.43,751.34,Yes
3460-ZKNDB,Male,0,Yes,No,65,Yes,Yes,Fiber optic,No,Yes,No,Yes,Yes,Yes,One year,No,Electronic check,89.96,5825.2,No
2437-NZJKL,Male,0,No,No,43,No,No phone service,Fiber optic,No,Yes,Yes,No,Yes,No,Month-to-month,No,Mailed check,87.57,3778.9,No
7046-BSBMZ,Male,0,No,No,15,Yes,Yes,Fiber optic,No,Yes,No,Yes,Yes,Yes,Two year,No,Bank transfer (automatic),93.88,1408.11,No
2338-FZXPG,Male,0,No,Yes,47,Yes,Yes,Fiber optic,No,Yes,No,Yes,No,Yes,One year,No,Credit card (automatic),100.03,4729.31,No
7943-JAZZX,Male,0,Yes,Yes,52,Yes,No,Fiber optic,No,No,No,No,Yes,Yes,Two year,Yes,Bank transfer (automatic),80.79,4181.81,No
4736-EHXKY,Male,0,Yes,No,64,Yes,Yes,Fiber optic,No,No,No,Yes,No,No,One year,Yes,Bank transfer (automatic),79.59,5105.97,No
9258-LKHHZ,Male,0,Yes,No,47,Yes,No,No,No internet service,No internet service,No internet service,No internet service,No internet service,No internet service,Two year,No,Electronic check,23.59,1122.6,No
7762-YPFWT,Female,0,No,No,69,Yes,No,No,No internet service,No internet service,No internet service,No internet service,No internet service,No internet service,Two year,No,Electronic check,19.77,1369.96,No
6053-ALDKT,Male,0,No,No,45,No,No phone service,No,No internet service,No internet service,No internet service,No internet service,No internet service,No internet service,Month-to-month,Yes,Electronic check,18.44,831.67,No
6450-HENEA,Male,0,Yes,Yes,32,No,No phone service,DSL,No,No,No,Yes,No,Yes,One year,No,Electronic check,53.71,1719.39,No
5496-VLUTW,Female,0,Yes,No,51,Yes,Yes,DSL,No,Yes,Yes,Yes,No,Yes,One year,Yes,Mailed check,76.41,3891.57,No
1308-SMDWQ,Male,0,No,Yes,54,Yes,No,No,No internet service,No internet service,No internet service,No internet service,No internet service,No internet service,One year,Yes,Mailed check,19.73,1069.3,No
6966-XFUEW,Male,0,No,No,50,Yes,Yes,DSL,No,No,No,No,Yes,No,Month-to-month,Yes,Electronic check,46.38,2317.85,No
5737-BNUSM,Female,0,Yes,No,39,Yes,No,DSL,No,Yes,Yes,Yes,No,No,Two year,Yes,Credit card (automatic),64.74,2516.17,No
9317-NNYFH,Male,1,No,Yes,24,Yes,Yes,Fiber optic,No,No,No,No,No,No,Two year,Yes,Electronic check,75.1,1794.68,No
6398-UQCEA,Male,0,Yes,Yes,62,Yes,Yes,No,No internet service,No internet service,No internet service,No internet service,No internet service,No internet service,Month-to-month,No,Electronic check,24.66,1517.09,No
4420-JCSFT,Male,0,No,No,21,Yes,Yes,No,No internet service,No internet service,No internet service,No internet service,No internet service,No internet service,Month-to-month,Yes,Mailed check,26.36,539.4,No
9706-FRQVG,Female,0,No,No,37,Yes,Yes,Fiber optic,Yes,No,No,No,Yes,No,Month-to-month,Yes,Electronic check,80.89,3001.66,Yes
9222-CUVFQ,Male,0,No,No,8,Yes,Yes,No,No internet service,No internet service,No internet service,No internet service,No internet service,No internet service,Month-to-month,Yes,Electronic check,20.44,150.35,No
4300-ALEUG,Male,0,Yes,No,36,Yes,Yes,Fiber optic,No,No,No,No,No,No,Month-to-month,Yes,Credit card (automatic),71.49,2558.89,No
2651-HLFWR,Female,0,Yes,No,4,Yes,No,Fiber optic,No,No,No,Yes,No,No,One year,No,Mailed check,73.28,276.78,Yes
9004-MYVKR,Male,0,No,No,21,Yes,Yes,DSL,Yes,No,No,Yes,Yes,Yes,Month-to-month,Yes,Electronic check,59.76,1241.86,No
5973-LYZSN,Female,0,Yes,No,11,Yes,No,Fiber optic,No,Yes,Yes,Yes,Yes,No,One year,Yes,Electronic check,94.87,1045.02,No
9313-XVJGW,Female,0,No,No,59,No,No phone service,No,No internet service,No internet service,No internet service,No internet service,No internet service,No internet service,Two year,Yes,Bank transfer (automatic),20.83,1229.16,No
2669-WJJLH,Male,0,No,Yes,43,Yes,Yes,DSL,No,Yes,No,Yes,Yes,No,Month-to-month,No,Mailed check,57.84,2487.15,Yes
9076-GWZCM,Female,0,No,Yes,21,Yes,No,Fiber optic,No,No,No,No,No,No,One year,No,Electronic check,68.55,1460.73,Yes
6113-STPBQ,Female,0,No,No,5,No,No phone service,No,No internet service,No internet service,No internet service,No internet service,No internet service,No internet service,Two year,Yes,Bank transfer (automatic),19.0,104.79,No
2121-EDUNB,Male,0,No,No,26,Yes,No,DSL,No,Yes,Yes,No,No,No,One year,No,Bank transfer (automatic),60.98,1584.36,No
6045-WWXTJ,Female,0,No,No,54,Yes,Yes,DSL,No,No,No,No,No,Yes,Month-to-month,No,Mailed check,50.8,2739.28,No
1159-VJTQM,Female,1,Yes,Yes,14,Yes,Yes,No,No internet service,No internet service,No internet service,No internet service,No internet service,No internet service,Month-to-month,Yes,Credit card (automatic),19.78,273.66,No
5937-RVYDM,Male,0,Yes,Yes,63,Yes,No,DSL,No,No,No,Yes,Yes,No,Month-to-month,Yes,Mailed check,59.74,3744.82,No
4061-BKHGF,Male,0,Yes,Yes,16,Yes,Yes,Fiber optic,No,No,Yes,No,Yes,No,Month-to-month,No,Mailed check,83.22,1320.95,Yes
7275-BNWEH,Male,0,Yes,Yes,2,Yes,No,DSL,Yes,Yes,Yes,No,Yes,No,Month-to-month,Yes,Bank transfer (automatic),75.15,152.98,Yes
4089-LFQDD,Female,1,No,No,9,Yes,No,Fiber optic,No,Yes,Yes,Yes,Yes,Yes,One year,Yes,Credit card (automatic),93.83,841.38,Yes
8910-AWLYX,Male,0,No,No,62,Yes,Yes,DSL,No,No,No,No,Yes,Yes,Month-to-month,Yes,Electronic check,57.28,3542.27,No
8572-MKRQD,Female,0,No,No,62,Yes,No,DSL,Yes,No,Yes,Yes,Yes,No,Month-to-month,Yes,Bank transfer (automatic),67.93,4223.71,Yes
7014-KPZJU,Female,1,No,No,61,Yes,Yes,DSL,Yes,Yes,Yes,No,No,Yes,Month-to-month,Yes,Bank transfer (automatic),70.8,4299.66,No
9248-TAHJM,Female,1,No,No,8,Yes,Yes,DSL,No,No,No,No,Yes,No,One year,Yes,Electronic check,55.59,441.28,Yes
7701-UYCSK,Female,0,No,Yes,23,Yes,No,Fiber optic,No,No,Yes,Yes,Yes,Yes,Month-to-month,Yes,Electronic check,90.55,2079.08,No
9232-UNMTD,Female,0,Yes,No,31,Yes,Yes,DSL,Yes,No,No,Yes,Yes,No,Two year,No,Electronic check,63.09,1969.8,No
4159-WNDFV,Female,0,No,No,2,Yes,No,Fiber optic,Yes,Yes,No,No,Yes,No,Month-to-month,No,Credit card (automatic),89.59,199.96,Yes
3718-DPYJF,Female,0,Yes,Yes,32,Yes,No,DSL,No,No,No,Yes,Yes,No,One year,No,Credit card (automatic),55.02,1752.37,No
4868-QRHFE,Male,0,No,No,42,No,No phone service,Fiber optic,Yes,No,Yes,Yes,Yes,No,Month-to-month,Yes,Credit card (automatic),101.92,4289.49,No
8124-VMSQR,Male,0,Yes,No,11,Yes,No,No,No internet service,No internet service,No internet service,No internet service,No internet service,No internet service,Month-to-month,Yes,Electronic check,22.36,255.58,No
7731-VTWDA,Female,0,No,Yes,31,No,No phone service,Fiber optic,No,No,Yes,No,No,Yes,One year,Yes,Credit card (automatic),81.96,2542.33,Yes
2810-JUUUV,Female,0,No,Yes,19,Yes,No,Fiber optic,Yes,No,Yes,No,No,Yes,Two year,No,Electronic check,94.24,1771.16,No
4009-FXHQP,Male,0,No,No,66,Yes,No,Fiber optic,No,Yes,Yes,No,No,No,One year,No,Bank transfer (automatic),90.39,5955.12,No
5472-TKZFU,Female,0,No,Yes,67,Yes,Yes,No,No internet service,No internet service,No internet service,No internet service,No internet service,No internet service,One year,Yes,Electronic check,20.4,1371.87,No
4578-TYUUQ,Male,0,No,Yes,16,Yes,Yes,No,No internet service,No internet service,No internet service,No internet service,No internet service,No internet service,Month-to-month,Yes,Electronic check,18.25,297.88,Yes
7596-HSFHG,Male,0,Yes,No,18,Yes,No,Fiber optic,No,Yes,Yes,No,Yes,No,Month-to-month,No,Electronic check,89.8,1604.83,Yes
7850-ZACYV,Male,1,Yes,No,3,Yes,Yes,DSL,Yes,Yes,No,No,Yes,No,Two year,Yes,Credit card (automatic),58.82,167.62,No
6076-HNCHU,Female,0,No,No,16,Yes,No,Fiber optic,No,No,Yes,No,No,No,Month-to-month,No,Bank transfer (automatic),77.98,1234.11,Yes
6011-JMXRU,Female,0,Yes,No,63,Yes,No,Fiber optic,No,Yes,No,Yes,Yes,No,Month-to-month,Yes,Mailed check,87.73,5534.77,No
2221-NABRF,Male,1,Yes,No,21,Yes,Yes,DSL,Yes,No,No,Yes,No,Yes,Month-to-month,No,Credit card (automatic),62.69,1313.23,No
9124-MWMVT,Male,0,No,No,65,No,No phone service,DSL,No,No,Yes,No,Yes,No,Two year,No,Mailed check,56.1,3618.84,No
9440-TQQSP,Male,0,Yes,No,41,Yes,Yes,Fiber optic,No,Yes,Yes,No,No,Yes,Month-to-month,No,Electronic check,86.44,3567.71,No
6614-WAWUL,Male,1,Yes,No,44,Yes,Yes,No,No internet service,No internet service,No internet service,No internet service,No internet service,No internet service,One year,No,Bank transfer (automatic),21.7,963.45,No
4728-VULYP,Male,0,Yes,Yes,10,Yes,No,Fiber optic,Yes,Yes,No,No,No,Yes,Month-to-month,Yes,Credit card (automatic),81.41,800.52,No
7227-DCGCH,Female,0,Yes,No,52,Yes,Yes,Fiber optic,No,Yes,No,Yes,Yes,No,Two year,Yes,Electronic check,87.38,4527.13,No
6395-PSQAG,Male,0,No,No,59,Yes,No,No,No internet service,No internet service,No internet service,No internet service,No internet service,No internet service,Month-to-month,Yes,Electronic check,18.78,1095.31,No
9464-TLHYR,Female,0,No,No,28,Yes,No,Fiber optic,No,No,No,Yes,Yes,Yes,Two year,Yes,Bank transfer (automatic),84.2,2339.8,No
5328-QBHKK,Male,0,No,No,19,Yes,No,Fiber optic,No,No,No,Yes,No,No,Month-to-month,No,Credit card (automatic),79.21,1509.55,Yes
5691-DUAMT,Female,1,Yes,No,4,No,No phone service,No,No internet service,No internet service,No internet service,No internet service,No internet service,No internet service,One year,No,Mailed check,23.86,75.79,No
2143-TRAGN,Female,0,No,No,24,Yes,No,DSL,No,No,No,No,No,Yes,One year,Yes,Electronic check,52.78,1284.37,Yes
3983-FBKNK,Female,0,Yes,Yes,33,Yes,No,DSL,Yes,No,Yes,No,Yes,Yes,Two year,No,Bank transfer (automatic),78.77,2608.58,No
7919-HSSYF,Female,0,No,No,11,No,No phone service,No,No internet service,No internet service,No internet service,No internet service,No internet service,No internet service,Month-to-month,Yes,Mailed check,19.16,224.2,Yes
8266-JJABW,Female,0,No,No,27,Yes,Yes,No,No internet service,No internet service,No internet service,No internet service,No internet service,No internet service,Month-to-month,No,Credit card (automatic),18.25,498.16,No
7638-DVGJZ,Female,0,No,Yes,5,Yes,No,No,No internet service,No internet service,No internet service,No internet service,No internet service,No internet service,Month-to-month,No,Electronic check,18.25,93.01,No
1808-SDLBN,Male,0,No,Yes,18,Yes,No,DSL,No,No,No,Yes,Yes,Yes,One year,Yes,Mailed check,62.48,1125.09,Yes
9246-UJPWR,Female,0,Yes,No,11,Yes,No,Fiber optic,Yes,Yes,No,Yes,No,No,Month-to-month,No,Bank transfer (automatic),89.28,992.71,Yes
8068-GWQVY,Male,0,Yes,No,24,Yes,Yes,Fiber optic,No,No,Yes,Yes,No,Yes,One year,Yes,Electronic check,88.6,2111.9,Yes
3827-FKVQG,Female,0,No,Yes,12,Yes,Yes,DSL,No,No,No,Yes,No,Yes,One year,No,Electronic check,59.35,709.62,Yes
6136-VSZRV,Female,0,Yes,No,2,Yes,Yes,Fiber optic,Yes,Yes,No,No,Yes,Yes,Month-to-month,No,Bank transfer (automatic),97.23,185.58,Yes
1266-ANZXB,Male,0,Yes,Yes,23,Yes,Yes,Fiber optic,No,No,No,No,No,Yes,Month-to-month,Yes,Electronic check,76.81,1768.58,No
9223-BPHSF,Female,0,Yes,No,7,Yes,Yes,DSL,No,No,Yes,Yes,No,No,Month-to-month,Yes,Electronic check,62.92,430.33,No
3908-ELLAH,Male,0,Yes,No,44,Yes,No,No,No internet service,No internet service,No internet service,No internet service,No internet service,No internet service,Month-to-month,Yes,Electronic check,18.25,806.2,No
7962-AYDEV,Male,0,No,Yes,71,Yes,No,Fiber optic,Yes,No,No,Yes,No,No,Month-to-month,Yes,Credit card (automatic),81.59,5799.7,Yes
4521-BLGAG,Male,0,No,Yes,0,Yes,Yes,Fiber optic,No,No,No,No,No,No,One year,No,Credit card (automatic),68.95, ,Yes
3957-LRZAB,Male,0,Yes,No,2,No,No phone service,Fiber optic,No,Yes,No,Yes,Yes,No,Two year,Yes,Electronic check,83.22,172.37,Yes
2045-ZLJNZ,Female,1,Yes,No,64,Yes,Yes,No,No internet service,No internet service,No internet service,No internet service,No internet service,No internet service,One year,Yes,Electronic check,18.34,1168.61,No
9350-UQAGP,Female,0,No,Yes,14,Yes,No,Fiber optic,No,No,No,Yes,Yes,No,Month-to-month,Yes,Credit card (automatic),76.4,1055.67,No
6073-YETEN,Male,0,No,No,49,Yes,Yes,Fiber optic,Yes,No,No,No,Yes,Yes,Two year,Yes,Credit card (automatic),92.21,4526.63,No
8345-NVFHE,Female,0,No,No,19,Yes,Yes,DSL,No,No,No,Yes,No,No,Month-to-month,No,Mailed check,50.53,976.38,Yes
1843-CQTQB,Female,0,No,No,2,Yes,Yes,Fiber optic,No,Yes,Yes,No,Yes,No,Month-to-month,No,Credit card (automatic),79.08,143.33,No
6169-VKDUF,Male,0,No,No,60,Yes,No,Fiber optic,No,Yes,No,Yes,Yes,No,Two year,Yes,Credit card (automatic),96.16,5772.3,No
2745-SHWME,Female,0,No,No,14,Yes,Yes,Fiber optic,Yes,No,No,Yes,No,No,Month-to-month,Yes,Mailed check,79.36,1073.94,Yes
1978-CCGPQ,Male,0,No,No,58,Yes,No,DSL,Yes,Yes,Yes,Yes,No,No,Two year,No,Mailed check,74.49,4320.54,No
4253-PAZHK,Male,1,Yes,Yes,53,Yes,No,Fiber optic,No,No,No,Yes,Yes,No,Month-to-month,Yes,Bank transfer (automatic),85.26,4521.72,No
6089-NXTJC,Female,1,No,No,59,Yes,No,Fiber optic,No,Yes,Yes,Yes,No,No,One year,Yes,Bank transfer (automatic),85.2,5013.46,No
3549-FDGEB,Female,0,Yes,No,36,Yes,No,Fiber optic,No,Yes,No,No,No,No,Two year,No,Mailed check,76.59,2771.44,No
7411-CWQNN,Female,0,No,Yes,20,Yes,No,DSL,No,Yes,No,No,No,Yes,One year,No,Mailed check,55.02,1100.78,No
8072-JRLDE,Male,0,No,No,22,Yes,Yes,Fiber optic,No,Yes,Yes,No,No,Yes,Two year,No,Electronic check,77.65,1719.88,No
9667-ZYCHR,Male,0,No,Yes,17,Yes,Yes,No,No internet service,No internet service,No internet service,No internet service,No internet service,No internet service,Month-to-month,No,Electronic check,21.6,395.77,Yes
5375-YFGVY,Female,0,Yes,No,16,Yes,No,DSL,No,Yes,Yes,Yes,Yes,No,Month-to-month,No,Bank transfer (automatic),65.73,1045.34,Yes
7715-ABCTK,Female,0,No,No,30,Yes,No,DSL,No,No,No,No,Yes,Yes,One year,Yes,Mailed check,57.0,1701.01,No
7733-BQMFJ,Female,0,Yes,No,63,Yes,Yes,DSL,Yes,No,Yes,Yes,No,Yes,Month-to-month,No,Electronic check,63.44,4009.34,No
3923-KKBNY,Female,0,Yes,No,47,Yes,No,DSL,No,Yes,Yes,No,No,Yes,Month-to-month,Yes,Electronic check,63.0,2959.92,No
8833-JBTTC,Male,0,Yes,Yes,25,Yes,Yes,No,No internet service,No internet service,No internet service,No internet service,No internet service,No internet service,Two year,Yes,Bank transfer (automatic),18.25,436.81,No
9686-RRMUR,Female,0,Yes,No,21,Yes,No,Fiber optic,No,Yes,No,Yes,Yes,No,Two year,Yes,Mailed check,93.25,1948.19,Yes
1741-YUJCL,Male,0,Yes,No,44,Yes,Yes,DSL,Yes,Yes,No,No,Yes,No,One year,No,Credit card (automatic),65.09,2872.28,No
1124-GZPGW,Male,0,No,Yes,35,Yes,Yes,No,No internet service,No internet service,No internet service,No internet service,No internet service,No internet service,Month-to-month,No,Mailed check,20.23,716.88,No
9221-RRGNC,Female,0,No,No,63,No,No phone service,DSL,No,No,No,Yes,No,No,Month-to-month,No,Electronic check,46.21,2915.5,Yes
1514-EJBNJ,Female,0,Yes,Yes,34,Yes,No,Fiber optic,Yes,Yes,No,Yes,No,Yes,One year,No,Electronic check,89.55,3049.04,Yes
3934-SVNSP,Female,1,Yes,No,26,Yes,No,Fiber optic,No,Yes,Yes,No,No,No,One year,Yes,Electronic check,87.62,2264.95,Yes
8946-MMSSX,Male,0,No,No,67,Yes,No,DSL,No,No,Yes,Yes,No,No,Month-to-month,No,Mailed check,53.48,3575.66,No
3944-LGFLW,Female,0,No,No,16,Yes,No,Fiber optic,Yes,No,No,No,Yes,No,Month-to-month,Yes,Mailed check,84.01,1347.67,No
5850-NJGNM,Female,0,Yes,Yes,69,Yes,No,DSL,No,Yes,No,Yes,Yes,Yes,Month-to-month,Yes,Electronic check,69.45,4798.69,Yes
3771-JALKH,Male,0,No,No,10,Yes,Yes,No,No internet service,No internet service,No internet service,No internet service,No internet service,No internet service,Month-to-month,Yes,Electronic check,20.86,216.68,No
2073-CAZCW,Female,0,No,Yes,4,No,No phone service,DSL,No,Yes,No,No,No,Yes,One year,Yes,Credit card (automatic),59.98,241.46,Yes
1254-RJWRG,Male,0,Yes,No,57,Yes,No,DSL,No,No,No,Yes,Yes,No,One year,Yes,Credit card (automatic),58.45,3324.23,No
6770-WNYRN,Female,0,Yes,No,56,Yes,No,Fiber optic,Yes,No,No,No,Yes,No,Month-to-month,Yes,Mailed check,82.55,4615.71,No
9650-AZYDE,Male,0,No,No,13,Yes,No,No,No internet service,No internet service,No internet service,No internet service,No internet service,No internet service,Month-to-month,No,Electronic check,18.25,246.49,No
6133-MRDHC,Female,0,Yes,No,71,Yes,Yes,Fiber optic,No,No,Yes,No,Yes,Yes,Month-to-month,Yes,Electronic check,84.13,5987.3,No
4998-BLEKP,Female,0,No,No,0,Yes,No,DSL,No,No,Yes,Yes,No,No,Two year,No,Electronic check,56.59, ,Yes
5501-XFFRD,Male,0,Yes,No,15,Yes,No,DSL,No,Yes,Yes,Yes,No,Yes,One year,No,Electronic check,70.17,1070.1,Yes
4604-BDNWE,Male,0,No,No,25,Yes,Yes,DSL,No,Yes,No,No,Yes,No,Month-to-month,Yes,Electronic check,57.41,1432.44,Yes
5894-BHYBM,Female,0,No,Yes,48,Yes,No,Fiber optic,No,No,Yes,No,Yes,No,Month-to-month,No,Mailed check,78.61,3782.51,No
7227-NHQLD,Male,0,Yes,No,41,No,No phone service,Fiber optic,No,Yes,No,Yes,No,Yes,Month-to-month,No,Bank transfer (automatic),86.48,3539.9,No
6331-CZWSU,Male,0,No,No,69,Yes,No,Fiber optic,Yes,No,Yes,Yes,No,Yes,One year,No,Electronic check,93.12,6425.5,No
1358-KRMSF,Male,0,No,Yes,65,Yes,Yes,Fiber optic,No,No,No,Yes,Yes,No,Month-to-month,Yes,Mailed check,87.23,5672.35,No
1417-JDELD,Male,0,No,No,52,Yes,Yes,DSL,Yes,No,Yes,No,No,Yes,Month-to-month,No,Electronic check,66.5,3451.29,No
1467-QRACM,Female,1,No,No,8,Yes,Yes,Fiber optic,No,No,Yes,No,Yes,No,Two year,No,Bank transfer (automatic),78.26,642.26,No
4489-AYEVY,Female,0,Yes,Yes,68,Yes,No,Fiber optic,No,Yes,No,No,No,No,Month-to-month,Yes,Mailed check,76.34,5190.33,No
6197-NZWED,Male,0,No,No,39,Yes,Yes,DSL,No,No,Yes,Yes,Yes,Yes,Two year,No,Credit card (automatic),64.23,2512.2,No
7196-WECXN,Male,0,Yes,No,55,No,No phone service,Fiber optic,No,Yes,Yes,Yes,Yes,No,Month-to-month,No,Credit card (automatic),87.44,4803.18,No
6102-LDDEA,Male,0,Yes,No,4,Yes,No,DSL,Yes,No,No,No,Yes,No,Month-to-month,Yes,Electronic check,55.45,233.08,Yes
4965-ZBKQZ,Male,1,Yes,Yes,55,Yes,No,DSL,No,Yes,No,Yes,Yes,No,Month-to-month,Yes,Mailed check,67.27,3699.1,Yes
2701-SFLRM,Female,0,Yes,Yes,71,Yes,Yes,No,No internet service,No internet service,No internet service,No internet service,No internet service,No internet service,Month-to-month,No,Mailed check,18.38,1305.49,No
9031-ALZSG,Female,0,Yes,Yes,4,Yes,Yes,No,No internet service,No internet service,No internet service,No internet service,No internet service,No internet service,Month-to-month,No,Credit card (automatic),22.38,78.89,Yes
5847-PYZJV,Male,0,No,No,68,Yes,Yes,Fiber optic,No,Yes,Yes,Yes,No,No,One year,No,Credit card (automatic),88.08,5982.36,No
6252-KRZJJ,Male,0,No,No,51,Yes,No,DSL,No,No,Yes,No,No,Yes,Month-to-month,Yes,Credit card (automatic),52.64,2681.15,Yes
7728-PNRZJ,Male,0,Yes,No,72,Yes,No,Fiber optic,No,No,No,No,No,Yes,Month-to-month,No,Mailed check,78.62,5650.87,Yes
5304-TDSXA,Female,1,Yes,No,32,No,No phone service,DSL,No,Yes,Yes,No,No,No,One year,Yes,Credit card (automatic),60.94,1943.62,Yes
6474-XEAML,Male,0,No,Yes,21,Yes,No,DSL,No,No,No,Yes,Yes,Yes,Two year,No,Electronic check,57.77,1229.5,No
3220-YJHKX,Female,0,Yes,No,14,Yes,Yes,DSL,Yes,No,No,No,Yes,Yes,Two year,No,Credit card (automatic),64.68,896.08,No
9340-XEMCG,Male,1,Yes,No,64,Yes,Yes,Fiber optic,Yes,No,Yes,No,Yes,Yes,Two year,Yes,Electronic check,88.81,5686.62,No
2305-SNRGN,Female,0,No,No,70,Yes,Yes,No,No internet service,No internet service,No internet service,No internet service,No internet service,No internet service,Month-to-month,Yes,Credit card (automatic),18.29,1280.66,No
4007-TFMJG,Male,0,Yes,No,22,Yes,No,No,No internet service,No internet service,No internet service,No internet service,No internet service,No internet service,Month-to-month,Yes,Mailed check,22.27,490.56,No
4020-KAQGY,Female,0,Yes,No,5,Yes,No,No,No internet service,No internet service,No internet service,No internet service,No internet service,No internet service,Month-to-month,No,Bank transfer (automatic),22.1,115.09,No
9840-JRWLN,Male,0,No,No,57,Yes,No,DSL,No,No,No,No,Yes,No,Two year,No,Credit card (automatic),50.89,2905.47,No
6045-WHBHF,Male,0,No,Yes,25,No,No phone service,Fiber optic,Yes,No,Yes,Yes,Yes,No,Month-to-month,No,Credit card (automatic),102.67,2547.43,No
7869-YGZCP,Male,0,Yes,No,11,Yes,No,No,No internet service,No internet service,No internet service,No internet service,No internet service,No internet service,Two year,Yes,Electronic check,21.07,230.99,No
1371-HGZMF,Female,0,No,No,1,Yes,No,No,No internet service,No internet service,No internet service,No internet service,No internet service,No internet service,Month-to-month,Yes,Bank transfer (automatic),22.01,24.32,No
3169-EVZUK,Male,0,No,Yes,31,Yes,Yes,DSL,Yes,No,Yes,Yes,No,No,Month-to-month,Yes,Bank transfer (automatic),66.33,2055.96,No
2944-YPWMT,Female,0,Yes,No,49,Yes,No,No,No internet service,No internet service,No internet service,No internet service,No internet service,No internet service,One year,Yes,Bank transfer (automatic),19.16,945.23,No
9456-SLPML,Female,0,Yes,Yes,60,Yes,No,Fiber optic,Yes,No,Yes,Yes,No,Yes,Month-to-month,Yes,Electronic check,95.78,5750.18,No
8352-HMPMK,Male,0,Yes,Yes,10,Yes,Yes,DSL,No,Yes,Yes,Yes,Yes,No,One year,No,Electronic check,68.66,683.81,Yes
1732-NSVVS,Male,0,Yes,No,67,Yes,No,DSL,No,No,No,No,Yes,No,One year,No,Mailed check,47.28,3180.51,No
8975-ABUYN,Male,0,Yes,Yes,33,Yes,No,DSL,No,Yes,No,No,No,No,Month-to-month,No,Credit card (automatic),52.99,1745.83,Yes
7834-LVSNB,Female,0,Yes,No,7,No,No phone service,Fiber optic,No,No,Yes,Yes,Yes,No,Two year,No,Credit card (automatic),88.1,638.47,No
5155-NSBZE,Male,0,Yes,No,7,Yes,Yes,DSL,No,No,Yes,No,No,No,Month-to-month,Yes,Mailed check,48.75,325.57,Yes
1490-GKMJV,Female,0,No,Yes,14,Yes,No,Fiber optic,No,No,No,No,Yes,No,Month-to-month,No,Credit card (automatic),75.73,1063.1,No
3005-FEEGQ,Female,0,No,No,4,Yes,No,No,No internet service,No internet service,No internet service,No internet service,No internet service,No internet service,One year,Yes,Bank transfer (automatic),18.92,98.52,Yes
1249-KZBTR,Male,0,No,No,18,Yes,No,No,No internet service,No internet service,No internet service,No internet service,No internet service,No internet service,Two year,Yes,Electronic check,23.06,421.5,No
7034-BLCGZ,Male,0,No,Yes,8,Yes,Yes,Fiber optic,No,No,Yes,No,Yes,Yes,Two year,No,Mailed check,96.06,800.59,No
8791-VMVVR,Male,0,No,No,56,Yes,Yes,Fiber optic,No,Yes,No,Yes,Yes,No,Two year,Yes,Bank transfer (automatic),95.88,5378.21,Yes
6918-TUVWW,Male,0,No,No,53,Yes,No,Fiber optic,No,No,No,Yes,No,No,Two year,No,Mailed check,70.77,3748.84,No
2493-PAKMJ,Male,0,Yes,Yes,28,Yes,No,No,No internet service,No internet service,No internet service,No internet service,No internet service,No internet service,Month-to-month,Yes,Bank transfer (automatic),18.3,515.29,No
5265-NPBYY,Male,0,Yes,No,18,Yes,No,No,No internet service,No internet service,No internet service,No internet service,No internet service,No internet service,Month-to-month,No,Bank transfer (automatic),21.4,400.08,No
3881-UDWFA,Female,1,No,Yes,45,Yes,No,Fiber optic,No,No,Yes,Yes,Yes,Yes,One year,No,Credit card (automatic),87.33,3922.17,No
1088-JYPGZ,Female,0,Yes,Yes,61,Yes,No,DSL,Yes,No,No,Yes,Yes,Yes,Two year,No,Credit card (automatic),70.39,4286.86,No
1957-GXJUF,Female,0,Yes,No,59,Yes,Yes,Fiber optic,Yes,No,Yes,Yes,No,Yes,Month-to-month,Yes,Mailed check,98.88,5830.64,No
8549-PYEPK,Male,0,No,Yes,4,Yes,Yes,No,No internet service,No internet service,No internet service,No internet service,No internet service,No internet service,Month-to-month,No,Credit card (automatic),19.68,80.39,Yes
6450-FHNJU,Female,0,No,No,32,No,No phone service,No,No internet service,No internet service,No internet service,No internet service,No internet service,No internet service,Month-to-month,Yes,Mailed check,18.25,567.84,Yes
9866-MZXZT,Female,0,No,No,54,Yes,Yes,Fiber optic,No,No,No,Yes,No,No,One year,Yes,Bank transfer (automatic),74.27,4006.33,No
2802-QQVQE,Female,0,Yes,Yes,18,Yes,No,Fiber optic,No,No,Yes,Yes,Yes,Yes,One year,No,Electronic check,89.51,1599.02,No
8238-ANPDQ,Female,0,Yes,No,16,Yes,No,DSL,Yes,No,No,Yes,No,Yes,Two year,Yes,Bank transfer (automatic),62.0,983.17,No
2959-NCBLQ,Female,0,No,No,41,Yes,Yes,Fiber optic,No,No,No,Yes,Yes,No,Month-to-month,Yes,Credit card (automatic),76.06,3112.43,No
6771-MXNTP,Male,0,Yes,No,21,Yes,Yes,Fiber optic,No,No,Yes,No,No,No,Two year,Yes,Mailed check,78.83,1638.14,No
8072-QKQMQ,Male,0,Yes,No,38,Yes,Yes,No,No internet service,No internet service,No internet service,No internet service,No internet service,No internet service,One year,Yes,Credit card (automatic),18.25,707.1,No
8859-QCDXY,Female,0,No,Yes,26,No,No phone service,No,No internet service,No internet service,No internet service,No internet service,No internet service,No internet service,Month-to-month,No,Credit card (automatic),19.78,533.74,Yes
8849-TVWTC,Female,0,No,No,45,Yes,No,DSL,No,Yes,Yes,No,No,No,Month-to-month,No,Electronic check,57.1,2582.27,Yes
5663-DNNKM,Female,0,No,No,27,Yes,Yes,Fiber optic,Yes,Yes,No,No,No,Yes,Month-to-month,No,Electronic check,87.91,2362.1,Yes
5735-MHQML,Male,0,No,Yes,51,Yes,No,DSL,No,Yes,No,No,Yes,No,Two year,Yes,Mailed check,53.89,2766.28,Yes
5036-EQHQK,Male,0,Yes,No,64,Yes,No,DSL,No,Yes,No,Yes,No,Yes,Month-to-month,Yes,Electronic check,55.6,3542.33,No
8944-TSWAR,Female,1,Yes,No,38,Yes,No,DSL,Yes,No,Yes,No,Yes,No,One year,Yes,Mailed check,61.61,2345.44,No
9976-YBKTL,Male,1,Yes,No,17,No,No phone service,No,No internet service,No internet service,No internet service,No internet service,No internet service,No internet service,Month-to-month,Yes,Mailed check,20.21,353.64,No
8694-DATPP,Male,0,No,No,21,Yes,No,No,No internet service,No internet service,No internet service,No internet service,No internet service,No internet service,Month-to-month,Yes,Mailed check,24.1,510.04,No
1236-VGUZC,Female,0,No,Yes,67,Yes,No,Fiber optic,Yes,No,Yes,Yes,Yes,No,Month-to-month,No,Electronic check,90.88,6082.55,No
7150-YTJWK,Male,0,Yes,Yes,10,Yes,Yes,Fiber optic,Yes,No,Yes,Yes,Yes,Yes,One year,Yes,Electronic check,101.57,1009.66,Yes
7356-RYNWU,Male,0,No,Yes,63,Yes,Yes,No,No internet service,No internet service,No internet service,No internet service,No internet service,No internet service,One year,Yes,Mailed check,21.33,1335.67,No
2087-HHPDT,Female,0,Yes,No,70,Yes,No,Fiber optic,Yes,No,Yes,No,Yes,Yes,Month-to-month,Yes,Bank transfer (automatic),87.73,6127.37,No
4892-VMKAY,Male,0,No,Yes,56,Yes,Yes,Fiber optic,No,No,No,No,Yes,No,Month-to-month,No,Bank transfer (automatic),79.31,4426.15,Yes
1333-SRPJG,Male,1,No,No,34,No,No phone service,No,No internet service,No internet service,No internet service,No internet service,No internet service,No internet service,One year,No,Electronic check,19.94,683.62,No
1701-KSJML,Female,0,Yes,No,36,Yes,Yes,Fiber optic,No,No,Yes,Yes,No,No,Month-to-month,No,Electronic check,79.13,2839.88,Yes
1959-ERVAT,Male,0,Yes,Yes,49,No,No phone service,No,No internet service,No internet service,No internet service,No internet service,No internet service,No internet service,Month-to-month,No,Mailed check,18.59,920.17,No
4655-KSXDN,Male,0,Yes,No,29,Yes,Yes,Fiber optic,No,No,No,No,Yes,Yes,Two year,No,Electronic check,89.16,2566.33,Yes
2588-JDARC,Female,0,Yes,No,16,No,No phone service,Fiber optic,No,Yes,No,Yes,Yes,No,Two year,Yes,Mailed check,93.35,1508.35,No
4916-VMYTD,Female,0,Yes,Yes,32,Yes,No,DSL,No,No,No,No,Yes,Yes,Two year,Yes,Mailed check,57.9,1859.39,No
4284-HLRFD,Female,0,No,Yes,15,Yes,No,No,No internet service,No internet service,No internet service,No internet service,No internet service,No internet service,Two year,No,Credit card (automatic),20.33,311.56,No
6554-FSFPJ,Male,0,Yes,Yes,14,Yes,Yes,DSL,No,No,Yes,No,Yes,No,Month-to-month,No,Credit card (automatic),57.92,808.29,No
4384-UFCSA,Female,0,No,Yes,12,No,No phone service,No,No internet service,No internet service,No internet service,No internet service,No internet service,No internet service,Month-to-month,No,Credit card (automatic),19.55,244.8,No
7969-BLFKX,Male,1,Yes,No,2,Yes,Yes,No,No internet service,No internet service,No internet service,No internet service,No internet service,No internet service,Month-to-month,Yes,Mailed check,22.37,51.64,Yes
8974-HJJVY,Female,0,Yes,No,23,Yes,No,No,No internet service,No internet service,No internet service,No internet service,No internet service,No internet service,Month-to-month,Yes,Electronic check,22.88,525.75,No
5291-GLLMZ,Male,0,Yes,No,22,Yes,Yes,Fiber optic,No,No,No,Yes,No,Yes,Month-to-month,Yes,Bank transfer (automatic),82.08,1802.61,Yes
4805-KDEBT,Female,0,No,No,58,Yes,No,Fiber optic,Yes,No,No,No,No,Yes,Month-to-month,No,Bank transfer (automatic),78.08,4520.42,No
8979-MCAVQ,Female,0,Yes,Yes,54,Yes,Yes,No,No internet service,No internet service,No internet service,No internet service,No internet service,No internet service,Two year,Yes,Mailed check,21.79,1169.42,No
8961-KRMWE,Female,0,No,No,64,Yes,No,No,No internet service,No internet service,No internet service,No internet service,No internet service,No internet service,Two year,No,Credit card (automatic),19.61,1249.73,No
8246-MKNVG,Female,1,No,Yes,31,Yes,No,No,No internet service,No internet service,No internet service,No internet service,No internet service,No internet service,Month-to-month,No,Bank transfer (automatic),18.69,589.19,No
6972-MMGLY,Male,0,No,Yes,59,Yes,Yes,DSL,No,No,Yes,No,No,No,Two year,Yes,Credit card (automatic),51.21,3008.1,No
4331-YJJXT,Female,1,No,No,29,Yes,No,Fiber optic,No,Yes,No,No,Yes,No,Month-to-month,Yes,Mailed check,86.21,2504.74,Yes
1484-VQBLN,Female,0,Yes,No,65,Yes,No,No,No internet service,No internet service,No internet service,No internet service,No internet service,No internet service,One year,No,Credit card (automatic),21.28,1379.79,No
1218-KZGPX,Male,0,No,No,17,Yes,No,Fiber optic,No,Yes,No,No,No,No,Month-to-month,No,Mailed check,74.9,1261.23,Yes
1554-LKAZZ,Female,1,No,No,58,Yes,No,DSL,Yes,No,Yes,Yes,Yes,No,Month-to-month,Yes,Credit card (automatic),64.74,3759.38,No
6919-YEUGY,Male,0,No,No,52,Yes,Yes,Fiber optic,No,No,Yes,Yes,No,No,Two year,Yes,Electronic check,79.76,4142.52,No
4617-JQTFU,Female,0,Yes,No,63,Yes,No,DSL,No,Yes,Yes,No,Yes,Yes,Month-to-month,No,Credit card (automatic),66.82,4200.73,No
7397-SGBRD,Female,0,No,No,29,No,No phone service,No,No internet service,No internet service,No internet service,No internet service,No internet service,No internet service,Month-to-month,Yes,Electronic check,22.95,668.61,No
7704-NVEEA,Female,0,Yes,No,17,Yes,Yes,Fiber optic,No,Yes,No,Yes,No,No,Two year,Yes,Mailed check,87.0,1471.08,Yes
9091-LHCLP,Male,0,Yes,No,4,Yes,Yes,Fiber optic,No,No,No,No,No,Yes,One year,Yes,Electronic check,75.03,305.16,No
3141-LNKXU,Female,1,No,Yes,68,Yes,Yes,Fiber optic,No,No,No,Yes,No,No,Month-to-month,No,Mailed check,78.54,5332.88,No
8021-TLPTN,Female,0,No,No,7,Yes,Yes,No,No internet service,No internet service,No internet service,No internet service,No internet service,No internet service,Two year,Yes,Mailed check,18.25,119.69,No
8365-JKSYB,Female,0,No,No,8,Yes,No,DSL,No,Yes,Yes,Yes,Yes,Yes,One year,No,Credit card (automatic),79.21,622.69,No
4127-VUXXG,Male,1,No,No,31,Yes,No,DSL,No,No,No,Yes,Yes,Yes,Month-to-month,Yes,Credit card (automatic),64.82,2014.76,Yes
9044-GGTSJ,Male,0,Yes,No,13,Yes,No,Fiber optic,No,No,No,Yes,Yes,No,Month-to-month,Yes,Electronic check,84.19,1076.73,Yes
6511-CKTMT,Female,0,Yes,No,12,Yes,No,Fiber optic,No,No,No,No,No,Yes,One year,Yes,Credit card (automatic),72.82,879.3,Yes
6312-SCPZP,Male,0,No,Yes,17,Yes,No,No,No internet service,No internet service,No internet service,No internet service,No internet service,No internet service,Two year,Yes,Electronic check,18.25,316.77,No
9547-KXNWQ,Female,0,Yes,Yes,67,Yes,Yes,DSL,No,Yes,Yes,No,No,No,Month-to-month,No,Bank transfer (automatic),52.5,3508.3,No
2571-LCANX,Female,0,No,No,21,Yes,Yes,Fiber optic,No,No,No,No,Yes,No,One year,No,Electronic check,76.74,1595.34,Yes
6879-GPABF,Female,1,Yes,No,19,Yes,No,Fiber optic,No,No,Yes,No,No,Yes,Two year,No,Credit card (automatic),82.62,1555.9,No
5723-SGRPW,Female,0,Yes,No,14,Yes,No,Fiber optic,Yes,No,No,No,Yes,No,Two year,Yes,Credit card (automatic),87.7,1230.63,Yes
9136-CFCKJ,Female,0,No,No,6,Yes,Yes,No,No internet service,No internet service,No internet service,No internet service,No internet service,No internet service,Month-to-month,No,Electronic check,25.06,151.99,No
3107-XAQKN,Female,0,Yes,No,29,Yes,Yes,DSL,Yes,No,No,No,Yes,Yes,Month-to-month,No,Electronic check,53.89,1560.97,No
2098-KZGBQ,Female,0,No,Yes,4,Yes,Yes,Fiber optic,No,Yes,No,Yes,No,No,Month-to-month,Yes,Bank transfer (automatic),88.07,365.39,Yes
6117-CPVQQ,Male,0,Yes,No,0,Yes,No,No,No internet service,No internet service,No internet service,No internet service,No internet service,No internet service,Two year,No,Electronic check,18.25, ,No
4996-VLTNE,Male,0,Yes,No,59,Yes,No,DSL,No,Yes,No,No,No,No,Two year,No,Electronic check,55.88,3298.06,No
2246-ETSUX,Male,0,No,No,30,Yes,Yes,Fiber optic,No,No,No,No,Yes,Yes,One year,No,Credit card (automatic),80.95,2421.2,No
8457-BFVTV,Male,0,Yes,No,19,Yes,No,DSL,No,No,Yes,No,No,Yes,Month-to-month,No,Mailed check,54.39,1029.96,No
1653-EKBGW,Male,0,No,No,63,Yes,No,Fiber optic,No,No,No,No,Yes,Yes,Month-to-month,No,Credit card (automatic),86.25,5431.36,Yes
8542-QPAHZ,Male,0,Yes,No,63,No,No phone service,DSL,No,No,No,Yes,Yes,No,Month-to-month,No,Electronic check,56.79,3557.99,No
9208-ZMYTD,Male,0,Yes,No,28,Yes,No,Fiber optic,No,No,No,No,No,No,Two year,No,Electronic check,71.94,1989.12,No
7753-BCKYJ,Female,0,No,No,9,Yes,No,Fiber optic,No,No,No,No,No,No,Month-to-month,No,Credit card (automatic),71.86,652.16,Yes
8505-YVZGV,Female,0,No,No,28,Yes,Yes,Fiber optic,No,Yes,No,No,No,Yes,Month-to-month,No,Mailed check,82.67,2315.0,Yes
4925-PUABH,Female,0,Yes,No,30,Yes,No,Fiber optic,Yes,No,No,No,Yes,Yes,Month-to-month,Yes,Electronic check,88.18,2641.99,No
7393-CXLKJ,Female,0,No,Yes,29,Yes,Yes,Fiber optic,Yes,No,Yes,No,No,No,Two year,Yes,Mailed check,79.68,2305.63,No
2865-MZYZA,Male,0,No,No,24,Yes,No,No,No internet service,No internet service,No internet service,No internet service,No internet service,No internet service,Month-to-month,Yes,Mailed check,18.25,415.94,Yes
9216-CCYXY,Male,0,Yes,No,57,Yes,Yes,DSL,No,No,No,Yes,No,Yes,Month-to-month,No,Bank transfer (automatic),59.29,3380.62,No
9154-HXRUW,Female,0,Yes,Yes,56,Yes,Yes,Fiber optic,No,No,Yes,Yes,Yes,Yes,Two year,No,Mailed check,99.75,5577.96,No
9199-XJFUP,Female,0,No,No,62,Yes,No,Fiber optic,No,Yes,No,Yes,Yes,No,One year,Yes,Electronic check,93.52,5788.78,No
5973-KWQDZ,Male,0,Yes,No,36,Yes,No,DSL,No,Yes,No,No,Yes,Yes,Month-to-month,Yes,Bank transfer (automatic),66.71,2389.82,Yes
4785-BUBAH,Female,0,Yes,Yes,57,Yes,Yes,Fiber optic,Yes,No,Yes,No,No,No,One year,Yes,Credit card (automatic),76.72,4372.4,No
8892-UNDDH,Female,0,No,Yes,27,No,No phone service,DSL,No,No,No,No,Yes,No,One year,No,Credit card (automatic),51.3,1379.85,No
4851-NLUBT,Female,1,Yes,No,26,Yes,No,Fiber optic,No,Yes,No,No,Yes,Yes,Month-to-month,Yes,Mailed check,86.12,2224.09,Yes
8091-LSFYV,Female,1,No,Yes,69,Yes,Yes,DSL,No,Yes,No,No,No,Yes,Month-to-month,No,Electronic check,55.62,3855.07,No
7568-CAQZP,Male,0,No,No,36,Yes,Yes,No,No internet service,No internet service,No internet service,No internet service,No internet service,No internet service,One year,Yes,Bank transfer (automatic),18.53,668.8,No
6639-PMZJD,Female,0,No,No,5,Yes,No,Fiber optic,No,No,Yes,No,Yes,No,Two year,Yes,Mailed check,86.43,442.26,No
7152-YLEPB,Female,0,No,No,61,Yes,Yes,DSL,No,No,Yes,Yes,Yes,Yes,Month-to-month,Yes,Credit card (automatic),69.33,4217.96,No
6040-VHMQX,Male,0,Yes,Yes,32,Yes,No,Fiber optic,No,No,No,No,Yes,No,Two year,No,Credit card (automatic),79.5,2556.97,No
7733-XHTAN,Male,0,Yes,No,39,No,No phone service,No,No internet service,No internet service,No internet service,No internet service,No internet service,No internet service,Month-to-month,Yes,Credit card (automatic),19.24,741.53,No
5999-RERVY,Female,0,Yes,No,40,Yes,Yes,Fiber optic,No,No,Yes,Yes,Yes,No,One year,Yes,Bank transfer (automatic),90.56,3606.77,Yes
8274-RSQAF,Male,0,No,Yes,41,Yes,Yes,No,No internet service,No internet service,No internet service,No internet service,No internet service,No internet service,Month-to-month,No,Electronic check,21.98,910.42,Yes
5746-LKBZG,Female,0,Yes,No,8,Yes,Yes,DSL,No,Yes,Yes,No,Yes,Yes,One year,No,Bank transfer (automatic),73.92,598.75,No
4353-RDFCX,Female,1,Yes,No,17,Yes,No,Fiber optic,No,No,No,No,Yes,No,Month-to-month,No,Credit card (automatic),70.85,1194.86,No
4975-VJWKV,Male,0,No,Yes,14,Yes,No,DSL,No,Yes,No,Yes,Yes,No,Month-to-month,Yes,Bank transfer (automatic),70.26,986.16,Yes
3402-CDXMP,Female,0,No,No,3,Yes,Yes,DSL,No,No,No,Yes,No,No,Month-to-month,No,Credit card (automatic),52.91,153.28,No
6967-PDQJG,Female,0,Yes,No,33,Yes,Yes,Fiber optic,Yes,Yes,No,No,No,Yes,Month-to-month,No,Mailed check,91.04,3015.33,No
2204-BRLLM,Female,0,Yes,Yes,61,No,No phone service,Fiber optic,No,Yes,No,No,No,No,Month-to-month,Yes,Electronic check,77.98,4754.53,Yes
4958-GTMGG,Female,0,No,No,37,Yes,Yes,Fiber optic,Yes,Yes,Yes,No,Yes,No,One year,No,Electronic check,94.52,3487.58,Yes
6207-JLKTN,Male,0,No,No,70,Yes,No,Fiber optic,No,No,Yes,No,No,No,Month-to-month,No,Electronic check,74.07,5195.41,No
1428-FJKHE,Male,0,Yes,Yes,22,No,No phone service,No,No internet service,No internet service,No internet service,No internet service,No internet service,No internet service,Month-to-month,Yes,Electronic check,21.78,481.5,Yes
4595-DJRQL,Female,0,Yes,Yes,19,Yes,Yes,DSL,Yes,Yes,Yes,Yes,Yes,No,Month-to-month,Yes,Electronic check,63.59,1219.89,Yes
8110-BPGXB,Male,0,No,Yes,55,Yes,Yes,DSL,No,Yes,No,Yes,Yes,Yes,Month-to-month,Yes,Credit card (automatic),69.65,3841.12,No
7753-HUTSX,Female,1,No,Yes,52,Yes,Yes,Fiber optic,No,Yes,Yes,Yes,No,No,Month-to-month,Yes,Electronic check,93.55,4850.94,Yes
7788-BLABH,Female,0,No,Yes,1,Yes,No,Fiber optic,No,No,No,Yes,No,Yes,Month-to-month,Yes,Credit card (automatic),88.12,97.97,No
4148-SQZPG,Female,0,Yes,No,20,Yes,Yes,Fiber optic,Yes,Yes,No,Yes,No,Yes,Two year,No,Credit card (automatic),88.72,1774.44,No
8004-CTNDD,Female,0,Yes,Yes,41,Yes,Yes,Fiber optic,Yes,Yes,Yes,No,Yes,Yes,Two year,No,Electronic check,106.08,4349.12,No
9118-PTGJD,Female,0,No,No,56,Yes,No,Fiber optic,Yes,No,Yes,Yes,Yes,Yes,Two year,Yes,Credit card (automatic),104.87,5859.01,No
7164-REWBF,Male,0,Yes,No,48,Yes,No,DSL,Yes,No,No,No,No,No,Two year,No,Credit card (automatic),56.3,2698.41,No
3143-RQHLE,Female,0,Yes,No,9,Yes,No,No,No internet service,No internet service,No internet service,No internet service,No internet service,No internet service,Month-to-month,Yes,Electronic check,18.25,163.21,Yes
8702-DTLYL,Male,0,Yes,No,71,Yes,Yes,DSL,No,No,Yes,Yes,No,No,Month-to-month,Yes,Mailed check,61.01,4336.13,No
4712-QYZDE,Male,0,No,No,60,Yes,Yes,Fiber optic,No,No,No,Yes,Yes,No,Two year,No,Credit card (automatic),76.89,4607.16,No
5706-PRJCY,Female,0,No,Yes,20,Yes,No,DSL,No,Yes,No,Yes,No,No,Two year,No,Electronic check,52.89,1063.11,No
4710-NUVTJ,Female,0,No,Yes,59,Yes,No,DSL,No,No,Yes,No,Yes,Yes,One year,No,Mailed check,64.29,3809.43,No
9878-YMFHR,Female,1,No,Yes,12,Yes,No,DSL,No,Yes,Yes,Yes,No,No,One year,No,Electronic check,63.67,748.42,Yes
5830-SXFXX,Female,0,No,No,47,Yes,Yes,Fiber optic,Yes,No,Yes,No,Yes,Yes,One year,Yes,Bank transfer (automatic),99.4,4670.79,No
1567-QFWLK,Female,0,No,No,39,Yes,Yes,Fiber optic,Yes,No,No,Yes,No,No,Month-to-month,Yes,Bank transfer (automatic),85.49,3326.77,No
2668-PTMQE,Male,0,Yes,No,62,Yes,No,No,No internet service,No internet service,No internet service,No internet service,No internet service,No internet service,Month-to-month,No,Bank transfer (automatic),20.41,1264.36,No
1672-JQESP,Female,1,Yes,No,8,Yes,No,Fiber optic,No,Yes,Yes,Yes,Yes,No,Month-to-month,No,Credit card (automatic),95.74,760.53,Yes
3825-KBMSC,Female,0,No,No,56,Yes,Yes,DSL,Yes,No,No,Yes,No,No,Month-to-month,No,Bank transfer (automatic),52.53,2947.22,No
3568-WMHBK,Male,0,Yes,Yes,50,Yes,No,Fiber optic,No,No,Yes,Yes,Yes,Yes,Month-to-month,Yes,Electronic check,95.55,4765.89,Yes
3910-FSHTP,Male,0,No,No,39,Yes,Yes,DSL,No,Yes,Yes,Yes,Yes,Yes,Month-to-month,No,Electronic check,74.05,2891.21,No
3423-PPLEN,Female,0,Yes,No,72,Yes,No,DSL,No,Yes,No,No,Yes,Yes,Month-to-month,No,Electronic check,62.32,4499.83,No
6890-AHPGH,Male,0,Yes,Yes,63,Yes,No,No,No internet service,No internet service,No internet service,No internet service,No internet service,No internet service,Month-to-month,Yes,Electronic check,23.66,1492.07,No
7791-JADJB,Female,0,No,Yes,69,Yes,No,Fiber optic,Yes,Yes,Yes,Yes,No,Yes,Two year,Yes,Mailed check,85.59,5920.19,No
7872-XDVST,Male,1,No,No,63,Yes,No,Fiber optic,No,Yes,No,Yes,No,Yes,Two year,No,Mailed check,90.43,5706.82,No
9587-HHFZE,Male,0,No,No,24,Yes,Yes,No,No internet service,No internet service,No internet service,No internet service,No internet service,No internet service,Month-to-month,Yes,Bank transfer (automatic),18.25,433.53,No
2852-ZQMZV,Female,1,No,No,27,Yes,Yes,DSL,No,No,No,No,No,No,Two year,Yes,Electronic check,46.37,1247.46,No
9451-SSPUL,Male,0,Yes,No,9,Yes,No,No,No internet service,No internet service,No internet service,No internet service,No internet service,No internet service,Month-to-month,Yes,Credit card (automatic),18.25,178.61,Yes
8195-DGFGK,Male,0,Yes,No,27,Yes,Yes,No,No internet service,No internet service,No internet service,No internet service,No internet service,No internet service,Two year,Yes,Mailed check,18.25,484.57,Yes
2968-DFGJF,Male,1,No,No,35,Yes,No,No,No internet service,No internet service,No internet service,No internet service,No internet service,No internet service,One year,No,Credit card (automatic),18.25,614.68,No
8356-SMWAJ,Male,0,Yes,Yes,10,Yes,No,DSL,No,No,Yes,No,Yes,Yes,Month-to-month,Yes,Mailed check,55.32,556.3,Yes
2142-JXGHR,Male,0,Yes,No,20,Yes,Yes,No,No internet service,No internet service,No internet service,No internet service,No internet service,No internet service,One year,No,Credit card (automatic),18.42,362.86,No
3174-CEVTV,Male,0,Yes,No,25,Yes,No,DSL,Yes,No,No,Yes,Yes,No,Two year,Yes,Electronic check,61.18,1516.55,No
1745-RRZRN,Female,0,Yes,Yes,17,Yes,Yes,Fiber optic,No,No,Yes,Yes,No,No,Month-to-month,Yes,Electronic check,83.56,1409.08,Yes
4788-EELDF,Female,0,No,No,67,Yes,Yes,DSL,Yes,No,Yes,Yes,Yes,Yes,Month-to-month,Yes,Mailed check,73.63,4944.31,No
2589-VJWQC,Male,0,No,No,40,Yes,No,No,No internet service,No internet service,No internet service,No internet service,No internet service,No internet service,One year,Yes,Mailed check,22.17,895.26,No
6636-JHMHU,Female,0,No,No,14,Yes,No,Fiber optic,No,No,No,No,Yes,Yes,Month-to-month,No,Credit card (automatic),87.39,1224.44,Yes
5929-HBYFA,Female,0,No,No,22,Yes,Yes,Fiber optic,No,Yes,No,No,No,Yes,Month-to-month,Yes,Electronic check,81.28,1810.84,Yes
7994-ZUDBY,Female,0,Yes,No,40,Yes,Yes,No,No internet service,No internet service,No internet service,No internet service,No internet service,No internet service,Month-to-month,Yes,Electronic check,19.66,775.58,No
9090-NUEMP,Male,0,Yes,No,5,Yes,No,DSL,Yes,No,No,No,Yes,No,One year,Yes,Mailed check,60.28,295.01,Yes
3771-QDRPX,Female,0,Yes,No,70,No,No phone service,Fiber optic,Yes,No,No,Yes,No,Yes,Month-to-month,Yes,Mailed check,82.17,5738.36,No
4622-HZEQC,Male,0,Yes,No,59,Yes,No,DSL,Yes,Yes,No,Yes,No,No,Month-to-month,Yes,Bank transfer (automatic),67.15,3966.73,No
6063-ZRPKB,Female,0,Yes,No,51,Yes,No,DSL,Yes,No,Yes,No,Yes,No,Two year,Yes,Electronic check,69.86,3574.55,No
2517-VQDYZ,Male,0,Yes,No,8,Yes,Yes,Fiber optic,Yes,No,No,No,No,No,Month-to-month,No,Electronic check,78.33,606.54,Yes
1289-YUXWJ,Male,0,No,No,29,Yes,No,Fiber optic,No,No,No,No,No,No,Two year,Yes,Credit card (automatic),71.26,2073.48,No
5185-ULWNX,Female,1,No,No,43,Yes,Yes,DSL,Yes,Yes,Yes,Yes,Yes,No,Month-to-month,Yes,Mailed check,72.14,3103.49,No
5875-TNGJF,Female,0,No,Yes,61,Yes,No,Fiber optic,Yes,Yes,No,Yes,No,No,Two year,No,Credit card (automatic),85.79,5232.32,No
6291-CEMPK,Male,0,No,Yes,42,Yes,Yes,Fiber optic,No,Yes,No,No,No,No,Month-to-month,Yes,Bank transfer (automatic),75.88,3174.67,Yes
5544-VNSHD,Female,0,Yes,No,27,Yes,Yes,No,No internet service,No internet service,No internet service,No internet service,No internet service,No internet service,Two year,Yes,Electronic check,22.97,616.03,No
9084-NBKLR,Female,0,Yes,No,7,Yes,No,No,No internet service,No internet service,No internet service,No internet service,No internet service,No internet service,Month-to-month,Yes,Electronic check,19.19,141.22,Yes
2932-XLMBW,Female,0,Yes,No,50,Yes,No,Fiber optic,No,No,No,Yes,No,No,Month-to-month,Yes,Credit card (automatic),79.3,3988.93,No
3649-PXDPZ,Male,0,Yes,No,29,Yes,No,No,No internet service,No internet service,No internet service,No internet service,No internet service,No internet service,Month-to-month,No,Electronic check,21.8,637.19,Yes
3850-EGTHL,Male,0,Yes,No,10,Yes,Yes,No,No internet service,No internet service,No internet service,No internet service,No internet service,No internet service,Month-to-month,No,Electronic check,18.45,195.11,Yes
2126-TULXT,Female,1,Yes,No,19,Yes,No,Fiber optic,Yes,No,No,No,No,Yes,Month-to-month,No,Credit card (automatic),83.22,1595.29,No
2695-PTTWV,Female,0,No,No,30,No,No phone service,No,No internet service,No internet service,No internet service,No internet service,No internet service,No internet service,One year,No,Credit card (automatic),27.84,819.64,No
6642-KEEHD,Female,0,No,No,33,No,No phone service,No,No internet service,No internet service,No internet service,No internet service,No internet service,No internet service,Month-to-month,Yes,Bank transfer (automatic),19.14,632.8,No
7355-LFFMK,Male,0,No,No,11,Yes,Yes,DSL,No,Yes,Yes,No,No,Yes,One year,Yes,Electronic check,70.84,767.61,Yes
1613-SHEXL,Male,1,Yes,No,47,Yes,No,Fiber optic,No,No,Yes,Yes,Yes,Yes,Month-to-month,No,Electronic check,97.26,4583.68,Yes
3267-DKNXL,Female,0,No,No,27,Yes,Yes,DSL,No,No,No,No,No,No,Month-to-month,No,Bank transfer (automatic),44.87,1211.5,No
4715-SHXPV,Female,0,No,No,66,Yes,Yes,Fiber optic,No,Yes,No,No,No,Yes,One year,No,Electronic check,83.92,5539.27,No
4148-VYZKB,Female,0,No,No,62,Yes,No,Fiber optic,No,No,Yes,Yes,Yes,No,Month-to-month,Yes,Mailed check,89.48,5571.9,No
4085-DYUUX,Female,0,Yes,Yes,47,Yes,No,No,No internet service,No internet service,No internet service,No internet service,No internet service,No internet service,One year,Yes,Mailed check,20.61,978.85,No
4966-YYCDG,Female,0,No,Yes,41,Yes,Yes,Fiber optic,Yes,No,Yes,Yes,Yes,No,One year,Yes,Electronic check,91.94,3773.6,No
1642-JJDZU,Female,0,No,No,51,No,No phone service,Fiber optic,Yes,Yes,No,No,Yes,Yes,Month-to-month,Yes,Credit card (automatic),85.07,4331.05,No
9852-VZVFA,Male,0,Yes,Yes,4,Yes,Yes,DSL,No,No,No,No,No,Yes,One year,Yes,Electronic check,53.37,194.27,Yes
3385-EGQSA,Female,0,Yes,No,11,Yes,No,DSL,No,No,Yes,Yes,No,Yes,Month-to-month,Yes,Mailed check,69.37,759.59,No
1161-WUFWB,Male,0,Yes,Yes,58,Yes,No,Fiber optic,Yes,Yes,Yes,No,Yes,No,Month-to-month,No,Credit card (automatic),92.81,5391.55,Yes
6172-QFVCS,Female,0,No,No,64,Yes,No,No,No internet service,No internet service,No internet service,No internet service,No internet service,No internet service,Month-to-month,Yes,Credit card (automatic),18.25,1177.65,No
3053-XABBN,Female,0,No,Yes,51,Yes,No,Fiber optic,Yes,No,Yes,No,Yes,Yes,One year,No,Electronic check,103.32,5262.08,No
1845-XSJJC,Male,0,Yes,Yes,42,Yes,Yes,No,No internet service,No internet service,No internet service,No internet service,No internet service,No internet service,Two year,Yes,Credit card (automatic),19.21,794.85,No
2978-GWANM,Male,0,Yes,Yes,62,Yes,No,No,No internet service,No internet service,No internet service,No internet service,No internet service,No internet service,Two year,Yes,Electronic check,21.24,1328.38,No
6307-NTHEP,Male,0,No,No,49,Yes,No,DSL,No,Yes,No,No,Yes,Yes,Month-to-month,No,Electronic check,61.9,3030.49,No
9279-TMBKU,Male,0,Yes,No,38,Yes,Yes,DSL,No,No,No,No,Yes,No,Month-to-month,Yes,Credit card (automatic),48.76,1859.72,Yes
3018-WMFCM,Female,0,Yes,No,41,Yes,Yes,Fiber optic,No,Yes,No,No,No,Yes,One year,Yes,Bank transfer (automatic),82.23,3375.12,No
2745-JUTWU,Male,0,Yes,No,16,Yes,No,DSL,No,No,No,No,Yes,No,Month-to-month,Yes,Electronic check,52.23,828.21,Yes
3542-GUBQS,Female,0,No,No,42,Yes,No,DSL,Yes,No,Yes,No,No,No,One year,Yes,Bank transfer (automatic),62.79,2640.75,No
7986-CKZTZ,Male,0,No,No,48,Yes,Yes,DSL,Yes,Yes,No,Yes,No,No,Two year,Yes,Credit card (automatic),60.16,2907.99,No
6135-TSQGG,Female,0,Yes,No,4,Yes,No,DSL,Yes,No,No,Yes,No,No,Month-to-month,No,Mailed check,57.24,221.63,Yes
4403-GVKFU,Female,0,No,Yes,0,Yes,Yes,Fiber optic,No,Yes,No,Yes,No,Yes,Two year,Yes,Mailed check,100.05, ,Yes
3833-CELME,Female,1,No,Yes,66,Yes,No,Fiber optic,No,Yes,Yes,Yes,No,Yes,Month-to-month,No,Electronic check,96.85,6391.35,No
7649-PVFNZ,Female,0,Yes,No,23,Yes,No,DSL,No,No,No,No,Yes,No,Month-to-month,Yes,Bank transfer (automatic),50.77,1166.13,No
3645-DSHCU,Female,1,No,Yes,28,Yes,No,DSL,Yes,No,Yes,No,No,No,Month-to-month,No,Mailed check,55.38,1545.86,No
5678-GAMDE,Female,0,Yes,No,14,Yes,Yes,Fiber optic,No,No,Yes,No,Yes,Yes,One year,Yes,Credit card (automatic),94.98,1334.98,Yes
5745-MFXDH,Male,1,No,No,3,Yes,No,Fiber optic,No,No,Yes,No,Yes,No,Two year,Yes,Bank transfer (automatic),78.74,242.47,Yes
5116-NADHV,Female,0,Yes,No,43,No,No phone service,No,No internet service,No internet service,No internet service,No internet service,No internet service,No internet service,Month-to-month,Yes,Bank transfer (automatic),18.25,785.8,No
7291-HVRHU,Male,0,No,Yes,64,Yes,Yes,DSL,No,No,Yes,Yes,Yes,No,Month-to-month,Yes,Credit card (automatic),64.69,4147.83,No
4786-VSXAR,Male,0,Yes,No,30,Yes,No,DSL,No,Yes,No,Yes,Yes,No,Month-to-month,No,Mailed check,67.09,2026.75,Yes
7117-HEXHB,Female,0,No,No,19,Yes,No,Fiber optic,No,No,Yes,No,No,No,Month-to-month,No,Bank transfer (automatic),76.65,1453.71,No
5419-RXAJJ,Male,0,Yes,No,9,Yes,No,DSL,No,No,Yes,No,Yes,No,Month-to-month,Yes,Credit card (automatic),57.42,501.63,No
2410-JXAST,Female,0,No,No,10,Yes,No,Fiber optic,No,No,No,No,Yes,No,Month-to-month,No,Electronic check,75.98,759.86,No
1044-DDSCK,Male,0,Yes,Yes,27,Yes,No,No,No internet service,No internet service,No internet service,No internet service,No internet service,No internet service,Month-to-month,Yes,Electronic check,19.94,527.99,No
9744-VSDMJ,Female,0,No,No,37,Yes,No,DSL,No,Yes,No,Yes,No,No,Month-to-month,Yes,Mailed check,54.17,2017.63,Yes
5471-SMWSP,Male,0,No,No,23,Yes,Yes,DSL,No,No,Yes,No,Yes,Yes,Month-to-month,Yes,Mailed check,55.95,1291.12,No
8366-VTCQF,Female,0,Yes,Yes,38,Yes,No,DSL,Yes,No,Yes,No,No,No,One year,No,Electronic check,57.44,2179.66,Yes
3882-RKMFB,Female,0,No,Yes,50,Yes,No,DSL,No,No,Yes,No,No,No,Month-to-month,Yes,Electronic check,54.05,2712.9,No
1914-KUBYZ,Female,0,Yes,No,49,Yes,No,DSL,Yes,Yes,No,No,No,No,Month-to-month,Yes,Electronic check,56.66,2781.59,No
2874-WWGTH,Female,0,No,No,6,Yes,No,DSL,No,Yes,No,Yes,Yes,No,Month-to-month,No,Mailed check,62.81,391.38,No
1501-QEHBF,Male,1,No,No,67,No,No phone service,Fiber optic,No,Yes,Yes,No,No,Yes,Month-to-month,No,Bank transfer (automatic),88.04,5897.38,No
7916-YNRFW,Female,0,Yes,Yes,52,No,No phone service,DSL,No,No,Yes,No,No,No,Two year,No,Credit card (automatic),51.5,2663.47,No
9107-PDUHT,Male,0,No,No,36,Yes,No,DSL,No,Yes,Yes,No,No,No,One year,No,Mailed check,55.41,1988.61,No
7612-RLCAY,Male,0,Yes,No,53,No,No phone service,Fiber optic,Yes,No,No,No,No,Yes,Month-to-month,No,Electronic check,81.33,4302.34,Yes
6355-XQXLC,Male,0,Yes,No,54,Yes,No,Fiber optic,No,Yes,No,Yes,Yes,Yes,One year,Yes,Bank transfer (automatic),88.91,4807.97,No
3296-WWXKU,Female,0,No,No,30,Yes,No,Fiber optic,No,No,Yes,No,No,No,Month-to-month,Yes,Mailed check,74.22,2223.48,Yes
7818-XWGDA,Male,0,No,No,64,No,No phone service,Fiber optic,No,Yes,Yes,Yes,No,No,Month-to-month,No,Credit card (automatic),97.96,6267.62,Yes
4221-TZQXB,Male,0,Yes,Yes,58,Yes,No,Fiber optic,No,Yes,Yes,No,No,No,Month-to-month,No,Mailed check,85.96,4974.59,No
4225-TCPGX,Male,1,Yes,No,46,Yes,Yes,Fiber optic,Yes,No,No,No,Yes,Yes,One year,Yes,Bank transfer (automatic),90.63,4189.15,No
1952-CKWAN,Female,0,No,No,48,Yes,No,Fiber optic,No,Yes,No,Yes,No,No,Month-to-month,Yes,Electronic check,84.02,4035.72,Yes
8837-HEXMK,Female,0,Yes,No,17,Yes,No,DSL,No,No,No,Yes,No,No,One year,No,Credit card (automatic),49.55,836.01,Yes
8234-HUTEX,Male,1,No,No,2,Yes,No,No,No internet service,No internet service,No internet service,No internet service,No internet service,No internet service,One year,Yes,Electronic check,23.51,44.9,No
5134-MEKMA,Female,0,No,No,17,Yes,No,DSL,Yes,Yes,No,Yes,No,Yes,Two year,Yes,Electronic check,64.99,1090.69,No
7024-UVJUQ,Female,0,Yes,No,57,Yes,No,No,No internet service,No internet service,No internet service,No internet service,No internet service,No internet service,Two year,No,Electronic check,20.05,1136.57,No
6439-SQZKZ,Male,0,Yes,No,70,Yes,No,Fiber optic,No,No,Yes,No,Yes,Yes,Month-to-month,Yes,Electronic check,79.35,5553.46,Yes
4307-NQQLT,Male,0,No,Yes,24,No,No phone service,Fiber optic,No,No,No,Yes,No,Yes,One year,Yes,Electronic check,88.4,2124.19,No
5686-EAPSE,Female,0,Yes,No,17,Yes,No,Fiber optic,No,No,No,No,No,Yes,Month-to-month,Yes,Electronic check,75.19,1287.13,Yes
8248-VRUXX,Male,0,No,Yes,51,Yes,No,Fiber optic,No,Yes,No,Yes,No,No,Two year,No,Bank transfer (automatic),82.62,4217.63,No
3212-YZVDA,Female,0,No,No,42,Yes,No,Fiber optic,Yes,Yes,No,Yes,No,Yes,Month-to-month,Yes,Mailed check,85.03,3570.7,No
1987-VKZVJ,Female,1,No,Yes,66,Yes,Yes,Fiber optic,No,Yes,Yes,Yes,Yes,No,Month-to-month,Yes,Bank transfer (automatic),98.99,6531.92,No
8126-VNKYF,Female,0,Yes,No,6,Yes,No,DSL,No,Yes,No,No,Yes,No,Month-to-month,Yes,Credit card (automatic),60.6,361.91,Yes
9614-TWQPJ,Female,1,Yes,No,43,Yes,No,DSL,Yes,No,No,Yes,No,No,Month-to-month,Yes,Mailed check,57.41,2465.36,No
4421-WPDUN,Female,1,No,No,43,Yes,No,DSL,No,No,Yes,No,Yes,No,Month-to-month,Yes,Bank transfer (automatic),58.83,2532.86,No
4800-YAZNG,Female,0,No,Yes,50,Yes,Yes,DSL,No,No,No,No,No,Yes,One year,Yes,Bank transfer (automatic),54.94,2748.68,No
6184-KUJGC,Male,0,No,No,20,Yes,Yes,DSL,No,Yes,Yes,No,No,No,Two year,Yes,Electronic check,62.51,1238.46,No
7962-ARWJT,Male,0,Yes,No,36,Yes,Yes,No,No internet service,No internet service,No internet service,No internet service,No internet service,No internet service,Month-to-month,No,Mailed check,20.76,743.27,No
1460-DCUHS,Female,0,No,Yes,27,Yes,No,Fiber optic,No,No,No,No,Yes,No,Two year,Yes,Mailed check,75.6,2052.75,No
2161-HSVZA,Female,0,Yes,No,31,Yes,Yes,Fiber optic,No,No,Yes,Yes,No,No,Month-to-month,Yes,Bank transfer (automatic),79.14,2459.04,Yes
8469-DDXQR,Female,1,No,No,56,Yes,No,Fiber optic,No,No,No,No,Yes,No,One year,Yes,Mailed check,67.5,3780.05,Yes
8505-DTJAR,Male,0,No,No,40,Yes,No,No,No internet service,No internet service,No internet service,No internet service,No internet service,No internet service,One year,Yes,Mailed check,19.01,752.55,No
7133-YNEVE,Female,0,No,No,53,Yes,Yes,Fiber optic,No,No,No,Yes,No,No,One year,No,Electronic check,72.44,3828.23,No
5125-JQKEZ,Male,0,Yes,No,26,Yes,No,Fiber optic,No,No,No,Yes,No,Yes,Month-to-month,No,Mailed check,82.17,2135.58,Yes
3579-WNYMS,Female,0,No,No,39,Yes,No,DSL,No,Yes,Yes,Yes,Yes,No,Month-to-month,No,Electronic check,70.04,2715.22,No
7615-SAEHE,Female,0,Yes,No,40,Yes,Yes,Fiber optic,No,No,No,Yes,No,No,Month-to-month,Yes,Mailed check,78.11,3117.31,Yes
3247-SYWAZ,Male,0,No,Yes,69,Yes,No,Fiber optic,No,No,No,No,No,No,Month-to-month,No,Credit card (automatic),70.3,4841.82,No
6034-VXVFL,Male,0,Yes,Yes,23,Yes,Yes,DSL,No,Yes,Yes,No,No,No,Month-to-month,Yes,Electronic check,51.94,1191.52,No
8717-KMGRG,Female,0,Yes,No,17,No,No phone service,Fiber optic,No,No,Yes,No,No,Yes,Month-to-month,No,Electronic check,77.79,1337.03,Yes
3423-HVSTV,Female,0,Yes,No,55,Yes,No,Fiber optic,Yes,Yes,No,Yes,Yes,No,One year,Yes,Bank transfer (automatic),94.33,5179.13,No
7068-PYNCB,Female,0,No,Yes,14,Yes,No,DSL,Yes,No,Yes,No,Yes,Yes,Month-to-month,Yes,Bank transfer (automatic),71.73,995.43,No
5738-LARGY,Male,0,No,No,71,Yes,No,Fiber optic,No,Yes,Yes,Yes,No,Yes,Month-to-month,Yes,Mailed check,93.0,6600.09,No
7053-KRGYG,Male,0,No,No,34,No,No phone service,Fiber optic,Yes,No,No,No,No,No,One year,Yes,Credit card (automatic),77.3,2614.65,No
1574-GJFAV,Male,0,No,Yes,26,Yes,No,Fiber optic,No,Yes,Yes,Yes,No,No,Month-to-month,Yes,Mailed check,87.26,2264.5,No
2609-TCNKG,Male,0,No,Yes,2,Yes,No,DSL,No,No,No,Yes,Yes,No,Month-to-month,No,Electronic check,55.18,90.18,Yes
7672-ZLPXS,Male,0,Yes,No,20,Yes,No,Fiber optic,No,No,No,No,Yes,Yes,Month-to-month,Yes,Mailed check,81.42,1625.76,Yes
4869-DJYDB,Male,1,No,No,38,Yes,No,Fiber optic,No,No,No,No,Yes,Yes,Month-to-month,Yes,Mailed check,88.51,3363.55,No
1208-XGHJM,Female,0,No,No,31,Yes,Yes,Fiber optic,Yes,No,No,No,No,Yes,Month-to-month,Yes,Mailed check,88.83,2760.09,Yes
5480-CVRCJ,Female,0,Yes,No,49,Yes,No,No,No internet service,No internet service,No internet service,No internet service,No internet service,No internet service,Month-to-month,No,Credit card (automatic),21.27,1050.06,No
5433-ZTGUD,Male,1,Yes,No,8,Yes,No,DSL,No,Yes,No,No,No,Yes,One year,Yes,Mailed check,55.21,431.72,No
6976-ZTZRR,Female,0,Yes,No,49,Yes,No,DSL,No,No,No,Yes,No,Yes,Month-to-month,Yes,Bank transfer (automatic),55.87,2722.79,No
8051-FXJZK,Female,0,Yes,Yes,0,Yes,No,DSL,No,Yes,No,No,No,No,One year,Yes,Mailed check,54.78, ,No
3235-PLTZS,Male,1,Yes,No,3,Yes,No,Fiber optic,No,Yes,Yes,Yes,Yes,No,Two year,Yes,Bank transfer (automatic),92.09,284.94,Yes
8426-PAELF,Female,0,Yes,No,3,Yes,No,DSL,No,Yes,No,Yes,No,No,Month-to-month,No,Electronic check,53.88,162.27,No
4996-RBDAF,Male,0,No,No,33,Yes,Yes,Fiber optic,Yes,No,Yes,No,No,No,Month-to-month,Yes,Credit card (automatic),77.39,2533.47,No
7306-MUMYN,Male,1,Yes,No,26,Yes,Yes,No,No internet service,No internet service,No internet service,No internet service,No internet service,No internet service,Month-to-month,Yes,Bank transfer (automatic),20.23,520.92,No
1199-LNBYF,Female,0,Yes,Yes,14,Yes,No,DSL,No,No,No,No,Yes,No,Month-to-month,Yes,Electronic check,54.31,757.84,No
9849-CMGEH,Male,0,No,No,31,Yes,No,No,No internet service,No internet service,No internet service,No internet service,No internet service,No internet service,One year,No,Electronic check,19.42,615.26,No
2336-JYZBF,Male,0,No,No,40,Yes,Yes,Fiber optic,No,Yes,No,No,No,No,Month-to-month,No,Bank transfer (automatic),75.84,3055.31,Yes
2775-ANQCX,Male,0,Yes,No,70,Yes,No,DSL,Yes,Yes,No,No,No,No,Two year,Yes,Electronic check,53.44,3741.44,No
5852-LRXXP,Male,0,No,Yes,60,Yes,No,Fiber optic,No,No,No,No,Yes,Yes,Month-to-month,No,Mailed check,82.04,4922.39,Yes
8050-TTSNH,Male,0,Yes,No,62,No,No phone service,DSL,No,No,No,No,No,No,One year,No,Bank transfer (automatic),46.13,2862.48,No
2443-YWPHE,Male,1,Yes,No,60,Yes,No,Fiber optic,No,No,No,No,Yes,Yes,One year,Yes,Credit card (automatic),80.55,4840.93,Yes
6263-EAPAA,Male,1,Yes,Yes,13,Yes,Yes,No,No internet service,No internet service,No internet service,No internet service,No internet service,No internet service,Month-to-month,Yes,Credit card (automatic),19.76,248.5,Yes
1395-SMSEY,Male,1,No,Yes,22,Yes,Yes,No,No internet service,No internet service,No internet service,No internet service,No internet service,No internet service,Month-to-month,Yes,Bank transfer (automatic),19.85,432.27,No
5133-HCUGR,Female,0,No,No,64,Yes,No,DSL,Yes,Yes,No,Yes,Yes,Yes,Month-to-month,No,Electronic check,68.66,4391.83,No
7325-QWRPB,Female,0,No,Yes,31,Yes,Yes,DSL,Yes,No,No,No,Yes,Yes,Month-to-month,Yes,Electronic check,58.0,1800.42,No
4799-MWTUS,Female,1,No,No,40,Yes,No,No,No internet service,No internet service,No internet service,No internet service,No internet service,No internet service,Two year,Yes,Mailed check,20.59,824.83,No
2026-RHDHU,Male,1,No,No,25,Yes,No,No,No internet service,No internet service,No internet service,No internet service,No internet service,No internet service,Month-to-month,Yes,Credit card (automatic),18.25,453.71,No
9185-EAKVM,Male,0,No,No,47,Yes,No,Fiber optic,No,No,No,No,No,Yes,One year,No,Mailed check,74.3,3496.42,Yes
6094-BZSJR,Female,0,No,No,72,Yes,No,Fiber optic,No,No,Yes,Yes,Yes,Yes,Two year,Yes,Bank transfer (automatic),85.06,6121.65,No
7270-ECDEX,Female,0,Yes,No,15,Yes,Yes,Fiber optic,No,No,Yes,Yes,Yes,No,Month-to-month,No,Credit card (automatic),88.96,1336.17,Yes
8507-LJWFP,Female,0,Yes,No,30,Yes,No,Fiber optic,No,No,Yes,No,No,No,Month-to-month,No,Electronic check,75.2,2265.45,No
5228-FAHUX,Male,0,No,Yes,65,Yes,No,No,No internet service,No internet service,No internet service,No internet service,No internet service,No internet service,Month-to-month,No,Credit card (automatic),21.75,1408.29,No
8486-HEDJR,Female,1,No,Yes,31,Yes,Yes,DSL,Yes,No,Yes,No,Yes,No,Month-to-month,No,Electronic check,61.24,1901.87,Yes
5908-VWCVK,Female,0,No,Yes,9,Yes,Yes,Fiber optic,No,No,Yes,Yes,No,Yes,Month-to-month,No,Bank transfer (automatic),90.64,815.82,Yes
9170-NJLSZ,Male,0,Yes,No,24,Yes,No,Fiber optic,No,Yes,Yes,Yes,No,Yes,Month-to-month,Yes,Bank transfer (automatic),95.52,2317.12,No
9606-ZMHSJ,Female,0,No,No,44,Yes,No,No,No internet service,No internet service,No internet service,No internet service,No internet service,No internet service,Month-to-month,Yes,Mailed check,22.31,986.08,No
5916-ZALTS,Male,0,No,Yes,23,Yes,No,No,No internet service,No internet service,No internet service,No internet service,No internet service,No internet service,Month-to-month,Yes,Bank transfer (automatic),18.25,416.97,No
7334-HGUXY,Male,0,Yes,No,2,Yes,Yes,DSL,No,Yes,No,No,No,Yes,Month-to-month,Yes,Electronic check,56.24,114.07,Yes
3783-FFNPF,Male,0,No,No,61,Yes,No,No,No internet service,No internet service,No internet service,No internet service,No internet service,No internet service,Month-to-month,No,Electronic check,18.25,1115.12,No
2523-SHPMF,Female,0,No,No,66,Yes,Yes,No,No internet service,No internet service,No internet service,No internet service,No internet service,No internet service,Month-to-month,No,Electronic check,23.09,1532.43,No
7259-BNALX,Female,0,No,Yes,54,Yes,No,DSL,No,No,Yes,No,No,Yes,Two year,No,Bank transfer (automatic),59.15,3221.77,No
8010-NFDHC,Male,0,No,No,9,Yes,No,No,No internet service,No internet service,No internet service,No internet service,No internet service,No internet service,Month-to-month,Yes,Credit card (automatic),20.64,175.59,No
4549-SXTME,Female,0,Yes,No,54,Yes,Yes,Fiber optic,No,Yes,No,Yes,No,No,Two year,Yes,Bank transfer (automatic),81.39,4397.46,No
6741-CKCSN,Female,0,Yes,Yes,21,Yes,Yes,Fiber optic,Yes,Yes,No,No,No,No,Month-to-month,No,Bank transfer (automatic),85.43,1787.36,Yes
9354-JVCTJ,Female,1,No,No,13,Yes,No,No,No internet service,No internet service,No internet service,No internet service,No internet service,No internet service,One year,No,Mailed check,19.61,260.24,Yes
9741-TQRYA,Female,0,No,Yes,72,Yes,Yes,No,No internet service,No internet service,No internet service,No internet service,No internet service,No internet service,Two year,No,Bank transfer (automatic),18.25,1318.37,No
2510-QBBZT,Male,0,No,No,7,Yes,No,DSL,Yes,No,No,Yes,Yes,No,One year,Yes,Bank transfer (automatic),59.46,424.08,No
7800-YDZKZ,Female,0,Yes,No,14,Yes,Yes,No,No internet service,No internet service,No internet service,No internet service,No internet service,No internet service,Two year,Yes,Electronic check,24.99,356.08,No
4026-ABGGL,Male,1,Yes,No,14,Yes,No,DSL,Yes,Yes,No,No,Yes,No,Month-to-month,No,Bank transfer (automatic),62.27,872.32,Yes
9310-DPZKP,Male,0,Yes,Yes,51,Yes,Yes,Fiber optic,No,No,No,No,No,No,Month-to-month,No,Electronic check,66.74,3392.25,No
3790-PGCLD,Female,0,Yes,No,69,Yes,No,DSL,No,Yes,No,No,No,No,Month-to-month,No,Electronic check,52.22,3610.24,No
5698-UZDQT,Male,0,No,Yes,53,Yes,No,DSL,No,No,No,No,Yes,No,One year,Yes,Electronic check,55.22,2919.01,Yes
1009-WKRVB,Female,0,No,No,41,Yes,Yes,No,No internet service,No internet service,No internet service,No internet service,No internet service,No internet service,Two year,Yes,Electronic check,21.67,883.0,Yes
5296-MXDXA,Female,1,Yes,No,18,Yes,Yes,Fiber optic,Yes,Yes,No,Yes,No,Yes,Month-to-month,No,Mailed check,96.07,1725.85,No
1806-LDPWD,Male,0,Yes,No,39,Yes,No,Fiber optic,No,No,Yes,No,Yes,No,Two year,No,Mailed check,81.17,3171.73,No
6561-QGHJB,Male,0,Yes,No,68,No,No phone service,DSL,No,No,Yes,No,No,No,Two year,No,Credit card (automatic),54.32,3693.19,No
8478-GMSZH,Male,0,Yes,Yes,26,Yes,Yes,Fiber optic,No,No,No,No,Yes,Yes,Two year,Yes,Bank transfer (automatic),81.35,2121.09,No
1838-RNTCB,Male,0,No,No,42,Yes,Yes,Fiber optic,Yes,No,Yes,Yes,Yes,Yes,Month-to-month,Yes,Credit card (automatic),106.38,4466.2,No
2258-CFLMM,Female,0,No,Yes,51,Yes,Yes,Fiber optic,Yes,Yes,No,Yes,No,Yes,Month-to-month,Yes,Bank transfer (automatic),91.34,4669.28,No
3449-ZUCHS,Female,0,No,Yes,45,Yes,No,DSL,No,No,No,Yes,No,Yes,Month-to-month,No,Bank transfer (automatic),57.01,2572.55,No
9979-JEBEM,Female,0,Yes,No,13,No,No phone service,DSL,No,No,Yes,No,No,No,Month-to-month,Yes,Credit card (automatic),53.57,699.46,No
9395-RDSGQ,Male,0,No,No,63,Yes,No,No,No internet service,No internet service,No internet service,No internet service,No internet service,No internet service,Two year,No,Electronic check,19.32,1215.45,No
8806-CDSRY,Male,0,Yes,Yes,60,Yes,No,DSL,No,Yes,Yes,Yes,Yes,No,Month-to-month,Yes,Bank transfer (automatic),67.21,4023.74,No
1211-SAMGD,Male,0,No,No,57,Yes,Yes,Fiber optic,Yes,Yes,No,No,No,Yes,Month-to-month,Yes,Credit card (automatic),91.96,5253.13,No
7083-LSUJD,Female,0,No,Yes,48,Yes,Yes,DSL,Yes,Yes,Yes,No,No,Yes,Two year,Yes,Credit card (automatic),63.51,3046.91,No
1345-WRMQB,Male,0,No,Yes,28,Yes,No,DSL,No,Yes,Yes,No,No,Yes,Month-to-month,No,Mailed check,66.8,1886.56,No
9084-ETVEF,Female,0,Yes,Yes,25,Yes,No,DSL,No,Yes,No,No,Yes,Yes,Month-to-month,No,Mailed check,63.86,1621.36,Yes
3292-ZUYMX,Male,0,Yes,No,26,No,No phone service,No,No internet service,No internet service,No internet service,No internet service,No internet service,No internet service,Month-to-month,Yes,Electronic check,18.25,478.16,Yes
9758-SUFYC,Female,0,No,No,66,No,No phone service,No,No internet service,No internet service,No internet service,No internet service,No internet service,No internet service,Month-to-month,Yes,Credit card (automatic),23.99,1565.81,No
5754-FQBXU,Female,0,Yes,No,66,Yes,Yes,Fiber optic,Yes,Yes,Yes,Yes,Yes,Yes,One year,Yes,Credit card (automatic),105.83,6993.36,No
2346-UBNMP,Male,0,Yes,Yes,34,Yes,No,Fiber optic,No,Yes,No,No,No,No,Two year,Yes,Credit card (automatic),77.3,2639.04,No
3181-BXZBN,Male,0,No,No,59,Yes,Yes,Fiber optic,No,No,Yes,No,No,No,Month-to-month,Yes,Electronic check,70.64,4180.89,Yes
7252-YXCWJ,Female,0,Yes,No,60,Yes,No,DSL,No,Yes,No,Yes,Yes,No,Month-to-month,No,Electronic check,57.92,3471.07,No
7738-KNKML,Female,0,No,No,69,Yes,No,Fiber optic,No,No,No,Yes,Yes,No,One year,No,Credit card (automatic),80.88,5589.72,No
1560-ZNWSN,Male,0,Yes,No,2,Yes,No,Fiber optic,Yes,Yes,No,No,No,No,Month-to-month,Yes,Bank transfer (automatic),80.25,155.78,No
5417-UHFBB,Male,1,No,No,32,Yes,Yes,Fiber optic,No,No,No,Yes,Yes,Yes,Month-to-month,No,Bank transfer (automatic),89.33,2857.84,Yes
2367-YWTXS,Female,0,Yes,No,41,Yes,No,Fiber optic,Yes,Yes,No,Yes,No,No,Month-to-month,Yes,Mailed check,86.21,3536.53,Yes
9562-TYVVG,Male,1,No,No,12,Yes,Yes,Fiber optic,No,No,Yes,Yes,Yes,No,One year,No,Bank transfer (automatic),98.58,1188.48,No
7202-VPCWS,Female,0,Yes,No,28,Yes,Yes,No,No internet service,No internet service,No internet service,No internet service,No internet service,No internet service,Month-to-month,No,Electronic check,18.34,516.8,Yes
3766-PVEEZ,Female,0,No,No,8,No,No phone service,DSL,No,Yes,Yes,Yes,Yes,No,Two year,No,Credit card (automatic),74.43,610.02,No
5183-YSBYF,Male,0,No,No,31,Yes,No,DSL,No,No,No,No,Yes,No,Month-to-month,No,Credit card (automatic),56.84,1763.68,Yes
6297-PLPZV,Male,1,Yes,Yes,21,Yes,No,No,No internet service,No internet service,No internet service,No internet service,No internet service,No internet service,Two year,Yes,Credit card (automatic),18.25,393.38,No
6747-JVHMG,Male,0,Yes,No,57,Yes,Yes,DSL,No,No,No,Yes,Yes,No,Two year,Yes,Electronic check,61.31,3497.62,No
4323-XQYTT,Male,0,Yes,No,56,Yes,No,Fiber optic,No,Yes,No,No,No,Yes,Month-to-month,Yes,Credit card (automatic),83.29,4667.46,No
9344-XKVWH,Male,0,Yes,Yes,9,Yes,Yes,Fiber optic,Yes,Yes,No,Yes,Yes,Yes,Month-to-month,No,Bank transfer (automatic),107.03,971.65,No
4447-QQRMT,Female,0,No,Yes,24,Yes,Yes,DSL,No,No,No,No,Yes,Yes,Two year,No,Electronic check,53.36,1287.33,Yes
5894-TKRVL,Female,0,Yes,No,61,Yes,No,DSL,No,Yes,No,No,No,Yes,One year,No,Credit card (automatic),61.88,3760.3,No
5162-HJYUX,Male,0,No,No,62,Yes,Yes,Fiber optic,Yes,Yes,Yes,No,No,No,Month-to-month,Yes,Electronic check,82.25,5099.29,No
4790-UDPXF,Male,0,No,Yes,2,Yes,Yes,DSL,No,Yes,No,Yes,Yes,No,Month-to-month,Yes,Bank transfer (automatic),64.09,130.02,Yes
3715-LERUF,Male,0,Yes,Yes,46,Yes,Yes,No,No internet service,No internet service,No internet service,No internet service,No internet service,No internet service,Month-to-month,Yes,Credit card (automatic),18.25,861.65,Yes
7098-PJGAT,Female,0,No,No,54,Yes,Yes,Fiber optic,Yes,Yes,No,No,No,Yes,Month-to-month,Yes,Mailed check,89.29,4803.14,No
5142-NDAVP,Male,0,Yes,Yes,25,Yes,No,DSL,Yes,Yes,Yes,No,Yes,No,One year,No,Bank transfer (automatic),66.25,1664.25,No
6146-ZDZVJ,Male,0,Yes,Yes,12,Yes,No,DSL,No,No,Yes,Yes,Yes,Yes,Month-to-month,Yes,Electronic check,68.42,829.01,No
3260-XWGCP,Female,1,Yes,No,6,No,No phone service,No,No internet service,No internet service,No internet service,No internet service,No internet service,No internet service,Month-to-month,Yes,Mailed check,20.56,136.65,Yes
9443-VAHSG,Female,1,No,No,33,Yes,Yes,Fiber optic,No,No,Yes,No,Yes,No,Month-to-month,Yes,Electronic check,76.35,2521.8,Yes
1868-RJFHF,Male,1,Yes,No,21,Yes,No,Fiber optic,Yes,Yes,Yes,No,Yes,No,Two year,No,Bank transfer (automatic),89.66,1887.74,No
2457-XQMME,Male,0,No,Yes,22,Yes,No,DSL,Yes,No,No,No,Yes,No,One year,Yes,Bank transfer (automatic),59.17,1297.71,No
2304-GKHTJ,Male,1,Yes,No,47,Yes,No,Fiber optic,Yes,No,Yes,Yes,No,Yes,Two year,No,Bank transfer (automatic),89.59,4214.05,No
6726-YYJCJ,Female,0,No,Yes,13,Yes,No,No,No internet service,No internet service,No internet service,No internet service,No internet service,No internet service,Month-to-month,Yes,Bank transfer (automatic),18.25,229.13,No
4137-FHMZX,Male,0,No,No,51,Yes,No,Fiber optic,No,Yes,No,No,Yes,No,Two year,Yes,Bank transfer (automatic),79.44,4058.03,No
7799-PMFMC,Male,0,Yes,Yes,38,Yes,Yes,DSL,No,Yes,No,No,No,Yes,Month-to-month,Yes,Credit card (automatic),59.83,2275.81,Yes
6274-NFBZE,Male,0,No,Yes,40,Yes,No,No,No internet service,No internet service,No internet service,No internet service,No internet service,No internet service,Month-to-month,No,Mailed check,18.25,730.91,No
5816-PSPNU,Female,1,No,No,35,Yes,Yes,DSL,No,No,No,No,Yes,Yes,Month-to-month,No,Mailed check,57.56,2014.72,No
2652-MVGAV,Female,0,Yes,No,5,Yes,Yes,Fiber optic,Yes,No,No,No,No,No,Month-to-month,Yes,Mailed check,83.19,392.04,No
3265-PDCBZ,Male,0,Yes,Yes,22,Yes,Yes,No,No internet service,No internet service,No internet service,No internet service,No internet service,No internet service,Month-to-month,Yes,Mailed check,20.77,467.93,No
9211-BEMCN,Male,0,Yes,No,9,Yes,No,No,No internet service,No internet service,No internet service,No internet service,No internet service,No internet service,Month-to-month,Yes,Credit card (automatic),20.61,181.44,No
4395-MTDFT,Female,0,No,No,59,Yes,Yes,Fiber optic,Yes,No,No,Yes,No,Yes,One year,Yes,Credit card (automatic),86.33,5096.1,No
3207-TDQGW,Female,0,No,No,29,Yes,No,No,No internet service,No internet service,No internet service,No internet service,No internet service,No internet service,Month-to-month,No,Electronic check,22.7,662.56,No
3563-KPLQB,Female,0,Yes,No,69,Yes,Yes,Fiber optic,Yes,Yes,No,No,No,Yes,Month-to-month,Yes,Mailed check,90.89,6255.2,No
8408-XULGR,Female,0,Yes,No,4,Yes,No,DSL,No,No,Yes,No,Yes,No,One year,Yes,Mailed check,51.16,201.84,No
6330-VBCSD,Female,0,No,No,56,Yes,Yes,Fiber optic,No,Yes,No,No,No,No,Two year,Yes,Credit card (automatic),77.94,4339.07,No
6353-TRJMP,Female,0,No,Yes,42,Yes,No,Fiber optic,No,No,No,Yes,Yes,Yes,Two year,Yes,Credit card (automatic),92.7,3889.96,No
8909-QQAYZ,Female,0,No,No,51,Yes,No,Fiber optic,No,Yes,No,No,No,No,Month-to-month,Yes,Credit card (automatic),74.81,3819.32,No
4895-CLGZY,Female,0,No,Yes,5,No,No phone service,DSL,No,No,No,No,Yes,Yes,One year,Yes,Electronic check,54.03,269.32,Yes
7882-TUASH,Female,1,Yes,Yes,1,Yes,No,No,No internet service,No internet service,No internet service,No internet service,No internet service,No internet service,Month-to-month,Yes,Electronic check,18.79,8.82,No
3314-FBZCQ,Male,0,Yes,Yes,16,Yes,Yes,DSL,No,No,No,Yes,No,Yes,Month-to-month,Yes,Credit card (automatic),63.55,1011.23,Yes
3597-UKYUE,Male,0,Yes,Yes,11,Yes,No,Fiber optic,No,No,No,No,Yes,No,One year,Yes,Mailed check,73.29,823.04,Yes
2014-AKRJG,Male,0,No,No,43,Yes,No,No,No internet service,No internet service,No internet service,No internet service,No internet service,No internet service,Two year,Yes,Mailed check,21.62,920.61,No
4531-HUSUW,Female,0,Yes,No,53,Yes,Yes,Fiber optic,No,Yes,No,No,Yes,No,One year,Yes,Mailed check,83.37,4425.25,Yes
8401-YZHSX,Male,0,Yes,No,6,Yes,No,DSL,No,Yes,Yes,No,No,No,Two year,No,Credit card (automatic),48.06,298.56,No
1329-KSHNL,Female,0,No,Yes,31,Yes,Yes,No,No internet service,No internet service,No internet service,No internet service,No internet service,No internet service,One year,No,Credit card (automatic),18.25,552.56,No
3170-TCSXG,Female,0,Yes,No,28,Yes,No,DSL,No,No,No,Yes,Yes,No,One year,No,Credit card (automatic),57.8,1630.05,No
2531-XHNUE,Male,0,Yes,No,45,Yes,No,DSL,No,No,No,No,Yes,Yes,Month-to-month,Yes,Credit card (automatic),49.64,2241.91,Yes
6999-FUQST,Female,0,No,No,72,Yes,No,DSL,No,No,No,No,Yes,No,Month-to-month,Yes,Electronic check,47.32,3397.36,No
7949-JUKSN,Male,0,Yes,Yes,52,Yes,No,Fiber optic,Yes,No,No,Yes,Yes,No,Two year,No,Bank transfer (automatic),91.77,4774.3,No
3559-DGEHS,Male,0,Yes,Yes,24,No,No phone service,No,No internet service,No internet service,No internet service,No internet service,No internet service,No internet service,One year,Yes,Bank transfer (automatic),18.99,435.4,No
9350-ZJYMU,Male,0,No,No,52,Yes,No,DSL,No,No,No,No,No,No,Month-to-month,No,Electronic check,47.28,2448.27,No
1591-UTDAY,Female,1,Yes,No,28,Yes,No,No,No internet service,No internet service,No internet service,No internet service,No internet service,No internet service,One year,No,Bank transfer (automatic),19.5,547.35,No
5794-WBGXR,Male,0,Yes,No,5,Yes,No,DSL,No,No,Yes,Yes,Yes,No,Month-to-month,No,Bank transfer (automatic),63.21,314.85,Yes
8193-JZNGJ,Female,0,No,Yes,37,Yes,No,DSL,No,Yes,Yes,Yes,No,No,Two year,Yes,Bank transfer (automatic),67.68,2486.95,No
9191-ZXJYT,Male,0,Yes,Yes,2,Yes,No,Fiber optic,Yes,No,No,No,No,No,Two year,No,Mailed check,78.48,179.19,No
5554-DSYGY,Male,1,No,Yes,34,Yes,No,No,No internet service,No internet service,No internet service,No internet service,No internet service,No internet service,Two year,Yes,Electronic check,23.45,800.98,No
9362-TUYUQ,Male,0,Yes,No,54,Yes,Yes,Fiber optic,No,Yes,No,Yes,Yes,No,Month-to-month,Yes,Electronic check,83.22,4482.34,No
9384-CSSKG,Female,0,Yes,No,46,Yes,Yes,DSL,No,Yes,Yes,No,Yes,No,Month-to-month,No,Electronic check,62.02,2853.71,No
5100-XKKFN,Female,0,Yes,Yes,32,Yes,No,Fiber optic,No,Yes,Yes,Yes,No,Yes,Two year,Yes,Mailed check,94.44,3011.55,No
2666-JZJSC,Female,1,Yes,No,2,Yes,No,Fiber optic,No,No,No,No,Yes,No,Month-to-month,Yes,Electronic check,76.2,159.94,Yes
6751-HSFZV,Male,1,Yes,No,68,Yes,Yes,DSL,No,Yes,No,No,Yes,Yes,Two year,Yes,Mailed check,62.55,4235.74,No
6541-GUCUN,Male,0,Yes,No,58,No,No phone service,DSL,Yes,Yes,Yes,No,No,Yes,Two year,Yes,Mailed check,65.51,3803.09,No
1932-LQPSC,Female,0,No,Yes,17,Yes,No,DSL,Yes,Yes,Yes,No,No,No,Two year,No,Mailed check,60.35,1027.37,No
1451-SRVKD,Female,0,Yes,No,65,Yes,No,Fiber optic,No,Yes,Yes,No,No,Yes,Month-to-month,Yes,Mailed check,92.56,6000.5,Yes
9341-WREQE,Female,0,No,No,24,No,No phone service,Fiber optic,No,No,Yes,No,Yes,Yes,One year,No,Bank transfer (automatic),78.66,1898.8,Yes
7732-JZQNW,Female,0,Yes,No,19,Yes,Yes,DSL,No,No,No,No,Yes,No,Two year,No,Electronic check,53.46,1020.6,No
7754-DLGMF,Female,0,Yes,No,70,Yes,Yes,DSL,No,No,Yes,No,Yes,No,Month-to-month,Yes,Credit card (automatic),58.65,4114.61,No
4489-PLXFM,Female,0,Yes,Yes,68,Yes,No,DSL,Yes,No,No,No,Yes,No,One year,Yes,Mailed check,51.41,3489.64,No
5135-TJSSW,Male,0,No,Yes,28,No,No phone service,Fiber optic,No,Yes,No,Yes,No,Yes,Month-to-month,Yes,Bank transfer (automatic),85.45,2391.44,No
6225-EZNMN,Female,0,No,No,17,Yes,No,DSL,No,No,No,No,No,No,Month-to-month,Yes,Electronic check,44.7,765.57,No
7202-ZATZA,Male,0,No,No,71,Yes,No,DSL,Yes,No,No,No,Yes,Yes,Two year,Yes,Electronic check,56.85,4044.16,No
3485-EJNBU,Male,0,Yes,No,26,No,No phone service,DSL,Yes,Yes,No,No,No,No,Month-to-month,Yes,Bank transfer (automatic),59.38,1568.17,Yes
9696-YRCWF,Female,1,Yes,No,41,Yes,No,Fiber optic,Yes,Yes,No,No,Yes,No,Month-to-month,Yes,Credit card (automatic),88.68,3622.55,No
5825-KUTHE,Female,0,No,No,65,Yes,Yes,Fiber optic,No,Yes,Yes,No,No,No,Month-to-month,Yes,Credit card (automatic),80.97,5261.54,No
4884-EQMPE,Male,0,Yes,No,25,Yes,No,Fiber optic,Yes,No,Yes,No,No,No,Month-to-month,Yes,Credit card (automatic),81.44,2051.39,No
3013-QMDJH,Female,0,Yes,No,22,Yes,Yes,DSL,Yes,No,No,Yes,No,Yes,Two year,Yes,Mailed check,56.49,1239.87,Yes
9728-SSGZT,Female,0,Yes,No,4,Yes,Yes,Fiber optic,No,No,Yes,Yes,No,Yes,Month-to-month,No,Mailed check,82.89,353.16,Yes
4256-BGTKR,Male,0,Yes,No,10,Yes,No,DSL,Yes,Yes,No,No,Yes,Yes,Two year,Yes,Bank transfer (automatic),69.45,696.48,No
3996-MFLTJ,Male,0,Yes,No,18,Yes,No,DSL,No,No,No,No,No,No,Month-to-month,Yes,Mailed check,48.94,904.4,Yes
8003-HAVVK,Male,0,No,No,11,Yes,No,No,No internet service,No internet service,No internet service,No internet service,No internet service,No internet service,One year,No,Credit card (automatic),25.24,285.21,No
6499-WJQFC,Female,0,No,Yes,1,Yes,No,Fiber optic,No,No,Yes,No,Yes,No,Month-to-month,No,Bank transfer (automatic),79.73,65.96,Yes
4615-GYVZU,Male,0,No,No,42,Yes,Yes,Fiber optic,No,Yes,No,No,Yes,No,Two year,No,Mailed check,83.26,3479.43,No
7949-HXCRA,Female,1,Yes,No,21,Yes,No,No,No internet service,No internet service,No internet service,No internet service,No internet service,No internet service,Month-to-month,Yes,Electronic check,18.25,381.51,Yes
4908-BTLRP,Male,0,No,No,25,No,No phone service,No,No internet service,No internet service,No internet service,No internet service,No internet service,No internet service,Month-to-month,Yes,Electronic check,18.25,452.7,No
9726-FHHFK,Male,1,No,No,32,Yes,No,Fiber optic,Yes,No,No,No,No,No,Two year,Yes,Credit card (automatic),76.41,2453.92,No
9277-ZSNNT,Male,1,No,No,23,Yes,No,DSL,No,No,No,No,Yes,No,Month-to-month,Yes,Mailed check,49.65,1138.97,No
9114-GJQRC,Female,0,Yes,No,68,Yes,Yes,Fiber optic,Yes,No,Yes,Yes,No,No,One year,Yes,Credit card (automatic),90.66,6163.65,No
5145-VRLRU,Female,0,No,Yes,20,Yes,Yes,Fiber optic,Yes,No,Yes,No,Yes,Yes,One year,Yes,Bank transfer (automatic),97.08,1938.95,No
7552-WEYUV,Male,0,Yes,No,45,Yes,No,DSL,No,No,Yes,No,Yes,No,One year,No,Electronic check,52.24,2340.15,Yes
8783-QWDAA,Male,0,No,No,17,Yes,Yes,DSL,No,No,Yes,Yes,No,No,Month-to-month,No,Mailed check,57.65,972.83,Yes
5991-YPJWR,Male,0,Yes,No,4,Yes,No,Fiber optic,No,Yes,No,No,No,No,One year,Yes,Bank transfer (automatic),79.39,318.72,Yes
7319-RKMXN,Female,1,Yes,No,7,Yes,Yes,DSL,No,No,No,No,No,No,One year,Yes,Credit card (automatic),43.3,317.79,No
2555-EXAAR,Male,0,Yes,Yes,56,Yes,No,DSL,No,Yes,Yes,No,Yes,Yes,Month-to-month,No,Electronic check,69.23,3895.72,No
4218-SMFXJ,Female,0,No,Yes,4,No,No phone service,Fiber optic,Yes,Yes,Yes,Yes,No,No,Month-to-month,Yes,Credit card (automatic),96.48,387.41,Yes
6198-HNKFU,Male,0,Yes,No,12,Yes,No,No,No internet service,No internet service,No internet service,No internet service,No internet service,No internet service,Month-to-month,Yes,Mailed check,24.37,288.2,No
4558-NLUES,Male,0,No,Yes,65,Yes,No,DSL,No,Yes,No,Yes,Yes,Yes,Month-to-month,Yes,Electronic check,74.72,4863.95,No
8434-YFGFE,Male,0,No,No,36,Yes,Yes,DSL,No,Yes,Yes,Yes,No,No,Month-to-month,No,Electronic check,69.54,2513.01,No
4332-VDWBS,Male,0,No,Yes,28,Yes,No,No,No internet service,No internet service,No internet service,No internet service,No internet service,No internet service,Two year,Yes,Credit card (automatic),25.75,717.37,No
7971-VXYCR,Male,0,No,Yes,68,Yes,Yes,DSL,No,No,Yes,No,No,No,Month-to-month,Yes,Bank transfer (automatic),52.91,3596.48,No
9124-QXEZT,Male,0,No,No,31,Yes,No,Fiber optic,Yes,No,Yes,No,No,Yes,Month-to-month,No,Electronic check,92.39,2882.19,No
4466-ZARET,Female,0,No,No,47,Yes,Yes,Fiber optic,No,No,Yes,No,No,No,Month-to-month,No,Mailed check,75.96,3577.17,Yes
5180-SKBPQ,Male,0,Yes,Yes,1,Yes,No,DSL,No,No,No,No,Yes,No,Month-to-month,Yes,Electronic check,50.8,36.48,Yes
4335-KFMTL,Female,0,No,Yes,68,Yes,Yes,Fiber optic,No,Yes,Yes,Yes,Yes,No,Month-to-month,No,Electronic check,88.63,6021.75,No
2036-URVDX,Male,0,No,No,50,Yes,Yes,No,No internet service,No internet service,No internet service,No internet service,No internet service,No internet service,Month-to-month,No,Electronic check,20.1,1005.7,No
6428-PAAQW,Male,0,Yes,No,34,Yes,No,Fiber optic,Yes,Yes,No,Yes,Yes,No,Two year,Yes,Mailed check,100.75,3424.35,No
7294-CXLKR,Female,0,No,No,14,Yes,No,No,No internet service,No internet service,No internet service,No internet service,No internet service,No internet service,Month-to-month,Yes,Bank transfer (automatic),18.69,251.98,No
1335-TFJWH,Male,0,Yes,Yes,71,Yes,Yes,DSL,No,Yes,No,No,Yes,No,Month-to-month,No,Electronic check,52.7,3760.45,No
2700-JYBRX,Female,0,Yes,No,64,Yes,No,No,No internet service,No internet service,No internet service,No internet service,No internet service,No internet service,Month-to-month,No,Electronic check,22.05,1413.02,No
5080-RSRKT,Female,0,Yes,Yes,37,Yes,No,DSL,Yes,No,No,No,Yes,No,Month-to-month,Yes,Mailed check,49.45,1817.32,No
9754-XRTCD,Male,0,Yes,No,16,Yes,Yes,DSL,Yes,No,Yes,No,Yes,No,One year,No,Electronic check,60.63,963.07,Yes
7358-FJSSB,Female,0,No,No,44,Yes,No,DSL,No,No,Yes,No,No,No,Month-to-month,No,Electronic check,58.21,2554.55,Yes
1051-ARASK,Female,0,No,No,0,Yes,No,No,No internet service,No internet service,No internet service,No internet service,No internet service,No internet service,One year,Yes,Credit card (automatic),18.25, ,No
6674-NFMFZ,Male,0,No,No,2,Yes,No,Fiber optic,No,No,No,No,Yes,Yes,Month-to-month,Yes,Electronic check,89.01,176.1,No
1137-JDAAJ,Female,1,No,Yes,69,No,No phone service,Fiber optic,No,No,Yes,No,Yes,Yes,Month-to-month,Yes,Credit card (automatic),92.84,6400.46,Yes
3083-RVGFM,Male,0,Yes,No,51,Yes,No,Fiber optic,No,Yes,No,No,Yes,Yes,Two year,No,Electronic check,91.19,4651.16,No
9862-MPZTT,Male,0,Yes,No,52,Yes,Yes,No,No internet service,No internet service,No internet service,No internet service,No internet service,No internet service,Month-to-month,Yes,Bank transfer (automatic),19.78,1036.89,No
4669-BZDVS,Male,0,No,No,2,Yes,Yes,No,No internet service,No internet service,No internet service,No internet service,No internet service,No internet service,Month-to-month,Yes,Electronic check,18.25,25.94,Yes
1223-PKHTG,Male,0,No,No,46,Yes,No,Fiber optic,No,No,No,Yes,Yes,Yes,Month-to-month,No,Mailed check,85.15,3920.87,Yes
9248-FDEGK,Female,1,Yes,Yes,5,Yes,Yes,Fiber optic,No,No,Yes,Yes,No,Yes,One year,No,Bank transfer (automatic),86.06,419.39,No
5181-SSKKC,Male,0,No,No,45,Yes,Yes,DSL,Yes,No,No,No,No,Yes,One year,No,Mailed check,53.89,2412.15,No
5733-TULAL,Male,1,No,Yes,60,Yes,No,DSL,No,Yes,Yes,Yes,No,No,Month-to-month,No,Electronic check,61.64,3707.87,Yes
7550-BQSDZ,Female,0,No,No,42,Yes,No,DSL,Yes,Yes,Yes,No,No,No,One year,Yes,Credit card (automatic),57.42,2403.34,No
7626-KJHTN,Male,0,Yes,No,55,Yes,Yes,DSL,No,Yes,No,No,No,Yes,Month-to-month,No,Mailed check,51.06,2814.22,No
3026-NZVUY,Male,0,Yes,Yes,69,Yes,No,DSL,No,Yes,No,No,No,Yes,Two year,Yes,Bank transfer (automatic),59.83,4136.42,No
6305-UAQBD,Female,0,No,Yes,19,No,No phone service,Fiber optic,Yes,No,No,No,Yes,No,Month-to-month,Yes,Credit card (automatic),87.17,1654.15,Yes
4153-RXQDV,Female,0,No,No,46,Yes,No,No,No internet service,No internet service,No internet service,No internet service,No internet service,No internet service,Two year,No,Mailed check,19.59,906.48,No
8534-EQFKS,Female,0,Yes,No,53,Yes,Yes,No,No internet service,No internet service,No internet service,No internet service,No internet service,No internet service,Two year,Yes,Electronic check,19.1,1016.46,No
4578-QXKMF,Female,0,No,Yes,40,No,No phone service,Fiber optic,No,No,Yes,Yes,No,Yes,Two year,Yes,Mailed check,93.08,3725.6,No
9313-DJWLD,Female,0,No,Yes,65,Yes,Yes,DSL,No,Yes,Yes,No,Yes,Yes,Month-to-month,Yes,Electronic check,67.2,4367.39,No
3293-TWKAN,Female,1,Yes,No,30,Yes,No,DSL,Yes,Yes,Yes,No,Yes,No,Month-to-month,Yes,Bank transfer (automatic),58.12,1745.69,No
8596-TCNXF,Female,0,Yes,No,63,Yes,No,No,No internet service,No internet service,No internet service,No internet service,No internet service,No internet service,One year,Yes,Bank transfer (automatic),21.85,1372.04,No
1147-JQYRP,Male,0,No,No,57,No,No phone service,DSL,Yes,Yes,Yes,No,Yes,Yes,Month-to-month,Yes,Electronic check,80.59,4579.4,No
8104-KDUQJ,Female,0,Yes,No,54,Yes,No,DSL,Yes,Yes,No,Yes,Yes,No,One year,Yes,Electronic check,62.09,3353.86,No
9748-SCYSJ,Female,0,No,No,45,Yes,No,DSL,No,No,No,Yes,Yes,Yes,Month-to-month,Yes,Bank transfer (automatic),66.1,2977.78,No
6783-NJLKH,Female,0,Yes,Yes,23,Yes,No,DSL,Yes,Yes,No,No,No,Yes,Month-to-month,Yes,Electronic check,68.99,1600.17,No
3089-XQUGZ,Male,0,No,Yes,36,Yes,No,DSL,Yes,Yes,Yes,Yes,Yes,No,Month-to-month,No,Bank transfer (automatic),88.76,3190.55,Yes
9513-CXXVN,Male,0,No,No,40,Yes,No,Fiber optic,Yes,Yes,No,Yes,No,Yes,Month-to-month,Yes,Bank transfer (automatic),100.75,4024.35,No
2593-EECVY,Female,0,Yes,No,24,No,No phone service,Fiber optic,Yes,No,Yes,No,No,Yes,Month-to-month,Yes,Electronic check,86.44,2058.86,Yes
2112-CCFMM,Female,0,No,No,28,Yes,No,Fiber optic,No,No,No,No,Yes,No,Month-to-month,Yes,Bank transfer (automatic),76.87,2139.89,Yes
4916-WVKSZ,Female,0,Yes,No,30,No,No phone service,Fiber optic,Yes,No,No,No,No,No,Month-to-month,No,Mailed check,78.24,2330.37,Yes
6050-CAJWF,Male,0,Yes,No,1,Yes,No,DSL,Yes,No,No,No,No,Yes,Two year,No,Electronic check,58.72,43.8,No
6475-TKZSZ,Male,0,No,No,11,Yes,Yes,DSL,No,Yes,Yes,Yes,Yes,Yes,Month-to-month,Yes,Electronic check,68.81,750.75,Yes
7050-VPDNQ,Female,0,No,No,4,Yes,No,Fiber optic,No,Yes,No,No,Yes,No,Two year,Yes,Credit card (automatic),73.02,298.91,No
5130-KUERY,Male,0,Yes,Yes,60,Yes,Yes,DSL,Yes,No,No,Yes,No,Yes,One year,No,Mailed check,71.91,4317.91,No
6634-XQZHR,Female,1,Yes,No,55,No,No phone service,DSL,No,No,No,No,Yes,No,One year,Yes,Mailed check,49.98,2764.09,No
7000-MFCQS,Male,0,Yes,Yes,70,No,No phone service,No,No internet service,No internet service,No internet service,No internet service,No internet service,No internet service,Two year,Yes,Bank transfer (automatic),21.56,1513.96,No
5793-PGVZT,Male,0,Yes,No,36,Yes,No,Fiber optic,Yes,Yes,No,No,Yes,Yes,Month-to-month,No,Bank transfer (automatic),95.67,3424.84,No
6277-HWBCS,Female,0,Yes,No,35,Yes,No,DSL,No,No,No,Yes,No,Yes,Month-to-month,No,Mailed check,57.78,2023.88,No
1225-DAJSK,Female,0,No,No,28,Yes,Yes,No,No internet service,No internet service,No internet service,No internet service,No internet service,No internet service,One year,Yes,Mailed check,20.86,600.55,No
7269-ZJBJJ,Female,0,Yes,No,37,Yes,No,Fiber optic,No,Yes,No,Yes,No,Yes,Month-to-month,Yes,Bank transfer (automatic),81.88,3017.41,No
6993-WESKE,Female,0,No,No,40,Yes,No,No,No internet service,No internet service,No internet service,No internet service,No internet service,No internet service,Month-to-month,No,Bank transfer (automatic),18.25,733.56,No
4207-PREBD,Male,0,Yes,Yes,32,Yes,No,DSL,Yes,No,Yes,Yes,Yes,No,Month-to-month,Yes,Bank transfer (automatic),71.71,2290.86,No
4093-NFNJY,Male,1,No,No,12,Yes,No,DSL,No,No,No,No,Yes,No,One year,Yes,Mailed check,50.77,607.44,No
2587-PXUER,Male,0,No,Yes,5,Yes,No,DSL,Yes,No,No,No,Yes,No,Two year,No,Credit card (automatic),61.55,317.88,No
2768-VNXPC,Female,0,No,No,65,Yes,No,No,No internet service,No internet service,No internet service,No internet service,No internet service,No internet service,One year,Yes,Electronic check,18.25,1186.77,No
8881-UZSER,Male,0,Yes,No,7,Yes,No,DSL,No,No,Yes,No,No,Yes,Month-to-month,Yes,Electronic check,58.98,413.24,Yes
1962-FQENJ,Female,0,No,Yes,63,Yes,Yes,DSL,No,No,Yes,Yes,No,No,One year,Yes,Electronic check,50.69,3190.62,Yes
2917-SHMTU,Male,0,No,No,8,Yes,Yes,Fiber optic,Yes,No,No,Yes,Yes,Yes,One year,Yes,Electronic check,90.17,735.21,Yes
2180-DDJGK,Female,1,No,No,22,Yes,No,Fiber optic,No,No,Yes,No,No,Yes,One year,Yes,Credit card (automatic),76.94,1689.48,No
5516-CLRMN,Female,0,No,No,70,Yes,Yes,No,No internet service,No internet service,No internet service,No internet service,No internet service,No internet service,One year,Yes,Electronic check,19.31,1351.85,No
3066-VULLE,Male,0,Yes,No,20,Yes,Yes,No,No internet service,No internet service,No internet service,No internet service,No internet service,No internet service,One year,Yes,Credit card (automatic),23.32,461.84,No
4558-WNNES,Female,0,No,No,0,Yes,Yes,Fiber optic,Yes,No,No,No,No,Yes,One year,Yes,Mailed check,83.19, ,No
2801-PKMGS,Female,0,No,Yes,45,Yes,Yes,Fiber optic,No,Yes,No,Yes,No,No,Month-to-month,Yes,Mailed check,76.43,3448.45,No
6333-SWPFU,Male,1,No,No,61,Yes,Yes,Fiber optic,Yes,No,Yes,No,Yes,Yes,Month-to-month,Yes,Bank transfer (automatic),93.63,5721.29,Yes
7968-EBAUC,Female,0,No,No,1,Yes,Yes,Fiber optic,Yes,Yes,Yes,No,No,No,Month-to-month,Yes,Electronic check,90.47,92.08,Yes
2981-ZTQMY,Female,0,No,Yes,43,Yes,Yes,Fiber optic,No,No,Yes,No,No,No,Month-to-month,Yes,Mailed check,73.43,3162.53,No
4205-XXWYQ,Female,0,No,No,4,Yes,No,DSL,Yes,No,No,Yes,Yes,No,One year,No,Electronic check,65.83,273.86,Yes
6195-AFZRT,Male,0,No,No,38,Yes,Yes,DSL,No,No,No,No,No,No,Month-to-month,Yes,Electronic check,43.28,1640.94,No
1748-LDEXQ,Male,0,No,No,65,Yes,Yes,Fiber optic,No,Yes,No,No,Yes,Yes,One year,No,Bank transfer (automatic),86.8,5639.49,No
4521-FGKRX,Female,0,Yes,Yes,44,Yes,No,No,No internet service,No internet service,No internet service,No internet service,No internet service,No internet service,Two year,No,Electronic check,21.39,932.16,No
6048-FBAXW,Male,0,No,No,12,Yes,No,No,No internet service,No internet service,No internet service,No internet service,No internet service,No internet service,Month-to-month,Yes,Electronic check,18.67,231.03,Yes
5302-HKLUR,Female,0,No,Yes,31,Yes,Yes,Fiber optic,Yes,Yes,Yes,No,No,No,One year,No,Electronic check,77.33,2394.4,No
5327-WKBLL,Female,1,Yes,No,42,Yes,Yes,DSL,Yes,Yes,Yes,Yes,No,No,Month-to-month,Yes,Credit card (automatic),66.69,2801.52,No
7297-THJZG,Female,0,Yes,No,7,Yes,Yes,No,No internet service,No internet service,No internet service,No internet service,No internet service,No internet service,Two year,Yes,Bank transfer (automatic),18.25,132.4,No
4703-CBHUC,Female,0,No,Yes,58,Yes,No,DSL,No,No,Yes,No,No,No,Month-to-month,No,Electronic check,49.93,2901.06,No
6916-SGSZS,Female,0,No,Yes,10,Yes,No,Fiber optic,No,Yes,Yes,No,Yes,No,Two year,Yes,Bank transfer (automatic),89.71,885.78,No
3302-AEUHV,Male,0,Yes,No,27,Yes,Yes,No,No internet service,No internet service,No internet service,No internet service,No internet service,No internet service,Two year,Yes,Electronic check,26.37,718.14,No
1643-WYPRT,Female,1,No,Yes,38,Yes,No,DSL,No,No,Yes,No,No,No,Month-to-month,Yes,Electronic check,49.28,1892.82,Yes
8939-RRCLR,Male,0,No,Yes,25,Yes,Yes,No,No internet service,No internet service,No internet service,No internet service,No internet service,No internet service,Two year,No,Bank transfer (automatic),22.17,554.3,No
4808-SGGEK,Male,0,Yes,No,71,Yes,Yes,DSL,No,Yes,Yes,Yes,No,Yes,Month-to-month,Yes,Electronic check,64.2,4571.42,No
1456-HRVNV,Female,0,Yes,No,25,Yes,No,No,No internet service,No internet service,No internet service,No internet service,No internet service,No internet service,Two year,Yes,Bank transfer (automatic),21.35,517.3,No
3745-RTDHE,Female,0,No,No,31,Yes,No,Fiber optic,No,Yes,Yes,No,Yes,Yes,Month-to-month,Yes,Mailed check,99.9,3097.89,Yes
8238-RCXNB,Male,0,No,No,45,Yes,No,Fiber optic,Yes,Yes,Yes,No,No,Yes,Two year,No,Electronic check,86.13,3855.75,No
2952-NGPEL,Male,0,Yes,No,27,Yes,Yes,Fiber optic,No,No,No,No,No,No,One year,No,Mailed check,71.87,1950.3,No
2669-VRAAR,Male,1,Yes,No,6,No,No phone service,Fiber optic,No,No,No,Yes,No,No,Two year,No,Electronic check,77.56,455.17,No
1428-GKQPE,Female,0,Yes,Yes,34,No,No phone service,Fiber optic,No,Yes,No,No,Yes,No,One year,No,Mailed check,87.29,2963.91,No
8680-FQEMQ,Male,1,No,No,65,Yes,Yes,Fiber optic,Yes,Yes,Yes,No,No,No,One year,Yes,Electronic check,83.42,5412.72,No
5985-ZNNPD,Female,0,Yes,No,21,Yes,No,Fiber optic,Yes,No,No,Yes,No,No,Month-to-month,Yes,Mailed check,78.45,1657.8,Yes
2148-GQQGM,Female,0,No,Yes,21,Yes,No,No,No internet service,No internet service,No internet service,No internet service,No internet service,No internet service,Month-to-month,No,Bank transfer (automatic),18.25,394.2,Yes
7137-XSLWZ,Female,0,Yes,No,2,Yes,Yes,DSL,No,Yes,Yes,No,Yes,No,Month-to-month,No,Mailed check,58.27,107.74,Yes
9191-TGMBW,Male,0,No,No,45,Yes,No,DSL,No,Yes,No,No,No,No,Two year,Yes,Mailed check,50.54,2274.77,No
9259-QVNYV,Female,0,Yes,No,49,Yes,No,No,No internet service,No internet service,No internet service,No internet service,No internet service,No internet service,Month-to-month,Yes,Electronic check,20.36,987.42,No
4185-LTPEK,Female,1,No,No,7,Yes,No,Fiber optic,No,No,No,No,Yes,No,Month-to-month,Yes,Electronic check,79.89,558.83,Yes
3659-KEJMA,Female,1,No,No,3,Yes,Yes,DSL,Yes,No,No,No,No,Yes,Two year,Yes,Mailed check,55.47,153.04,No
3266-NGVYP,Female,1,Yes,No,14,Yes,No,Fiber optic,Yes,Yes,No,No,No,Yes,One year,No,Electronic check,89.42,1244.14,Yes
9270-PPVJY,Female,0,Yes,Yes,43,Yes,No,Fiber optic,No,Yes,No,No,No,Yes,Month-to-month,No,Credit card (automatic),82.99,3567.82,Yes
4113-BSJHE,Male,1,No,No,38,Yes,Yes,Fiber optic,No,Yes,No,No,No,Yes,Month-to-month,No,Credit card (automatic),81.43,3103.3,Yes
6037-ERVZZ,Female,0,Yes,Yes,28,Yes,No,DSL,Yes,No,No,No,Yes,Yes,Month-to-month,No,Electronic check,55.31,1545.57,Yes
7859-DGEKN,Female,0,No,Yes,72,Yes,No,No,No internet service,No internet service,No internet service,No internet service,No internet service,No internet service,Month-to-month,No,Bank transfer (automatic),22.3,1620.43,No
5712-GVNCX,Male,0,Yes,No,61,Yes,No,Fiber optic,No,No,No,No,No,No,Two year,Yes,Mailed check,66.8,4068.74,No
4204-BGEVR,Female,0,Yes,Yes,33,No,No phone service,Fiber optic,Yes,Yes,Yes,Yes,No,No,Month-to-month,Yes,Mailed check,86.09,2823.16,Yes
4470-WBHMU,Male,0,No,Yes,25,Yes,Yes,No,No internet service,No internet service,No internet service,No internet service,No internet service,No internet service,Two year,Yes,Electronic check,22.94,559.8,No
4368-BTPEX,Female,0,No,Yes,17,Yes,Yes,DSL,Yes,No,Yes,No,No,No,Two year,No,Mailed check,57.51,971.19,No
9147-NYMGM,Male,1,No,No,62,Yes,No,Fiber optic,No,No,No,Yes,No,Yes,Month-to-month,Yes,Electronic check,80.07,4990.11,No
1841-RSHNH,Male,0,Yes,Yes,51,Yes,No,No,No internet service,No internet service,No internet service,No internet service,No internet service,No internet service,Month-to-month,Yes,Bank transfer (automatic),19.1,970.47,No
1405-YMLTN,Female,0,Yes,No,53,No,No phone service,DSL,Yes,No,Yes,No,Yes,Yes,Month-to-month,No,Bank transfer (automatic),61.99,3278.41,No
3702-CGJXT,Female,1,No,Yes,41,Yes,Yes,Fiber optic,No,Yes,Yes,Yes,No,No,Month-to-month,Yes,Credit card (automatic),82.43,3383.71,Yes
6198-ZFQYG,Female,0,Yes,No,53,Yes,No,No,No internet service,No internet service,No internet service,No internet service,No internet service,No internet service,Month-to-month,No,Electronic check,18.25,981.29,No
8087-QQXKT,Male,1,Yes,No,51,Yes,Yes,Fiber optic,Yes,No,No,No,No,Yes,Two year,Yes,Mailed check,75.43,3851.58,No
4111-YXKME,Male,0,Yes,No,12,Yes,Yes,Fiber optic,No,No,No,Yes,Yes,No,One year,No,Mailed check,81.2,972.25,No
9556-XDYTL,Male,0,Yes,No,31,Yes,No,Fiber optic,No,Yes,Yes,No,No,Yes,Month-to-month,No,Electronic check,89.4,2791.29,No
9423-KZCMB,Female,0,No,No,65,Yes,No,Fiber optic,No,Yes,No,No,No,Yes,One year,No,Electronic check,78.14,5087.71,No
4434-XVLVF,Male,0,No,No,57,Yes,No,Fiber optic,No,Yes,Yes,No,No,No,Month-to-month,Yes,Credit card (automatic),86.53,4934.26,No
7270-AGCGT,Male,0,No,No,38,Yes,Yes,No,No internet service,No internet service,No internet service,No internet service,No internet service,No internet service,Two year,No,Bank transfer (automatic),21.05,813.22,No
1779-XBTTH,Female,0,No,Yes,26,Yes,No,Fiber optic,No,No,Yes,No,Yes,No,One year,No,Credit card (automatic),75.3,1957.8,No
7867-MFTGR,Male,0,No,No,53,Yes,Yes,Fiber optic,No,Yes,No,No,No,No,Two year,Yes,Bank transfer (automatic),80.58,4269.55,No
2950-XJQJU,Male,1,No,No,71,Yes,No,Fiber optic,No,Yes,Yes,No,No,Yes,Month-to-month,Yes,Electronic check,90.01,6383.63,Yes
2437-QSTLF,Female,0,No,No,72,Yes,No,Fiber optic,Yes,Yes,No,No,Yes,Yes,Month-to-month,No,Electronic check,83.64,6013.42,Yes
8156-QCMYC,Male,0,Yes,No,42,No,No phone service,Fiber optic,No,No,No,No,Yes,Yes,Month-to-month,No,Bank transfer (automatic),80.87,3396.36,Yes
5261-VQGTM,Female,0,Yes,No,51,Yes,No,No,No internet service,No internet service,No internet service,No internet service,No internet service,No internet service,Two year,Yes,Bank transfer (automatic),18.25,920.63,No
3387-UFAWN,Female,0,No,No,13,Yes,Yes,DSL,No,No,No,Yes,Yes,Yes,Month-to-month,No,Credit card (automatic),64.18,847.59,Yes
4653-LMBCG,Female,0,Yes,No,7,Yes,No,DSL,Yes,Yes,Yes,No,No,Yes,Month-to-month,No,Mailed check,82.25,578.13,Yes
6668-UPNQL,Female,1,Yes,No,34,Yes,No,Fiber optic,No,Yes,No,Yes,No,No,Two year,Yes,Bank transfer (automatic),83.82,2847.03,No
3959-HYZZY,Female,0,No,No,17,Yes,No,No,No internet service,No internet service,No internet service,No internet service,No internet service,No internet service,One year,No,Mailed check,19.64,334.92,No
3023-DQQNB,Male,0,No,Yes,54,No,No phone service,No,No internet service,No internet service,No internet service,No internet service,No internet service,No internet service,Two year,No,Bank transfer (automatic),26.27,1430.99,No
3527-FZCPL,Male,0,No,No,51,Yes,Yes,Fiber optic,No,No,No,Yes,Yes,No,Two year,Yes,Mailed check,82.07,4185.96,No
4146-ZWFTU,Female,0,Yes,No,71,Yes,No,Fiber optic,No,Yes,Yes,Yes,Yes,No,Month-to-month,Yes,Bank transfer (automatic),95.87,6806.26,No
5603-BFXYX,Female,0,No,No,48,Yes,No,Fiber optic,No,No,Yes,No,Yes,Yes,Month-to-month,No,Mailed check,84.71,4090.83,No
8180-JZKWJ,Male,0,No,Yes,7,Yes,Yes,Fiber optic,No,No,Yes,No,No,No,Month-to-month,Yes,Credit card (automatic),81.12,559.98,No
1233-XSKCB,Female,0,No,Yes,36,Yes,No,DSL,No,Yes,Yes,Yes,No,No,Two year,Yes,Mailed check,64.09,2305.07,No
7225-WTWEZ,Female,0,Yes,No,65,Yes,No,Fiber optic,Yes,Yes,Yes,Yes,No,No,One year,Yes,Electronic check,89.82,5823.72,No
6491-GZTFV,Female,0,Yes,Yes,40,Yes,No,DSL,Yes,Yes,No,No,No,Yes,Month-to-month,Yes,Credit card (automatic),63.39,2546.64,No
1338-JLEYS,Male,0,Yes,No,72,Yes,No,Fiber optic,No,No,No,No,No,No,Month-to-month,Yes,Mailed check,70.3,5061.91,Yes
1878-AKZMK,Male,0,Yes,Yes,26,Yes,No,DSL,No,No,Yes,No,Yes,Yes,Month-to-month,Yes,Electronic check,60.26,1580.99,No
2122-KJMVU,Female,0,Yes,Yes,19,Yes,Yes,Fiber optic,No,No,Yes,No,No,Yes,One year,No,Credit card (automatic),88.35,1686.11,Yes
2482-HDJPF,Female,1,Yes,No,37,Yes,No,Fiber optic,No,Yes,No,No,Yes,No,Month-to-month,No,Electronic check,76.75,2825.71,Yes
1643-VCXBV,Male,0,No,Yes,11,Yes,No,DSL,No,No,No,Yes,No,Yes,Month-to-month,No,Electronic check,55.39,602.69,No
2459-CGFLR,Male,0,No,No,41,Yes,Yes,Fiber optic,No,No,Yes,Yes,No,Yes,Month-to-month,Yes,Electronic check,94.32,3851.61,Yes
8718-AJXMT,Female,0,No,No,49,Yes,Yes,DSL,No,Yes,No,Yes,Yes,No,Month-to-month,No,Bank transfer (automatic),56.69,2768.81,No
3732-ADJUJ,Female,1,Yes,No,30,Yes,No,DSL,No,No,Yes,No,No,No,Month-to-month,Yes,Electronic check,51.71,1526.23,No
4353-VTNFF,Male,1,Yes,No,64,Yes,No,Fiber optic,No,No,No,Yes,No,Yes,Two year,No,Credit card (automatic),88.43,5659.22,Yes
6112-DQRPA,Male,1,Yes,No,52,Yes,No,No,No internet service,No internet service,No internet service,No internet service,No internet service,No internet service,Month-to-month,Yes,Mailed check,18.25,953.15,No
7776-RGGCB,Male,0,Yes,No,39,Yes,No,No,No internet service,No internet service,No internet service,No internet service,No internet service,No internet service,One year,Yes,Bank transfer (automatic),18.25,708.69,No
9695-ZBPJQ,Female,0,Yes,Yes,72,Yes,Yes,No,No internet service,No internet service,No internet service,No internet service,No internet service,No internet service,Month-to-month,Yes,Credit card (automatic),18.95,1370.15,No
9269-LYNNQ,Male,0,No,Yes,38,Yes,No,DSL,No,Yes,Yes,Yes,Yes,No,Month-to-month,No,Mailed check,72.97,2765.61,No
4824-CHRLH,Female,0,No,No,9,Yes,No,Fiber optic,No,No,Yes,Yes,Yes,Yes,Month-to-month,No,Bank transfer (automatic),95.9,864.93,No
1390-SCEAG,Male,0,No,No,28,Yes,Yes,DSL,No,No,No,No,Yes,Yes,Two year,Yes,Electronic check,56.23,1561.73,No
6480-MWBPE,Male,0,No,No,39,Yes,Yes,DSL,No,Yes,No,No,No,No,One year,Yes,Electronic check,53.81,2100.15,No
4805-SWKZW,Male,0,No,Yes,29,Yes,Yes,No,No internet service,No internet service,No internet service,No internet service,No internet service,No internet service,Month-to-month,No,Bank transfer (automatic),22.94,669.65,No
8125-VVHPF,Male,0,No,No,1,Yes,No,Fiber optic,No,No,No,No,No,No,Month-to-month,Yes,Credit card (automatic),77.42,78.59,Yes
5114-JWBEH,Female,0,No,No,27,Yes,No,Fiber optic,Yes,No,No,Yes,Yes,No,One year,Yes,Bank transfer (automatic),89.68,2418.16,No
4773-YTRNY,Female,0,No,No,46,Yes,No,Fiber optic,No,No,No,Yes,No,No,Two year,Yes,Electronic check,82.35,3798.95,No
9598-ULKMV,Male,1,No,Yes,31,Yes,No,DSL,Yes,No,No,No,Yes,No,One year,Yes,Credit card (automatic),53.9,1670.76,No
3936-CNVSQ,Female,0,No,Yes,31,Yes,Yes,DSL,No,No,Yes,Yes,No,No,One year,Yes,Bank transfer (automatic),51.65,1604.75,Yes
9233-ZGWHZ,Male,0,Yes,Yes,26,No,No phone service,Fiber optic,Yes,Yes,Yes,No,No,Yes,Month-to-month,No,Electronic check,95.59,2493.31,Yes
5516-BGBXT,Male,0,No,Yes,53,Yes,Yes,DSL,Yes,No,No,No,No,No,Month-to-month,Yes,Mailed check,49.54,2634.78,No
9397-ARGLZ,Male,0,No,No,55,No,No phone service,Fiber optic,No,Yes,No,Yes,Yes,No,Two year,Yes,Bank transfer (automatic),85.78,4712.86,No
7716-TKSDG,Male,0,No,Yes,30,Yes,Yes,Fiber optic,Yes,No,No,No,No,Yes,One year,Yes,Electronic check,87.1,2624.45,Yes
4632-JCNVV,Female,0,Yes,No,23,No,No phone service,DSL,No,No,No,Yes,Yes,No,Month-to-month,No,Credit card (automatic),58.18,1337.88,Yes
6540-BTGZC,Male,0,Yes,No,34,Yes,Yes,No,No internet service,No internet service,No internet service,No internet service,No internet service,No internet service,One year,Yes,Bank transfer (automatic),19.62,678.6,No
1074-MZUTW,Male,0,No,No,29,Yes,Yes,Fiber optic,No,Yes,No,No,Yes,Yes,Month-to-month,Yes,Mailed check,84.79,2463.44,Yes
4779-LRGAR,Female,1,No,No,54,Yes,No,Fiber optic,No,No,Yes,Yes,No,No,One year,Yes,Electronic check,83.96,4532.51,No
6632-THTTD,Male,0,Yes,No,63,Yes,Yes,DSL,No,No,No,No,Yes,No,Two year,Yes,Electronic check,53.35,3357.66,No
9186-VPFDJ,Male,0,No,No,32,No,No phone service,Fiber optic,No,Yes,No,Yes,No,No,Month-to-month,No,Credit card (automatic),82.39,2624.38,Yes
3761-YCRSZ,Male,0,No,Yes,45,Yes,Yes,DSL,Yes,No,Yes,No,No,No,Two year,No,Electronic check,53.63,2413.47,Yes
7905-ALZBL,Female,1,Yes,Yes,32,Yes,No,Fiber optic,No,No,No,Yes,No,Yes,Month-to-month,No,Mailed check,79.03,2513.48,No
7079-MXWAL,Male,0,No,Yes,67,Yes,No,Fiber optic,No,No,No,No,Yes,Yes,Month-to-month,Yes,Electronic check,81.58,5460.95,Yes
7704-JQRAP,Female,0,Yes,Yes,63,Yes,No,DSL,Yes,Yes,No,No,No,No,One year,Yes,Electronic check,55.8,3513.52,No
5646-XFTWW,Male,1,No,No,29,Yes,No,No,No internet service,No internet service,No internet service,No internet service,No internet service,No internet service,One year,Yes,Electronic check,18.25,516.59,No
2556-MFKNB,Male,1,No,No,28,Yes,No,Fiber optic,No,No,Yes,No,Yes,Yes,Month-to-month,Yes,Mailed check,83.18,2313.64,No
8308-YPLYL,Female,1,No,Yes,61,Yes,Yes,Fiber optic,No,No,Yes,Yes,No,No,Month-to-month,No,Bank transfer (automatic),82.97,5060.38,Yes
8591-JHBZG,Male,0,No,No,29,Yes,Yes,DSL,No,Yes,No,No,No,Yes,Two year,Yes,Mailed check,60.52,1740.49,Yes
7546-CFNRV,Male,0,Yes,No,11,No,No phone service,No,No internet service,No internet service,No internet service,No internet service,No internet service,No internet service,Month-to-month,Yes,Credit card (automatic),18.93,187.39,No
8924-ASPSC,Female,1,No,No,66,Yes,No,DSL,Yes,No,No,No,No,No,Two year,Yes,Electronic check,51.71,3417.73,No
9739-AKJPN,Female,0,No,Yes,14,Yes,Yes,DSL,No,Yes,No,No,Yes,No,Two year,No,Bank transfer (automatic),52.08,731.47,No
1116-WHZZW,Female,0,No,Yes,9,Yes,Yes,DSL,Yes,Yes,No,No,No,Yes,Month-to-month,Yes,Credit card (automatic),52.97,478.65,Yes
8503-UWHND,Female,0,Yes,No,60,Yes,Yes,No,No internet service,No internet service,No internet service,No internet service,No internet service,No internet service,One year,Yes,Bank transfer (automatic),18.25,1094.82,No
2902-MWDSJ,Female,0,Yes,Yes,22,Yes,No,DSL,No,Yes,Yes,No,Yes,Yes,Month-to-month,No,Mailed check,72.05,1589.39,No
7670-GJNJE,Male,1,No,No,10,Yes,Yes,Fiber optic,No,No,Yes,Yes,Yes,No,Month-to-month,No,Bank transfer (automatic),88.72,880.76,Yes
1926-MJQLR,Female,0,No,No,15,Yes,No,Fiber optic,No,Yes,Yes,No,No,Yes,Month-to-month,No,Electronic check,88.87,1324.67,Yes
9450-ZANGJ,Male,0,Yes,No,48,Yes,Yes,No,No internet service,No internet service,No internet service,No internet service,No internet service,No internet service,Month-to-month,No,Credit card (automatic),20.79,1019.66,No
5540-GVZDK,Male,1,No,No,13,Yes,No,Fiber optic,No,No,No,Yes,Yes,No,Month-to-month,Yes,Electronic check,87.76,1145.58,Yes
8454-HWPZE,Male,0,No,Yes,5,No,No phone service,Fiber optic,No,Yes,No,No,Yes,No,Month-to-month,Yes,Electronic check,80.71,396.14,No
5931-WQMZB,Female,0,No,No,41,Yes,Yes,No,No internet service,No internet service,No internet service,No internet service,No internet service,No internet service,Month-to-month,No,Credit card (automatic),18.25,756.34,No
8898-YXXJJ,Female,0,No,Yes,16,Yes,No,DSL,No,No,No,No,Yes,Yes,Month-to-month,No,Electronic check,61.88,991.75,No
6584-RTUZB,Male,0,No,No,41,Yes,No,No,No internet service,No internet service,No internet service,No internet service,No internet service,No internet service,Month-to-month,Yes,Bank transfer (automatic),21.7,886.1,No
4136-WZMBP,Female,0,No,Yes,9,Yes,No,DSL,No,No,No,No,No,Yes,Month-to-month,No,Mailed check,49.74,445.36,Yes
6378-BBLBS,Female,0,Yes,No,45,No,No phone service,No,No internet service,No internet service,No internet service,No internet service,No internet service,No internet service,Month-to-month,No,Credit card (automatic),19.24,854.24,No
8403-MSWAH,Female,0,No,Yes,48,Yes,Yes,DSL,Yes,No,Yes,No,No,No,Two year,No,Credit card (automatic),59.33,2844.02,No
7205-GGKEV,Female,0,No,No,8,No,No phone service,Fiber optic,No,Yes,No,No,Yes,Yes,Month-to-month,No,Electronic check,85.15,682.95,Yes
3022-ULPCF,Male,0,No,No,38,No,No phone service,DSL,Yes,No,No,No,Yes,Yes,One year,Yes,Credit card (automatic),59.62,2274.48,No
2355-AUFZD,Male,0,No,No,1,Yes,Yes,DSL,Yes,No,Yes,No,No,Yes,Month-to-month,Yes,Credit card (automatic),72.88,64.46,No
3516-PWYLG,Female,0,Yes,Yes,67,Yes,No,Fiber optic,No,Yes,Yes,No,No,No,One year,No,Credit card (automatic),85.9,5761.18,No
5277-UULXP,Male,0,Yes,No,51,Yes,No,Fiber optic,Yes,Yes,Yes,No,Yes,No,Two year,No,Mailed check,97.51,4975.8,No
3676-ZNMNA,Female,0,No,No,10,Yes,Yes,No,No internet service,No internet service,No internet service,No internet service,No internet service,No internet service,Month-to-month,Yes,Electronic check,18.25,197.24,No
3455-MLUER,Female,0,Yes,No,36,Yes,Yes,DSL,Yes,Yes,No,Yes,Yes,No,Month-to-month,Yes,Credit card (automatic),72.83,2622.06,No
1738-MBSVM,Male,0,No,No,71,No,No phone service,DSL,No,No,No,No,Yes,No,Month-to-month,Yes,Credit card (automatic),55.75,3964.58,No
3507-ZHHHE,Male,0,Yes,No,21,Yes,No,No,No internet service,No internet service,No internet service,No internet service,No internet service,No internet service,Two year,No,Credit card (automatic),18.25,390.38,No
8931-MZVPN,Male,1,Yes,Yes,51,Yes,Yes,Fiber optic,No,No,Yes,No,Yes,No,Month-to-month,No,Credit card (automatic),88.08,4484.98,No
5866-UHSFV,Female,0,Yes,No,4,Yes,No,Fiber optic,No,No,Yes,No,No,No,One year,Yes,Electronic check,77.1,302.48,Yes
7455-PVMQY,Male,0,No,No,1,Yes,No,Fiber optic,No,No,Yes,Yes,No,Yes,Two year,No,Bank transfer (automatic),81.96,71.51,No
6291-RPBLZ,Female,0,No,No,4,Yes,Yes,DSL,No,Yes,No,No,Yes,No,Month-to-month,Yes,Credit card (automatic),55.91,214.42,No
4922-RULXU,Male,1,No,No,31,Yes,No,Fiber optic,No,Yes,No,Yes,Yes,No,Month-to-month,Yes,Mailed check,86.78,2687.95,Yes
1917-WATEM,Male,0,No,No,18,Yes,Yes,Fiber optic,No,No,No,No,No,No,Month-to-month,No,Credit card (automatic),69.6,1254.89,Yes
9714-VBGZK,Female,0,Yes,No,3,Yes,No,Fiber optic,Yes,No,No,No,No,Yes,Month-to-month,Yes,Electronic check,76.58,244.45,Yes
9242-HUZGZ,Female,0,Yes,Yes,45,Yes,No,Fiber optic,No,No,No,Yes,Yes,No,Two year,Yes,Bank transfer (automatic),80.12,3603.28,No
2088-TREGL,Female,0,No,No,25,Yes,Yes,DSL,No,No,Yes,No,No,Yes,Month-to-month,Yes,Electronic check,54.02,1334.01,Yes
1510-PSJQU,Female,0,No,Yes,49,Yes,No,No,No internet service,No internet service,No internet service,No internet service,No internet service,No internet service,Two year,Yes,Mailed check,21.77,1077.13,No
2090-MAPPF,Female,0,Yes,No,25,Yes,Yes,No,No internet service,No internet service,No internet service,No internet service,No internet service,No internet service,Two year,Yes,Mailed check,19.9,507.98,No
4543-KQMUB,Female,0,No,No,70,No,No phone service,No,No internet service,No internet service,No internet service,No internet service,No internet service,No internet service,Two year,Yes,Electronic check,18.25,1273.53,No
2742-VYNTV,Female,0,No,No,31,Yes,No,DSL,No,Yes,Yes,Yes,No,No,Two year,Yes,Mailed check,61.97,1906.03,No
4265-XBACU,Female,0,Yes,No,43,Yes,Yes,DSL,No,No,Yes,No,Yes,No,One year,No,Bank transfer (automatic),62.36,2680.79,No
7583-MACMM,Male,0,Yes,No,25,Yes,Yes,Fiber optic,No,Yes,Yes,No,No,No,One year,Yes,Bank transfer (automatic),77.07,1922.5,Yes
5417-VFWXZ,Female,0,No,Yes,60,Yes,Yes,Fiber optic,No,No,No,No,Yes,No,Month-to-month,No,Credit card (automatic),75.85,4562.35,Yes
4855-NKESD,Female,0,Yes,Yes,50,Yes,Yes,Fiber optic,Yes,No,No,No,No,Yes,Month-to-month,No,Bank transfer (automatic),86.03,4324.07,Yes
5814-MVHYN,Male,0,Yes,No,58,Yes,No,DSL,No,Yes,Yes,Yes,Yes,Yes,One year,Yes,Credit card (automatic),83.0,4817.02,No
8652-XZTGK,Female,0,No,Yes,37,Yes,No,Fiber optic,No,No,No,No,No,No,Month-to-month,Yes,Electronic check,67.7,2509.27,No
7695-BBMCH,Male,1,Yes,Yes,25,Yes,No,Fiber optic,Yes,No,No,Yes,No,No,Month-to-month,Yes,Electronic check,82.3,2061.47,No
4914-KUUZT,Male,0,No,No,44,Yes,No,DSL,Yes,Yes,No,Yes,Yes,Yes,One year,Yes,Electronic check,81.0,3566.7,Yes
6564-MGGWX,Female,1,Yes,Yes,30,Yes,Yes,Fiber optic,No,No,No,No,No,No,Month-to-month,Yes,Bank transfer (automatic),73.43,2188.83,Yes
8541-RQULN,Male,0,No,Yes,69,Yes,Yes,Fiber optic,Yes,No,No,Yes,No,No,Month-to-month,No,Mailed check,84.25,5805.27,Yes
7306-VMFCF,Female,1,No,Yes,44,No,No phone service,Fiber optic,No,Yes,Yes,Yes,No,No,Month-to-month,No,Electronic check,89.24,3925.22,No
2710-AMAEN,Male,0,Yes,No,30,No,No phone service,DSL,Yes,No,Yes,Yes,No,No,Month-to-month,No,Electronic check,60.47,1812.27,Yes
3348-XXKSB,Male,0,Yes,Yes,60,Yes,No,No,No internet service,No internet service,No internet service,No internet service,No internet service,No internet service,One year,Yes,Mailed check,18.25,1097.33,No
9954-SMGKN,Male,0,No,No,47,Yes,Yes,DSL,No,Yes,No,No,Yes,No,One year,No,Bank transfer (automatic),54.41,2553.35,No
6165-FBGUM,Female,0,No,Yes,44,Yes,No,No,No internet service,No internet service,No internet service,No internet service,No internet service,No internet service,Month-to-month,Yes,Bank transfer (automatic),20.24,874.8,No
1582-ULEWV,Female,0,No,No,59,Yes,Yes,No,No internet service,No internet service,No internet service,No internet service,No internet service,No internet service,Month-to-month,No,Credit card (automatic),23.04,1360.81,No
7191-JGXTH,Male,0,Yes,No,60,Yes,No,DSL,No,No,No,Yes,No,No,Month-to-month,Yes,Electronic check,50.71,3058.24,No
5407-REFHP,Male,0,No,No,51,Yes,Yes,Fiber optic,No,No,No,No,No,Yes,One year,No,Bank transfer (automatic),78.04,3974.76,No
6338-JCEYT,Female,0,No,No,51,Yes,No,DSL,Yes,Yes,No,Yes,No,No,Month-to-month,No,Credit card (automatic),71.48,3649.68,No
3579-SVPZZ,Female,0,No,No,61,Yes,Yes,Fiber optic,No,No,No,No,Yes,Yes,Month-to-month,Yes,Credit card (automatic),75.15,4600.36,No
1546-HEDDW,Male,0,No,No,25,Yes,Yes,No,No internet service,No internet service,No internet service,No internet service,No internet service,No internet service,One year,Yes,Bank transfer (automatic),18.25,477.54,No
6974-AUGSG,Male,0,Yes,No,66,Yes,Yes,Fiber optic,No,No,No,No,No,No,Month-to-month,Yes,Credit card (automatic),72.31,4766.91,No
4125-MSCSA,Female,0,No,No,48,Yes,Yes,DSL,No,No,No,Yes,No,No,Month-to-month,No,Electronic check,49.22,2367.86,Yes
2563-BHLHK,Female,0,Yes,No,43,Yes,Yes,DSL,Yes,No,Yes,No,No,No,Month-to-month,No,Mailed check,57.64,2470.76,No
6792-EFYVN,Female,0,Yes,No,35,Yes,Yes,DSL,No,No,No,Yes,Yes,Yes,Month-to-month,Yes,Electronic check,77.69,2721.58,No
7496-EEGBM,Female,1,No,No,52,Yes,No,Fiber optic,Yes,No,No,No,Yes,Yes,Two year,Yes,Mailed check,95.59,4961.74,No
5909-PSQYU,Female,0,No,Yes,43,Yes,Yes,No,No internet service,No internet service,No internet service,No internet service,No internet service,No internet service,Month-to-month,Yes,Electronic check,18.25,782.4,No
6857-ZDEUM,Male,0,Yes,No,21,No,No phone service,Fiber optic,No,No,No,Yes,Yes,Yes,Month-to-month,Yes,Electronic check,99.04,2097.48,Yes
1824-MYVAQ,Female,0,No,No,1,Yes,No,Fiber optic,Yes,No,No,No,Yes,No,Month-to-month,Yes,Electronic check,84.71,100.84,Yes
9148-KEAKV,Male,0,Yes,No,6,Yes,No,DSL,No,No,No,No,Yes,No,Month-to-month,Yes,Electronic check,53.71,334.82,Yes
1746-MLDMJ,Female,0,No,No,15,Yes,No,Fiber optic,No,Yes,Yes,No,Yes,No,Month-to-month,No,Mailed check,80.68,1210.07,No
1462-GAVNE,Male,0,No,Yes,43,Yes,No,DSL,No,Yes,Yes,No,No,No,Month-to-month,Yes,Electronic check,55.34,2388.53,No
9680-CQJFP,Female,0,Yes,No,64,No,No phone service,No,No internet service,No internet service,No internet service,No internet service,No internet service,No internet service,Month-to-month,Yes,Credit card (automatic),20.38,1316.2,No
6464-VPQSV,Female,0,Yes,No,72,No,No phone service,DSL,No,No,No,No,No,Yes,Month-to-month,Yes,Electronic check,49.28,3551.4,No
5070-SYRCT,Male,0,Yes,Yes,70,Yes,No,Fiber optic,Yes,Yes,Yes,No,Yes,No,One year,No,Credit card (automatic),90.86,6343.87,No
2266-UKPPH,Male,0,Yes,No,68,Yes,Yes,Fiber optic,Yes,No,No,Yes,Yes,No,Two year,No,Mailed check,86.17,5855.96,No
4116-XGLVE,Female,0,Yes,No,60,No,No phone service,Fiber optic,No,Yes,Yes,No,Yes,Yes,Two year,No,Bank transfer (automatic),99.81,5979.58,No
8555-KXDYX,Female,0,No,Yes,29,Yes,No,DSL,No,No,Yes,Yes,Yes,No,One year,No,Bank transfer (automatic),67.52,1952.99,No
6934-FSMFT,Female,1,Yes,Yes,41,No,No phone service,Fiber optic,No,No,Yes,No,No,Yes,Two year,Yes,Electronic check,81.75,3334.75,No
1992-PDNRV,Female,0,No,Yes,24,Yes,Yes,Fiber optic,No,No,No,Yes,Yes,Yes,Month-to-month,Yes,Credit card (automatic),83.44,1990.44,Yes
2556-KCVKS,Female,0,Yes,No,70,Yes,Yes,No,No internet service,No internet service,No internet service,No internet service,No internet service,No internet service,Two year,Yes,Credit card (automatic),18.25,1260.26,No
9540-XQFET,Male,0,No,No,56,Yes,Yes,Fiber optic,No,No,No,No,Yes,Yes,Two year,Yes,Electronic check,73.66,4130.45,No
1694-EEDSJ,Male,0,Yes,Yes,31,Yes,No,DSL,Yes,No,Yes,No,No,No,One year,Yes,Mailed check,51.26,1612.8,No
3287-QYBWJ,Female,0,Yes,No,49,Yes,No,Fiber optic,Yes,Yes,No,No,No,No,One year,Yes,Mailed check,87.93,4293.66,Yes
9041-KHMLZ,Male,0,No,Yes,9,Yes,No,Fiber optic,No,Yes,No,Yes,No,Yes,Month-to-month,Yes,Bank transfer (automatic),85.92,776.59,No
6477-JYCGW,Male,0,Yes,No,21,Yes,Yes,No,No internet service,No internet service,No internet service,No internet service,No internet service,No internet service,Two year,No,Mailed check,21.81,451.19,No
8431-YMEZP,Male,0,No,Yes,40,Yes,Yes,Fiber optic,Yes,No,No,Yes,Yes,No,Month-to-month,Yes,Bank transfer (automatic),86.23,3454.54,No
2565-ELZAU,Female,0,No,No,46,Yes,No,DSL,Yes,No,No,Yes,No,Yes,Two year,Yes,Mailed check,57.91,2665.08,No
7696-KSQWK,Male,0,No,No,13,Yes,Yes,No,No internet service,No internet service,No internet service,No internet service,No internet service,No internet service,Month-to-month,Yes,Electronic check,18.79,241.02,No
1600-WAPYP,Female,0,Yes,No,2,Yes,Yes,DSL,No,Yes,Yes,No,Yes,Yes,Month-to-month,No,Mailed check,67.34,135.1,No
1739-BWRUA,Male,0,Yes,Yes,52,Yes,Yes,DSL,Yes,No,Yes,No,No,Yes,Month-to-month,No,Bank transfer (automatic),63.82,3310.38,No
8934-KKMXC,Female,0,No,Yes,15,Yes,Yes,DSL,No,No,No,No,Yes,Yes,Two year,No,Bank transfer (automatic),61.1,922.02,No
5076-WZQBZ,Male,0,No,No,60,Yes,No,No,No internet service,No internet service,No internet service,No internet service,No internet service,No internet service,Month-to-month,Yes,Mailed check,18.4,1120.67,No
6376-XWCHX,Female,0,Yes,Yes,27,Yes,Yes,No,No internet service,No internet service,No internet service,No internet service,No internet service,No internet service,Month-to-month,Yes,Credit card (automatic),25.45,702.95,Yes
1829-NXRJL,Female,1,Yes,No,34,Yes,No,DSL,Yes,No,No,No,No,No,Two year,No,Mailed check,54.41,1850.16,No
9880-RHVPQ,Male,0,Yes,No,1,Yes,Yes,Fiber optic,Yes,No,Yes,No,No,No,Month-to-month,Yes,Mailed check,82.14,90.62,Yes
4511-XHZQP,Female,0,No,No,60,Yes,No,Fiber optic,Yes,No,No,No,Yes,Yes,Month-to-month,No,Mailed check,84.13,5043.46,No
1874-BZRZU,Female,0,Yes,No,55,Yes,No,Fiber optic,No,No,No,Yes,Yes,Yes,One year,Yes,Bank transfer (automatic),91.28,5023.13,Yes
9788-CHTSV,Female,1,No,No,54,Yes,Yes,DSL,No,Yes,Yes,No,No,Yes,Two year,Yes,Electronic check,63.53,3430.45,No
4499-ACJGM,Female,0,Yes,No,17,Yes,Yes,DSL,Yes,Yes,Yes,No,No,No,One year,Yes,Bank transfer (automatic),66.21,1126.45,No
2353-YLZEZ,Female,0,Yes,No,70,Yes,Yes,Fiber optic,Yes,No,Yes,No,Yes,Yes,Month-to-month,Yes,Mailed check,94.69,6632.15,No
2583-NFNWJ,Female,0,Yes,No,48,Yes,No,No,No internet service,No internet service,No internet service,No internet service,No internet service,No internet service,Two year,Yes,Bank transfer (automatic),18.25,881.13,No
6302-ZKHDN,Female,0,No,No,41,Yes,No,DSL,No,No,Yes,Yes,No,Yes,Month-to-month,Yes,Electronic check,55.38,2277.33,Yes
7814-YPMEF,Female,0,Yes,Yes,6,Yes,No,DSL,No,No,Yes,No,No,No,Month-to-month,No,Electronic check,49.81,294.07,Yes
8440-HMEDG,Male,0,Yes,No,3,Yes,Yes,DSL,No,No,No,No,No,Yes,One year,Yes,Mailed check,50.62,155.57,Yes
6216-SMEHM,Male,0,Yes,Yes,42,Yes,No,Fiber optic,No,No,Yes,Yes,No,No,One year,No,Electronic check,85.91,3606.26,No
1312-WNVMQ,Female,0,Yes,No,58,No,No phone service,DSL,No,Yes,Yes,Yes,Yes,No,Month-to-month,No,Electronic check,76.43,4434.6,No
6214-JFHNH,Female,0,Yes,Yes,48,Yes,Yes,No,No internet service,No internet service,No internet service,No internet service,No internet service,No internet service,Two year,Yes,Electronic check,18.25,870.93,No
8282-BGTUR,Male,0,No,No,59,Yes,No,Fiber optic,No,No,No,No,No,Yes,Month-to-month,Yes,Mailed check,78.22,4613.07,No
5584-MRKMY,Male,0,No,No,5,No,No phone service,Fiber optic,No,No,No,No,Yes,Yes,Two year,Yes,Electronic check,80.04,377.0,No
3581-RVCUV,Male,0,Yes,No,19,Yes,Yes,DSL,Yes,No,Yes,No,No,Yes,Month-to-month,Yes,Bank transfer (automatic),59.57,1145.64,No
9003-LGQVJ,Female,0,No,No,30,Yes,Yes,DSL,No,No,Yes,Yes,Yes,Yes,Month-to-month,Yes,Mailed check,75.81,2270.96,No
6145-KFSCK,Male,0,Yes,Yes,21,Yes,No,Fiber optic,No,No,Yes,Yes,No,No,Two year,Yes,Electronic check,77.42,1639.9,No
3615-XSWTN,Female,0,Yes,No,31,Yes,No,No,No internet service,No internet service,No internet service,No internet service,No internet service,No internet service,Month-to-month,Yes,Credit card (automatic),19.24,597.09,Yes
3060-AZKCB,Female,0,No,No,46,Yes,No,DSL,No,No,No,No,No,Yes,Two year,Yes,Bank transfer (automatic),56.4,2595.76,No
3495-MPHBR,Male,0,No,No,33,Yes,Yes,DSL,No,Yes,No,No,No,No,Month-to-month,No,Electronic check,56.47,1881.27,No
7577-EKJDP,Female,0,No,No,26,Yes,No,DSL,No,Yes,Yes,No,No,No,Two year,No,Electronic check,62.05,1624.96,No
1579-ZXWWS,Female,0,Yes,No,43,No,No phone service,Fiber optic,No,No,No,No,Yes,No,Two year,Yes,Mailed check,76.87,3286.57,No
5603-CKHHB,Female,0,Yes,No,29,Yes,No,DSL,Yes,No,No,Yes,No,Yes,One year,Yes,Electronic check,68.1,1990.5,No
5787-ENUAN,Female,0,No,No,32,Yes,Yes,DSL,No,No,No,No,Yes,No,Month-to-month,No,Mailed check,52.01,1652.78,No
5233-ZETMC,Male,0,No,Yes,26,Yes,Yes,Fiber optic,No,No,No,No,Yes,No,Month-to-month,Yes,Electronic check,76.98,2005.17,Yes
8025-GCVZH,Male,0,Yes,No,55,No,No phone service,Fiber optic,No,No,No,Yes,No,No,Two year,Yes,Mailed check,70.08,3864.77,No
4223-WLTJT,Female,0,No,No,22,No,No phone service,DSL,No,No,No,No,Yes,Yes,Month-to-month,Yes,Mailed check,60.41,1331.27,Yes
1232-BEWQX,Female,0,No,Yes,42,Yes,Yes,Fiber optic,No,Yes,Yes,No,No,Yes,One year,Yes,Mailed check,80.43,3368.04,Yes
4516-PAYBG,Male,0,Yes,No,53,Yes,No,DSL,No,No,No,Yes,No,Yes,Month-to-month,Yes,Electronic check,52.24,2776.17,No
7043-WGZSH,Female,0,No,Yes,67,Yes,No,DSL,No,Yes,Yes,No,Yes,No,Two year,No,Bank transfer (automatic),68.4,4582.1,No
9168-MZLSG,Male,0,No,Yes,52,Yes,Yes,Fiber optic,No,Yes,No,Yes,Yes,No,One year,Yes,Credit card (automatic),86.15,4495.18,No
9117-AEEKJ,Female,1,Yes,No,39,Yes,No,Fiber optic,No,No,Yes,Yes,Yes,No,Month-to-month,Yes,Electronic check,97.97,3826.46,Yes
2305-YWLMV,Female,0,No,No,59,No,No phone service,No,No internet service,No internet service,No internet service,No internet service,No internet service,No internet service,Two year,No,Electronic check,19.81,1174.42,No
4690-LBSHC,Male,0,Yes,Yes,8,Yes,Yes,No,No internet service,No internet service,No internet service,No internet service,No internet service,No internet service,Two year,Yes,Credit card (automatic),20.47,169.75,Yes
4154-HVXHR,Male,0,Yes,No,9,Yes,No,Fiber optic,No,No,Yes,No,No,Yes,One year,No,Mailed check,81.55,743.39,No
4794-XCVUR,Male,0,No,No,9,Yes,No,Fiber optic,No,No,No,Yes,Yes,No,One year,No,Bank transfer (automatic),81.34,731.42,No
5489-TUWDG,Male,0,No,Yes,29,Yes,No,Fiber optic,Yes,No,No,Yes,No,Yes,Two year,Yes,Bank transfer (automatic),92.59,2695.12,No
8361-GQLFV,Female,0,No,No,9,Yes,No,Fiber optic,No,Yes,No,No,Yes,No,Month-to-month,Yes,Credit card (automatic),85.54,793.3,Yes
3256-EXQJY,Male,0,No,No,57,Yes,No,DSL,No,No,Yes,No,No,No,Two year,No,Mailed check,49.51,2836.76,No
5939-ACMYG,Female,0,No,No,35,Yes,Yes,Fiber optic,No,Yes,Yes,No,No,No,Month-to-month,No,Bank transfer (automatic),85.0,2980.53,No
8098-HYTAT,Male,0,No,Yes,43,Yes,No,No,No internet service,No internet service,No internet service,No internet service,No internet service,No internet service,One year,Yes,Electronic check,21.7,933.5,No
3236-TRGEW,Male,0,Yes,No,56,Yes,No,Fiber optic,No,No,Yes,Yes,No,No,Month-to-month,Yes,Electronic check,77.85,4357.27,No
7201-LYWGL,Female,0,No,Yes,42,Yes,Yes,Fiber optic,No,No,No,No,Yes,No,Month-to-month,Yes,Bank transfer (automatic),78.51,3293.78,Yes
4040-VTJNH,Male,0,No,Yes,22,Yes,No,Fiber optic,No,No,No,Yes,Yes,Yes,Month-to-month,Yes,Bank transfer (automatic),93.13,2058.66,Yes
9428-VWBAH,Male,1,Yes,No,3,Yes,Yes,Fiber optic,Yes,Yes,No,No,No,No,One year,Yes,Electronic check,82.7,245.73,No
4396-PKGNQ,Male,0,No,Yes,11,Yes,No,Fiber optic,No,No,Yes,Yes,No,No,One year,No,Bank transfer (automatic),82.91,910.13,No
8457-HLMAR,Male,0,No,Yes,48,Yes,No,Fiber optic,No,Yes,No,No,Yes,No,Month-to-month,No,Electronic check,86.19,4118.39,No
4525-RJLMX,Female,0,No,No,23,Yes,No,Fiber optic,No,Yes,No,Yes,No,Yes,Two year,Yes,Electronic check,93.31,2156.37,No
6798-LYBVB,Female,0,Yes,No,12,Yes,Yes,No,No internet service,No internet service,No internet service,No internet service,No internet service,No internet service,Two year,No,Credit card (automatic),22.97,282.43,No
2043-YTWGF,Male,0,No,Yes,67,Yes,No,Fiber optic,No,Yes,Yes,No,Yes,Yes,Month-to-month,Yes,Credit card (automatic),91.91,6163.39,Yes
1112-QTYQE,Male,1,Yes,No,71,Yes,No,Fiber optic,Yes,No,No,Yes,No,No,One year,Yes,Bank transfer (automatic),85.6,6082.16,No
9542-GYEPM,Male,0,Yes,Yes,33,Yes,No,Fiber optic,No,Yes,No,No,No,No,Month-to-month,Yes,Credit card (automatic),74.87,2482.43,No
9827-GTRDE,Female,1,No,No,8,Yes,Yes,Fiber optic,Yes,No,No,Yes,No,Yes,Month-to-month,No,Electronic check,95.29,750.8,Yes
1859-CCUTX,Female,0,No,Yes,9,Yes,No,No,No internet service,No internet service,No internet service,No internet service,No internet service,No internet service,Two year,No,Credit card (automatic),24.6,208.93,No
5496-MAKSL,Female,0,Yes,No,64,Yes,Yes,DSL,No,No,Yes,No,Yes,No,Month-to-month,No,Mailed check,57.59,3684.87,No
5290-UTWJG,Female,1,Yes,No,71,Yes,No,Fiber optic,No,Yes,No,No,Yes,No,One year,No,Electronic check,86.91,6170.72,No
8930-GZEFM,Male,0,No,Yes,53,Yes,No,Fiber optic,No,No,No,No,No,No,One year,No,Bank transfer (automatic),67.69,3594.6,No
8554-JNTBL,Male,0,No,No,42,Yes,No,Fiber optic,No,No,No,No,Yes,Yes,Month-to-month,Yes,Credit card (automatic),80.99,3398.61,Yes
2092-SLEXF,Male,0,No,No,58,No,No phone service,No,No internet service,No internet service,No internet service,No internet service,No internet service,No internet service,Month-to-month,Yes,Electronic check,19.29,1109.01,No
3474-JCQLX,Female,1,No,No,58,Yes,No,DSL,No,No,No,No,No,No,Month-to-month,No,Mailed check,46.28,2688.52,No
3794-QCHWP,Male,0,Yes,No,66,Yes,No,Fiber optic,Yes,Yes,No,No,No,Yes,Two year,Yes,Electronic check,84.25,5565.74,No
7102-FRPTJ,Female,1,Yes,No,60,Yes,No,No,No internet service,No internet service,No internet service,No internet service,No internet service,No internet service,One year,No,Electronic check,19.4,1171.63,Yes
4240-DYXAP,Female,0,Yes,No,37,Yes,Yes,DSL,Yes,Yes,No,No,No,No,Month-to-month,No,Electronic check,58.93,2177.53,Yes
3950-XLFDP,Male,0,Yes,No,7,Yes,No,DSL,No,Yes,No,No,Yes,No,One year,No,Bank transfer (automatic),57.16,402.72,No
9874-FVYNR,Male,0,Yes,No,64,Yes,Yes,DSL,Yes,No,No,No,Yes,Yes,Month-to-month,Yes,Electronic check,57.22,3643.5,No
4433-HLUKJ,Male,0,Yes,No,4,Yes,No,No,No internet service,No internet service,No internet service,No internet service,No internet service,No internet service,Two year,Yes,Credit card (automatic),21.94,88.58,No
6125-SVGZV,Female,1,No,No,42,Yes,Yes,DSL,No,Yes,No,No,No,No,Two year,Yes,Credit card (automatic),54.13,2291.5,No
9628-JZNAZ,Female,0,Yes,No,59,Yes,Yes,DSL,Yes,Yes,No,No,No,No,Month-to-month,No,Bank transfer (automatic),59.54,3518.84,No
7855-SJJVZ,Male,0,No,No,25,Yes,No,DSL,No,No,No,Yes,Yes,Yes,One year,No,Bank transfer (automatic),68.08,1693.39,No
8783-MKJDM,Male,0,No,No,10,Yes,No,Fiber optic,No,Yes,Yes,No,No,No,Month-to-month,Yes,Electronic check,76.66,756.95,Yes
9667-PNLJL,Female,0,No,Yes,33,Yes,Yes,Fiber optic,No,No,No,No,No,No,Month-to-month,Yes,Credit card (automatic),68.78,2276.87,Yes
6586-GCKRK,Male,0,No,No,1,Yes,Yes,DSL,No,No,Yes,Yes,No,Yes,Month-to-month,Yes,Credit card (automatic),59.48,70.84,No
3506-TBVAQ,Female,1,No,No,20,Yes,Yes,No,No internet service,No internet service,No internet service,No internet service,No internet service,No internet service,One year,Yes,Electronic check,18.25,352.13,No
6404-PGDUA,Female,1,Yes,No,25,Yes,No,DSL,Yes,Yes,Yes,No,No,No,Month-to-month,Yes,Bank transfer (automatic),64.16,1589.49,Yes
9241-DNPKU,Male,0,Yes,No,72,No,No phone service,DSL,No,No,No,No,No,Yes,One year,Yes,Electronic check,50.37,3618.16,No
1988-GVPJQ,Male,1,Yes,No,4,Yes,No,Fiber optic,No,No,Yes,No,No,No,Month-to-month,Yes,Electronic check,70.06,292.93,Yes
1914-TUNGP,Male,1,Yes,No,8,Yes,Yes,Fiber optic,No,Yes,Yes,No,No,Yes,Month-to-month,Yes,Credit card (automatic),79.55,646.94,Yes
2552-HANQT,Male,0,No,No,49,Yes,No,Fiber optic,No,No,No,No,Yes,No,Month-to-month,No,Mailed check,73.22,3580.22,No
9347-TTPKH,Female,0,No,No,9,Yes,No,No,No internet service,No internet service,No internet service,No internet service,No internet service,No internet service,Month-to-month,No,Mailed check,27.52,261.3,Yes
2803-ZGZRF,Female,1,No,Yes,57,Yes,Yes,Fiber optic,Yes,No,No,Yes,No,Yes,Month-to-month,Yes,Electronic check,89.28,5085.08,No
8440-XQEPX,Female,0,Yes,No,9,Yes,Yes,No,No internet service,No internet service,No internet service,No internet service,No internet service,No internet service,One year,No,Bank transfer (automatic),21.95,211.46,No
2601-ZSDNM,Male,1,No,No,35,Yes,No,DSL,Yes,No,No,No,No,Yes,Month-to-month,Yes,Electronic check,54.93,1931.9,No
3163-DSMUB,Female,0,Yes,No,55,Yes,No,No,No internet service,No internet service,No internet service,No internet service,No internet service,No internet service,One year,No,Credit card (automatic),21.09,1179.23,No
4854-WLWVC,Male,0,No,No,61,No,No phone service,DSL,Yes,Yes,No,No,Yes,No,Two year,Yes,Mailed check,58.13,3533.25,No
8871-YGBLG,Male,0,Yes,No,36,Yes,No,Fiber optic,Yes,No,Yes,Yes,Yes,No,Two year,No,Credit card (automatic),90.42,3261.15,No
4175-XXFVN,Male,0,Yes,Yes,40,Yes,Yes,DSL,Yes,No,Yes,No,Yes,No,Month-to-month,Yes,Mailed check,64.23,2557.95,No
6904-XVVPJ,Male,0,Yes,No,47,Yes,Yes,DSL,Yes,Yes,Yes,Yes,Yes,No,Month-to-month,Yes,Electronic check,81.38,3809.32,No
9505-RAYLU,Male,0,No,Yes,21,Yes,Yes,No,No internet service,No internet service,No internet service,No internet service,No internet service,No internet service,Month-to-month,Yes,Electronic check,18.25,384.94,No
4838-STDGA,Male,0,Yes,No,60,Yes,Yes,Fiber optic,No,Yes,No,Yes,No,Yes,One year,Yes,Mailed check,86.69,5194.86,Yes
3434-GGGDQ,Female,0,Yes,Yes,47,Yes,No,DSL,Yes,No,Yes,No,Yes,No,Month-to-month,Yes,Credit card (automatic),71.11,3330.59,No
5037-FYXUP,Male,0,No,No,63,Yes,No,DSL,No,No,Yes,Yes,No,No,Month-to-month,Yes,Credit card (automatic),61.3,3868.59,Yes
4422-PBEJE,Female,1,No,No,36,Yes,No,No,No internet service,No internet service,No internet service,No internet service,No internet service,No internet service,Month-to-month,Yes,Credit card (automatic),18.25,650.52,No
1706-DFUEU,Female,0,Yes,Yes,40,Yes,Yes,Fiber optic,No,Yes,Yes,No,Yes,No,Month-to-month,No,Electronic check,88.33,3527.68,Yes
2028-ZZEZY,Male,0,No,No,4,Yes,Yes,Fiber optic,No,Yes,Yes,No,No,Yes,Month-to-month,Yes,Bank transfer (automatic),81.82,320.76,Yes
4702-FZBKT,Male,0,Yes,Yes,51,Yes,Yes,No,No internet service,No internet service,No internet service,No internet service,No internet service,No internet service,Month-to-month,Yes,Electronic check,18.25,928.33,Yes
6921-KSLDH,Male,0,Yes,Yes,16,Yes,No,No,No internet service,No internet service,No internet service,No internet service,No internet service,No internet service,Month-to-month,Yes,Credit card (automatic),18.86,306.38,Yes
8576-HCZMN,Female,0,Yes,No,61,Yes,No,Fiber optic,Yes,Yes,No,Yes,Yes,Yes,Month-to-month,Yes,Mailed check,103.05,6306.6,Yes
8365-BUUZS,Male,0,Yes,No,51,Yes,Yes,Fiber optic,Yes,No,No,No,No,Yes,Two year,Yes,Credit card (automatic),74.46,3788.57,Yes
6415-FTBEQ,Female,0,No,Yes,19,Yes,No,DSL,Yes,Yes,Yes,Yes,Yes,No,Month-to-month,No,Electronic check,67.23,1280.02,Yes
7337-CYVBZ,Male,0,No,No,15,Yes,No,Fiber optic,No,No,No,Yes,No,No,Month-to-month,No,Electronic check,76.48,1163.05,Yes
8858-TCHVW,Male,0,Yes,No,6,Yes,No,No,No internet service,No internet service,No internet service,No internet service,No internet service,No internet service,Two year,No,Electronic check,22.15,130.06,No
7240-WCPBQ,Female,1,No,Yes,65,Yes,Yes,No,No internet service,No internet service,No internet service,No internet service,No internet service,No internet service,Two year,Yes,Bank transfer (automatic),20.86,1365.8,No
8229-DFXGV,Female,0,No,No,11,Yes,No,Fiber optic,No,No,Yes,No,No,Yes,Month-to-month,Yes,Credit card (automatic),81.85,901.41,Yes
6112-WEYLP,Male,1,Yes,No,42,Yes,Yes,Fiber optic,No,Yes,Yes,No,Yes,Yes,Month-to-month,No,Electronic check,94.55,3969.68,Yes
6357-ARBQW,Female,1,Yes,No,39,Yes,No,Fiber optic,No,Yes,No,No,Yes,Yes,Month-to-month,No,Electronic check,91.47,3563.66,Yes
9393-GHVGZ,Female,1,No,No,0,Yes,Yes,No,No internet service,No internet service,No internet service,No internet service,No internet service,No internet service,Month-to-month,Yes,Electronic check,21.46, ,Yes
1149-CTWVD,Female,1,No,No,57,Yes,No,DSL,No,No,Yes,Yes,Yes,No,Month-to-month,No,Electronic check,58.35,3323.65,No
8325-VXEDJ,Female,0,No,No,2,Yes,No,Fiber optic,Yes,Yes,Yes,No,Yes,Yes,Month-to-month,No,Electronic check,114.06,241.15,Yes
8363-GBBZR,Female,0,No,No,7,Yes,No,Fiber optic,No,No,No,No,Yes,No,One year,No,Electronic check,74.94,523.56,No
8839-ULRXB,Male,0,Yes,No,60,Yes,Yes,No,No internet service,No internet service,No internet service,No internet service,No internet service,No internet service,Month-to-month,No,Electronic check,18.25,1080.37,No
4483-DBBEG,Male,0,No,Yes,4,Yes,No,DSL,No,Yes,Yes,No,Yes,No,Month-to-month,No,Bank transfer (automatic),56.1,227.22,Yes
7337-FJUSY,Female,0,Yes,No,25,Yes,No,No,No internet service,No internet service,No internet service,No internet service,No internet service,No internet service,Month-to-month,Yes,Credit card (automatic),21.25,521.78,No
8643-HKQZB,Male,0,No,No,72,Yes,Yes,DSL,No,No,No,Yes,No,Yes,Month-to-month,No,Bank transfer (automatic),56.08,4051.98,Yes
4888-PGFDQ,Male,1,No,No,16,Yes,No,DSL,Yes,No,No,No,No,Yes,Two year,No,Electronic check,60.96,967.2,No
9604-UQGTX,Female,1,Yes,No,65,Yes,Yes,Fiber optic,No,Yes,No,No,No,No,Month-to-month,Yes,Electronic check,74.32,4823.49,Yes
3709-RVCBJ,Male,0,Yes,No,50,No,No phone service,No,No internet service,No internet service,No internet service,No internet service,No internet service,No internet service,Two year,No,Electronic check,20.28,1010.96,No
3971-KREST,Female,0,No,Yes,46,Yes,Yes,Fiber optic,No,No,No,No,No,Yes,One year,Yes,Mailed check,73.01,3360.49,No
1809-PBWJY,Female,1,Yes,No,39,Yes,No,DSL,No,No,Yes,No,Yes,Yes,Month-to-month,No,Electronic check,62.37,2424.66,Yes
3246-GWMUJ,Male,0,No,Yes,26,Yes,Yes,DSL,No,Yes,No,No,Yes,No,Two year,Yes,Credit card (automatic),58.36,1528.37,No
5448-XBUMG,Female,0,No,No,39,Yes,Yes,DSL,No,No,No,Yes,Yes,Yes,Month-to-month,No,Electronic check,57.24,2241.32,Yes
3748-HJFYZ,Female,0,No,No,0,Yes,No,DSL,No,No,No,No,Yes,No,Two year,No,Bank transfer (automatic),48.49, ,No
4723-FZRPE,Female,0,Yes,Yes,45,Yes,No,Fiber optic,No,Yes,No,Yes,No,Yes,One year,Yes,Electronic check,95.4,4296.42,Yes
6706-HTMZE,Female,0,No,No,10,Yes,Yes,Fiber optic,No,No,Yes,Yes,No,Yes,One year,Yes,Mailed check,91.29,917.01,No
3323-RSRKD,Female,1,No,No,38,Yes,Yes,Fiber optic,Yes,No,No,No,Yes,No,Month-to-month,Yes,Electronic check,80.1,3034.19,Yes
8241-MRGXX,Male,0,No,No,17,Yes,No,DSL,No,No,No,Yes,No,No,Month-to-month,Yes,Electronic check,55.38,959.66,No
7131-YLRKC,Male,0,No,Yes,46,Yes,Yes,No,No internet service,No internet service,No internet service,No internet service,No internet service,No internet service,One year,Yes,Electronic check,18.82,864.57,No
2133-YVEWH,Female,0,No,No,20,Yes,Yes,Fiber optic,Yes,No,No,Yes,Yes,No,Month-to-month,No,Electronic check,79.56,1605.95,No
4946-NUGDQ,Female,0,No,No,27,Yes,No,Fiber optic,Yes,Yes,No,Yes,Yes,Yes,Month-to-month,Yes,Electronic check,98.17,2659.32,Yes
4958-SBRCJ,Male,1,Yes,No,0,Yes,No,Fiber optic,No,No,No,Yes,Yes,No,One year,Yes,Mailed check,80.94, ,Yes
6630-PYELJ,Female,0,No,No,13,Yes,Yes,DSL,Yes,Yes,Yes,No,No,No,Month-to-month,Yes,Mailed check,69.3,901.35,No
6299-HPNBN,Male,0,Yes,No,19,Yes,Yes,DSL,Yes,No,No,No,No,No,Two year,Yes,Electronic check,50.87,978.51,No
5061-YQJHL,Female,0,Yes,No,72,Yes,Yes,DSL,Yes,Yes,Yes,Yes,Yes,No,Month-to-month,Yes,Electronic check,69.05,4981.75,No
6086-CYARB,Female,0,Yes,No,44,Yes,No,Fiber optic,Yes,No,No,Yes,No,No,Month-to-month,Yes,Bank transfer (automatic),82.83,3647.14,No
9153-LCJBA,Female,0,No,No,60,Yes,No,DSL,No,Yes,Yes,No,No,No,Two year,No,Electronic check,60.35,3630.16,No
3076-TRBVX,Female,0,No,No,26,Yes,Yes,Fiber optic,Yes,No,No,No,Yes,No,Month-to-month,No,Credit card (automatic),85.7,2224.22,Yes
8939-JFRFJ,Female,0,No,No,55,Yes,No,Fiber optic,No,Yes,No,No,No,Yes,Two year,Yes,Mailed check,82.92,4545.99,No
8126-TYVQD,Female,0,Yes,No,51,Yes,No,Fiber optic,No,No,Yes,Yes,Yes,No,One year,Yes,Electronic check,93.53,4773.41,No
1367-WUAAT,Female,0,Yes,No,67,Yes,No,Fiber optic,No,Yes,No,No,Yes,No,Two year,Yes,Credit card (automatic),81.39,5454.92,No
9352-ZPMGY,Male,1,Yes,No,36,Yes,No,DSL,Yes,No,Yes,No,No,No,Month-to-month,No,Mailed check,61.34,2192.91,No
1341-YFXHS,Male,1,No,No,30,Yes,No,No,No internet service,No internet service,No internet service,No internet service,No internet service,No internet service,One year,No,Bank transfer (automatic),22.8,682.88,No
1263-XRRHY,Male,0,Yes,No,48,Yes,Yes,Fiber optic,No,No,No,No,No,Yes,Month-to-month,No,Mailed check,75.72,3627.5,Yes
7540-MYHWC,Female,0,Yes,Yes,52,Yes,Yes,Fiber optic,No,Yes,Yes,No,No,No,Month-to-month,No,Bank transfer (automatic),86.75,4493.17,Yes
3132-QZRCJ,Female,0,Yes,No,38,Yes,No,Fiber optic,Yes,No,Yes,Yes,No,Yes,Two year,No,Electronic check,103.02,3909.57,No
4194-FZQLM,Female,1,No,Yes,9,No,No phone service,Fiber optic,No,No,Yes,No,No,Yes,Month-to-month,Yes,Mailed check,80.27,725.46,No
9893-GNYDH,Female,0,No,Yes,8,Yes,Yes,Fiber optic,No,Yes,Yes,Yes,No,Yes,One year,No,Electronic check,92.08,723.9,No
9012-MVQQB,Female,0,No,Yes,12,Yes,Yes,Fiber optic,No,No,No,No,No,Yes,Month-to-month,Yes,Bank transfer (automatic),72.51,862.37,Yes
3993-YHKAV,Female,0,Yes,No,17,Yes,No,No,No internet service,No internet service,No internet service,No internet service,No internet service,No internet service,Two year,No,Bank transfer (automatic),18.25,316.45,No
7539-BTDDP,Female,0,Yes,No,11,Yes,No,Fiber optic,No,No,No,No,Yes,No,One year,Yes,Credit card (automatic),81.22,895.27,Yes
6209-BYEYU,Male,0,Yes,Yes,71,Yes,Yes,No,No internet service,No internet service,No internet service,No internet service,No internet service,No internet service,Two year,Yes,Credit card (automatic),18.25,1309.02,No
6764-TMJVQ,Female,0,Yes,No,4,No,No phone service,Fiber optic,No,No,No,Yes,No,Yes,Month-to-month,Yes,Electronic check,86.27,342.5,Yes
4322-VLLQG,Male,0,Yes,Yes,6,No,No phone service,Fiber optic,No,No,Yes,No,No,Yes,One year,No,Mailed check,81.58,492.21,No
9396-JNUJZ,Male,0,Yes,No,14,Yes,No,DSL,No,Yes,Yes,No,No,Yes,Month-to-month,No,Bank transfer (automatic),73.02,1004.75,Yes
6636-XJAKR,Female,0,Yes,No,66,Yes,No,Fiber optic,Yes,Yes,Yes,No,No,No,One year,No,Bank transfer (automatic),97.01,6387.21,Yes
1120-MDZDK,Female,0,Yes,Yes,17,No,No phone service,DSL,No,No,No,Yes,No,Yes,Month-to-month,Yes,Mailed check,50.44,860.41,No
5818-NWNGY,Male,0,Yes,Yes,37,Yes,Yes,Fiber optic,Yes,Yes,Yes,Yes,No,No,Month-to-month,No,Electronic check,83.23,3097.64,No
7641-HJHKA,Male,0,No,No,25,Yes,No,DSL,No,Yes,No,Yes,No,No,One year,No,Mailed check,54.48,1379.17,No
2512-FJWVQ,Female,1,No,No,37,Yes,No,Fiber optic,No,No,No,Yes,No,Yes,Month-to-month,Yes,Credit card (automatic),84.46,3106.69,Yes
4929-GLBLM,Female,0,No,Yes,58,Yes,No,DSL,Yes,No,Yes,Yes,No,No,Month-to-month,Yes,Mailed check,60.59,3528.88,Yes
8185-HLXHP,Male,0,Yes,No,51,Yes,No,No,No internet service,No internet service,No internet service,No internet service,No internet service,No internet service,Month-to-month,No,Electronic check,18.25,916.51,No
4935-TAXBY,Female,0,Yes,No,32,Yes,Yes,Fiber optic,Yes,Yes,Yes,Yes,Yes,No,Month-to-month,No,Mailed check,96.02,3084.72,Yes
1732-YCAYD,Female,1,No,No,20,Yes,No,No,No internet service,No internet service,No internet service,No internet service,No internet service,No internet service,Two year,No,Mailed check,26.36,522.48,No
3432-CMTSB,Female,0,Yes,No,16,Yes,Yes,Fiber optic,Yes,No,No,No,No,Yes,Month-to-month,Yes,Bank transfer (automatic),85.05,1359.68,No
2025-VAXZB,Male,0,No,No,61,Yes,Yes,No,No internet service,No internet service,No internet service,No internet service,No internet service,No internet service,Month-to-month,Yes,Electronic check,22.99,1410.68,No
2451-FKVZR,Male,1,No,No,58,Yes,No,DSL,No,No,No,Yes,No,Yes,Two year,Yes,Bank transfer (automatic),64.76,3763.01,No
8152-AUKGE,Male,0,No,No,1,Yes,No,Fiber optic,No,No,No,No,No,Yes,Two year,No,Electronic check,74.24,81.05,No
8762-DMXVH,Female,0,No,No,63,Yes,No,Fiber optic,No,No,Yes,No,Yes,Yes,Month-to-month,Yes,Bank transfer (automatic),88.57,5583.94,No
5296-VTUYN,Female,0,No,Yes,24,Yes,No,DSL,No,Yes,No,No,No,Yes,Month-to-month,No,Mailed check,60.65,1466.29,No
2778-PYWCN,Male,0,No,No,40,Yes,No,Fiber optic,No,Yes,No,No,Yes,Yes,Month-to-month,No,Credit card (automatic),89.88,3592.83,No
9890-FJKUK,Male,1,Yes,Yes,18,No,No phone service,DSL,Yes,No,Yes,No,Yes,No,Two year,Yes,Mailed check,64.99,1179.81,No
8042-GQVDS,Male,0,Yes,Yes,37,Yes,Yes,Fiber optic,Yes,No,No,Yes,No,No,Month-to-month,No,Electronic check,80.76,2979.6,Yes
7381-QGASG,Female,0,Yes,No,24,Yes,No,DSL,No,No,No,Yes,Yes,Yes,Month-to-month,No,Mailed check,54.56,1308.06,No
3011-AHPBJ,Male,0,Yes,No,38,Yes,No,DSL,No,No,Yes,No,No,Yes,Two year,No,Mailed check,54.07,2066.85,No
2254-SKRNK,Male,0,Yes,Yes,3,Yes,Yes,DSL,No,No,No,No,Yes,Yes,Month-to-month,No,Electronic check,59.36,180.54,Yes
9493-VAGFE,Female,0,Yes,No,2,Yes,No,No,No internet service,No internet service,No internet service,No internet service,No internet service,No internet service,Month-to-month,Yes,Bank transfer (automatic),18.25,45.55,No
6056-GXDBE,Female,0,No,No,33,Yes,No,Fiber optic,No,Yes,Yes,No,No,Yes,One year,Yes,Bank transfer (automatic),86.81,2868.4,No
2409-CVHYZ,Female,0,Yes,No,9,Yes,No,No,No internet service,No internet service,No internet service,No internet service,No internet service,No internet service,One year,No,Credit card (automatic),19.12,163.52,No
6202-HCJNY,Male,0,Yes,Yes,26,Yes,No,No,No internet service,No internet service,No internet service,No internet service,No internet service,No internet service,Month-to-month,No,Electronic check,18.69,471.58,No
4623-DVBAV,Female,0,Yes,No,0,Yes,No,Fiber optic,Yes,No,No,No,Yes,No,Month-to-month,No,Mailed check,86.14, ,No
2528-ZQTKK,Female,0,No,No,43,Yes,No,Fiber optic,No,No,No,Yes,No,Yes,Two year,No,Electronic check,86.3,3719.83,No
8087-FLWSA,Male,0,Yes,No,51,Yes,No,No,No internet service,No internet service,No internet service,No internet service,No internet service,No internet service,Two year,No,Electronic check,20.98,1067.3,No
6542-KPMSP,Female,0,No,No,24,Yes,No,Fiber optic,No,No,Yes,Yes,Yes,Yes,Month-to-month,Yes,Credit card (automatic),83.81,2005.77,Yes
6973-MCNPW,Male,0,No,No,64,Yes,Yes,No,No internet service,No internet service,No internet service,No internet service,No internet service,No internet service,Two year,No,Credit card (automatic),18.25,1174.64,No
2486-RDLUT,Male,0,No,No,10,Yes,No,Fiber optic,Yes,Yes,No,No,No,No,One year,No,Electronic check,80.11,782.82,No
7425-KXSZQ,Female,0,Yes,No,67,Yes,Yes,Fiber optic,Yes,No,Yes,Yes,Yes,No,Month-to-month,Yes,Mailed check,85.92,5746.25,No
4859-PNPAA,Female,0,No,No,14,Yes,Yes,DSL,Yes,Yes,No,Yes,No,No,Month-to-month,No,Electronic check,58.22,812.18,Yes
8670-EJMUD,Female,0,No,No,56,Yes,Yes,DSL,Yes,No,Yes,No,No,No,Month-to-month,Yes,Bank transfer (automatic),54.84,3089.55,No
5207-FZUJL,Female,1,Yes,Yes,63,Yes,Yes,Fiber optic,Yes,Yes,No,No,No,No,Month-to-month,Yes,Bank transfer (automatic),86.38,5446.57,No
2852-NHUAD,Female,0,Yes,No,10,Yes,Yes,DSL,Yes,No,No,Yes,Yes,No,Month-to-month,No,Mailed check,63.67,635.58,No
5619-HPEEB,Female,0,Yes,No,19,Yes,No,DSL,Yes,No,No,No,Yes,No,Month-to-month,No,Mailed check,58.35,1119.43,Yes
3436-XYESF,Male,0,No,Yes,29,Yes,No,DSL,No,Yes,Yes,No,No,No,One year,No,Bank transfer (automatic),56.97,1637.64,No
1368-KFWRH,Male,0,Yes,No,9,Yes,Yes,Fiber optic,Yes,No,Yes,No,Yes,Yes,Month-to-month,Yes,Mailed check,91.3,818.25,Yes
4624-ADHUB,Female,0,No,No,53,Yes,Yes,Fiber optic,Yes,No,Yes,No,Yes,Yes,One year,Yes,Bank transfer (automatic),98.3,5208.32,No
7903-FUXYU,Male,1,Yes,No,57,Yes,No,No,No internet service,No internet service,No internet service,No internet service,No internet service,No internet service,Month-to-month,No,Bank transfer (automatic),20.53,1167.96,No
1610-DGHAR,Female,0,No,Yes,28,No,No phone service,No,No internet service,No internet service,No internet service,No internet service,No internet service,No internet service,Month-to-month,Yes,Electronic check,21.39,610.59,No
4123-MEPCZ,Male,0,No,No,0,Yes,No,No,No internet service,No internet service,No internet service,No internet service,No internet service,No internet service,Month-to-month,Yes,Bank transfer (automatic),18.25, ,Yes
3872-UVEZB,Male,0,Yes,No,57,Yes,No,Fiber optic,No,Yes,Yes,Yes,Yes,No,One year,Yes,Mailed check,101.76,5810.71,No
8346-QMMWL,Male,0,Yes,No,20,Yes,No,Fiber optic,No,No,No,Yes,Yes,No,Month-to-month,Yes,Bank transfer (automatic),77.5,1560.86,Yes
5492-CWMEB,Female,0,Yes,Yes,14,Yes,Yes,No,No internet service,No internet service,No internet service,No internet service,No internet service,No internet service,Two year,Yes,Electronic check,25.91,372.0,No
9566-MWXUW,Male,0,Yes,No,66,Yes,No,DSL,No,No,Yes,No,No,No,Two year,Yes,Electronic check,53.27,3515.4,No
5577-LYKEZ,Female,0,No,No,32,Yes,No,DSL,No,No,Yes,No,Yes,No,One year,No,Electronic check,52.48,1682.14,No
7990-KKEUK,Male,0,Yes,No,37,Yes,No,DSL,Yes,No,Yes,No,No,Yes,Month-to-month,Yes,Credit card (automatic),68.12,2514.58,No
7394-AQBSC,Male,0,No,Yes,18,Yes,No,No,No internet service,No internet service,No internet service,No internet service,No internet service,No internet service,One year,No,Bank transfer (automatic),22.31,410.63,Yes
1601-RDRQL,Male,0,Yes,No,3,Yes,No,Fiber optic,No,Yes,No,No,No,No,One year,Yes,Bank transfer (automatic),80.67,226.06,No
6720-MHMPY,Male,0,Yes,No,57,Yes,Yes,Fiber optic,No,Yes,No,Yes,Yes,No,One year,Yes,Bank transfer (automatic),92.1,5251.67,No
7591-KUDGK,Male,0,No,Yes,69,Yes,No,No,No internet service,No internet service,No internet service,No internet service,No internet service,No internet service,Month-to-month,Yes,Electronic check,18.25,1242.66,No
5793-JPFUK,Female,0,No,Yes,11,Yes,No,Fiber optic,No,No,No,Yes,No,No,Month-to-month,Yes,Bank transfer (automatic),80.67,896.88,Yes
3503-AENBC,Female,1,Yes,Yes,16,Yes,No,No,No internet service,No internet service,No internet service,No internet service,No internet service,No internet service,Two year,No,Bank transfer (automatic),18.25,300.64,No
6382-GNHUA,Male,0,No,Yes,0,Yes,No,DSL,No,Yes,No,Yes,Yes,Yes,Month-to-month,No,Mailed check,76.02, ,No
5069-DKAAD,Male,1,Yes,No,13,Yes,Yes,Fiber optic,No,No,Yes,No,Yes,No,Month-to-month,No,Bank transfer (automatic),88.12,1145.27,Yes
2702-LZUAZ,Male,1,No,No,1,Yes,No,Fiber optic,No,No,No,No,No,No,Two year,No,Electronic check,63.22,70.36,No
5405-VEAHE,Male,1,Yes,Yes,3,Yes,No,DSL,Yes,No,Yes,No,Yes,Yes,One year,Yes,Electronic check,66.28,194.57,No
3293-ZKWFX,Female,0,Yes,No,65,No,No phone service,DSL,No,Yes,No,Yes,No,No,Month-to-month,Yes,Electronic check,55.0,3558.9,No
7653-AWFQQ,Male,0,No,No,45,Yes,Yes,DSL,No,No,No,No,Yes,Yes,Month-to-month,No,Electronic check,67.78,3051.29,Yes
8149-CYVEW,Female,0,Yes,Yes,49,Yes,No,Fiber optic,Yes,Yes,Yes,No,Yes,Yes,One year,No,Mailed check,98.06,4810.28,No
2629-GDZRM,Male,0,Yes,No,59,Yes,No,DSL,No,No,No,No,No,Yes,Two year,No,Electronic check,47.32,2796.92,No
9476-AWNWG,Female,0,Yes,Yes,51,Yes,No,Fiber optic,Yes,Yes,No,No,No,Yes,Month-to-month,Yes,Electronic check,83.96,4283.27,Yes
4138-NNFFX,Male,0,No,No,47,Yes,No,No,No internet service,No internet service,No internet service,No internet service,No internet service,No internet service,Month-to-month,Yes,Credit card (automatic),19.52,935.59,No
5761-NGQEX,Male,0,No,Yes,38,Yes,Yes,DSL,Yes,No,No,No,Yes,No,Month-to-month,Yes,Electronic check,55.04,2093.19,Yes
6387-FLCNF,Female,0,No,No,69,No,No phone service,Fiber optic,Yes,No,Yes,No,No,No,Month-to-month,Yes,Mailed check,80.06,5530.85,No
8713-BXXTB,Male,1,No,Yes,59,Yes,No,DSL,No,Yes,Yes,No,Yes,Yes,Month-to-month,Yes,Bank transfer (automatic),63.4,3738.53,No
7939-SYWHD,Male,1,No,No,29,Yes,No,No,No internet service,No internet service,No internet service,No internet service,No internet service,No internet service,Month-to-month,Yes,Electronic check,24.02,700.11,No
1513-DDQFH,Male,1,Yes,No,26,Yes,Yes,DSL,No,Yes,No,No,No,Yes,Month-to-month,Yes,Electronic check,60.57,1581.62,No
7609-RRKDT,Female,0,Yes,No,54,Yes,No,Fiber optic,Yes,No,No,Yes,No,Yes,Month-to-month,Yes,Mailed check,91.0,4910.09,Yes
5665-GZLJH,Male,1,No,No,69,Yes,Yes,No,No internet service,No internet service,No internet service,No internet service,No internet service,No internet service,One year,Yes,Credit card (automatic),20.46,1402.03,No
6319-BUJDC,Male,0,Yes,Yes,25,Yes,Yes,No,No internet service,No internet service,No internet service,No internet service,No internet service,No internet service,One year,Yes,Electronic check,20.7,526.5,Yes
3956-FYULK,Female,0,Yes,No,41,No,No phone service,Fiber optic,No,No,No,No,No,No,Month-to-month,No,Electronic check,69.82,2861.95,Yes
4784-FZNBY,Female,0,No,No,66,Yes,Yes,Fiber optic,Yes,No,No,No,Yes,Yes,Two year,Yes,Credit card (automatic),89.85,5928.89,No
7398-EVDDX,Female,1,No,No,66,Yes,No,Fiber optic,No,No,No,No,No,No,Two year,No,Electronic check,69.77,4619.43,No
9693-ZJDFY,Male,1,Yes,Yes,51,Yes,No,Fiber optic,No,Yes,Yes,Yes,Yes,No,Month-to-month,Yes,Credit card (automatic),87.5,4462.31,Yes
8544-DFPKL,Male,0,Yes,Yes,5,Yes,No,DSL,No,No,Yes,No,No,No,Month-to-month,No,Electronic check,53.02,264.7,No
8799-QPZKE,Male,0,No,No,9,Yes,Yes,No,No internet service,No internet service,No internet service,No internet service,No internet service,No internet service,Month-to-month,No,Credit card (automatic),18.25,158.86,No
1489-KGGWT,Female,0,No,Yes,37,Yes,Yes,No,No internet service,No internet service,No internet service,No internet service,No internet service,No internet service,Month-to-month,No,Credit card (automatic),18.38,680.38,No
5204-FLXKR,Male,0,Yes,No,11,Yes,No,Fiber optic,No,Yes,No,Yes,Yes,Yes,Month-to-month,Yes,Bank transfer (automatic),94.26,1032.95,Yes
3399-RDFRH,Male,1,Yes,Yes,45,Yes,No,Fiber optic,Yes,Yes,Yes,Yes,Yes,Yes,One year,No,Credit card (automatic),97.99,4419.77,No
9440-TKBGA,Female,1,No,No,48,Yes,Yes,DSL,No,Yes,Yes,Yes,Yes,No,Month-to-month,Yes,Credit card (automatic),67.17,3233.44,No
7073-EDABZ,Female,0,Yes,No,71,Yes,No,DSL,No,No,No,No,Yes,Yes,Month-to-month,Yes,Mailed check,61.76,4393.7,No
5010-CZXEN,Female,0,No,Yes,62,Yes,Yes,Fiber optic,Yes,No,Yes,No,Yes,No,Month-to-month,No,Bank transfer (automatic),97.62,6053.69,No
8956-LUMFX,Female,0,Yes,No,68,Yes,No,DSL,Yes,No,No,No,No,Yes,One year,No,Bank transfer (automatic),53.29,3625.63,No
1343-NVCNF,Female,0,Yes,No,42,Yes,No,No,No internet service,No internet service,No internet service,No internet service,No internet service,No internet service,Two year,Yes,Mailed check,20.46,866.66,No
3764-JPCRM,Male,0,Yes,No,59,Yes,Yes,No,No internet service,No internet service,No internet service,No internet service,No internet service,No internet service,Two year,Yes,Bank transfer (automatic),20.29,1194.24,No
1070-UHRDY,Female,0,No,No,28,Yes,No,Fiber optic,No,No,No,No,Yes,Yes,Two year,Yes,Mailed check,87.56,2461.18,No
9567-BNRBH,Male,0,No,Yes,10,Yes,No,No,No internet service,No internet service,No internet service,No internet service,No internet service,No internet service,Month-to-month,Yes,Electronic check,18.54,172.1,No
5569-FKMJJ,Male,0,Yes,Yes,34,Yes,No,DSL,No,No,No,No,No,No,Two year,No,Electronic check,39.78,1342.48,No
7039-XXDJM,Female,0,No,No,22,Yes,Yes,No,No internet service,No internet service,No internet service,No internet service,No internet service,No internet service,Month-to-month,Yes,Electronic check,20.11,443.96,No
9640-ZRLBF,Female,0,Yes,No,71,Yes,Yes,DSL,No,Yes,No,No,Yes,No,Month-to-month,No,Electronic check,55.08,3913.94,No
3182-VQDDH,Female,0,No,No,20,Yes,No,Fiber optic,No,No,No,Yes,Yes,Yes,Month-to-month,Yes,Electronic check,89.36,1801.34,No
9814-VUXGD,Male,0,Yes,Yes,36,Yes,No,Fiber optic,No,No,Yes,No,No,Yes,Two year,Yes,Bank transfer (automatic),80.32,2903.47,No
4791-CSFTP,Female,0,No,No,27,Yes,Yes,Fiber optic,No,Yes,No,Yes,No,No,Month-to-month,Yes,Electronic check,81.24,2216.6,No
7627-QAUNX,Female,1,Yes,No,57,Yes,Yes,Fiber optic,No,No,No,No,Yes,No,One year,Yes,Electronic check,77.77,4425.21,No
2552-PASMT,Female,0,No,Yes,52,No,No phone service,Fiber optic,No,No,Yes,No,No,No,Month-to-month,Yes,Mailed check,78.16,4060.9,No
1803-ZSCFC,Female,1,No,No,27,Yes,No,Fiber optic,No,No,No,No,No,No,Month-to-month,Yes,Electronic check,69.77,1892.77,No
7199-VGBZA,Female,1,Yes,No,41,Yes,Yes,DSL,No,No,Yes,Yes,No,Yes,One year,Yes,Bank transfer (automatic),58.08,2374.84,Yes
7093-XGPKT,Male,0,Yes,No,72,Yes,Yes,Fiber optic,Yes,Yes,No,Yes,No,Yes,Month-to-month,No,Electronic check,97.25,7004.11,No
1371-AQTXV,Male,0,Yes,No,60,Yes,No,Fiber optic,No,No,No,No,No,No,Month-to-month,No,Credit card (automatic),71.55,4287.31,No
6770-YTZMZ,Male,0,No,No,32,Yes,No,DSL,No,No,Yes,Yes,No,Yes,One year,No,Credit card (automatic),63.39,2016.99,Yes
9128-GMPFX,Female,1,Yes,Yes,54,Yes,Yes,DSL,No,No,Yes,No,No,Yes,Month-to-month,Yes,Mailed check,54.84,2949.63,No
5157-WDCGN,Female,1,No,No,36,Yes,No,DSL,Yes,Yes,No,No,Yes,No,Month-to-month,Yes,Electronic check,67.62,2410.1,Yes
6778-EQPAW,Female,0,No,Yes,46,Yes,Yes,Fiber optic,No,No,No,No,Yes,Yes,Two year,No,Electronic check,82.45,3797.97,No
6237-NHDHT,Male,0,Yes,No,35,Yes,No,Fiber optic,Yes,No,No,No,Yes,Yes,Month-to-month,No,Electronic check,88.52,3098.32,Yes
1309-SKGST,Female,0,Yes,No,27,Yes,Yes,No,No internet service,No internet service,No internet service,No internet service,No internet service,No internet service,Month-to-month,Yes,Electronic check,21.93,592.22,No
2924-STVEP,Female,0,No,No,9,No,No phone service,Fiber optic,No,No,No,No,No,No,Month-to-month,Yes,Bank transfer (automatic),68.63,596.67,Yes
1469-UHQBD,Female,0,No,No,22,Yes,Yes,DSL,No,Yes,No,Yes,Yes,Yes,One year,No,Credit card (automatic),65.88,1452.32,Yes
6074-LBVVE,Male,0,No,No,4,Yes,Yes,No,No internet service,No internet service,No internet service,No internet service,No internet service,No internet service,Month-to-month,Yes,Bank transfer (automatic),20.07,87.62,No
1756-YNKSY,Female,0,Yes,Yes,5,Yes,Yes,No,No internet service,No internet service,No internet service,No internet service,No internet service,No internet service,Month-to-month,Yes,Bank transfer (automatic),21.77,103.33,Yes
3419-UFLEE,Male,0,Yes,Yes,41,No,No phone service,DSL,No,No,Yes,Yes,No,No,Two year,Yes,Credit card (automatic),57.02,2347.1,No
6005-NQDZC,Female,0,No,No,46,Yes,Yes,No,No internet service,No internet service,No internet service,No internet service,No internet service,No internet service,Month-to-month,Yes,Electronic check,18.25,828.65,No
5186-SUQRY,Male,0,No,No,27,Yes,No,Fiber optic,No,Yes,No,No,No,No,Month-to-month,No,Electronic check,84.02,2272.65,Yes
2198-PJGAZ,Male,1,No,No,12,Yes,No,Fiber optic,No,No,No,Yes,No,No,Month-to-month,No,Credit card (automatic),73.28,858.01,Yes
3386-FUJPM,Male,0,Yes,No,24,Yes,Yes,Fiber optic,No,No,Yes,No,No,Yes,Two year,Yes,Mailed check,76.61,1836.24,No
1472-JEPCE,Female,0,Yes,No,6,Yes,No,Fiber optic,No,No,No,Yes,No,No,Month-to-month,No,Electronic check,74.04,446.75,No
3055-YQQAF,Female,0,Yes,Yes,65,Yes,No,No,No internet service,No internet service,No internet service,No internet service,No internet service,No internet service,Two year,Yes,Electronic check,18.69,1210.12,No
2378-KTPLY,Male,0,No,No,57,Yes,Yes,DSL,Yes,Yes,No,No,No,Yes,One year,Yes,Bank transfer (automatic),62.88,3582.0,No
8849-PUUBB,Male,0,Yes,No,65,No,No phone service,DSL,Yes,No,No,No,No,No,Month-to-month,Yes,Bank transfer (automatic),50.81,3316.55,No
9224-RDPWX,Female,0,No,No,35,Yes,No,Fiber optic,Yes,No,Yes,No,Yes,Yes,One year,No,Bank transfer (automatic),98.62,3441.86,Yes
7502-JUVRF,Female,0,No,No,1,Yes,Yes,DSL,Yes,No,No,No,No,No,Month-to-month,No,Bank transfer (automatic),48.88,29.19,Yes
4423-DVQQK,Male,1,Yes,Yes,37,Yes,No,Fiber optic,Yes,Yes,No,No,No,Yes,One year,Yes,Bank transfer (automatic),82.51,3059.94,Yes
4554-MAHTN,Female,0,Yes,No,13,Yes,No,No,No internet service,No internet service,No internet service,No internet service,No internet service,No internet service,One year,No,Bank transfer (automatic),20.77,255.07,No
7007-LVDZZ,Female,1,No,No,26,Yes,Yes,Fiber optic,No,No,No,No,No,Yes,Month-to-month,No,Electronic check,76.67,1989.97,Yes
3172-JDCHP,Female,0,Yes,Yes,14,Yes,No,No,No internet service,No internet service,No internet service,No internet service,No internet service,No internet service,Month-to-month,Yes,Bank transfer (automatic),21.16,285.76,No
6558-RAHBG,Female,0,Yes,No,11,Yes,Yes,Fiber optic,No,No,No,No,No,No,Month-to-month,No,Electronic check,70.62,781.06,Yes
1504-VCSDD,Male,0,Yes,No,42,Yes,Yes,DSL,No,No,Yes,No,Yes,No,Month-to-month,No,Mailed check,58.74,2476.74,No
7878-TPCZB,Female,0,No,No,56,Yes,No,No,No internet service,No internet service,No internet service,No internet service,No internet service,No internet service,Month-to-month,Yes,Electronic check,19.87,1102.83,Yes
2352-WFEXF,Female,0,No,No,47,Yes,No,DSL,Yes,Yes,No,No,Yes,No,Month-to-month,Yes,Bank transfer (automatic),71.19,3357.07,No
6309-DLWFG,Male,0,No,No,60,Yes,Yes,No,No internet service,No internet service,No internet service,No internet service,No internet service,No internet service,Month-to-month,No,Electronic check,25.25,1506.59,No
4732-UCUCM,Male,0,No,Yes,43,Yes,Yes,Fiber optic,No,No,No,No,No,No,Month-to-month,No,Credit card (automatic),69.38,2987.45,Yes
5918-KLVDC,Female,0,No,Yes,51,Yes,No,No,No internet service,No internet service,No internet service,No internet service,No internet service,No internet service,Month-to-month,Yes,Electronic check,22.83,1157.07,No
5403-PZXZB,Female,0,No,No,61,Yes,No,DSL,No,Yes,Yes,No,Yes,No,Two year,Yes,Mailed check,61.7,3777.12,No
3909-UNMPY,Female,0,No,Yes,1,Yes,No,No,No internet service,No internet service,No internet service,No internet service,No internet service,No internet service,Month-to-month,Yes,Mailed check,21.95,0.0,No
5092-SQXYY,Female,1,Yes,No,70,Yes,Yes,Fiber optic,No,No,No,No,No,No,Month-to-month,Yes,Electronic check,72.23,5039.19,No
3731-ESEXS,Male,1,Yes,No,30,Yes,Yes,DSL,No,Yes,Yes,No,Yes,No,Month-to-month,Yes,Electronic check,65.4,1959.67,Yes
9310-EKPSN,Male,0,No,No,72,Yes,No,No,No internet service,No internet service,No internet service,No internet service,No internet service,No internet service,Month-to-month,No,Electronic check,18.25,1300.19,No
2086-FCFVT,Male,1,No,No,71,Yes,Yes,No,No internet service,No internet service,No internet service,No internet service,No internet service,No internet service,Two year,Yes,Electronic check,21.36,1527.29,No
5526-YLDSP,Female,0,Yes,Yes,32,Yes,Yes,Fiber optic,Yes,Yes,No,No,No,Yes,Month-to-month,No,Electronic check,90.95,2893.05,Yes
3039-APKSV,Female,0,No,No,4,Yes,No,Fiber optic,No,No,Yes,No,Yes,Yes,Two year,Yes,Credit card (automatic),80.03,315.88,No
9675-QUVVA,Female,0,Yes,No,57,Yes,Yes,Fiber optic,No,Yes,No,Yes,Yes,No,One year,No,Bank transfer (automatic),78.81,4530.56,No
4520-CQDGX,Female,1,Yes,No,10,Yes,Yes,Fiber optic,No,No,Yes,No,Yes,Yes,One year,No,Electronic check,92.06,928.91,Yes
6543-ZSHFP,Male,0,No,No,22,Yes,Yes,No,No internet service,No internet service,No internet service,No internet service,No internet service,No internet service,Two year,No,Credit card (automatic),18.57,389.18,No
7163-UKWXN,Male,0,Yes,Yes,44,Yes,No,Fiber optic,No,No,No,No,No,No,Two year,No,Credit card (automatic),71.98,3194.51,No
7371-MNJRP,Female,0,No,No,26,Yes,No,DSL,Yes,No,No,Yes,Yes,No,Month-to-month,Yes,Electronic check,62.16,1634.57,No
3388-KPTRL,Male,0,Yes,No,55,No,No phone service,DSL,No,No,No,No,No,No,One year,Yes,Electronic check,41.79,2290.19,No
6581-GMRUG,Female,0,Yes,No,58,Yes,No,Fiber optic,No,No,No,Yes,No,Yes,Two year,Yes,Bank transfer (automatic),81.33,4720.52,No
1478-VYJQF,Female,0,No,No,39,Yes,No,Fiber optic,No,Yes,Yes,No,Yes,No,Month-to-month,No,Bank transfer (automatic),83.36,3237.52,Yes
2130-ZQZLD,Male,0,No,Yes,17,Yes,No,Fiber optic,Yes,No,No,Yes,No,Yes,One year,No,Mailed check,86.82,1477.68,No
4333-NNXEK,Female,0,Yes,No,50,Yes,Yes,DSL,No,Yes,Yes,No,No,Yes,Month-to-month,Yes,Electronic check,65.08,3256.63,No
9048-UJFHZ,Female,0,No,Yes,60,Yes,No,DSL,No,Yes,No,Yes,No,Yes,Month-to-month,No,Electronic check,74.81,4486.63,No
1850-PGUGP,Male,0,No,No,22,Yes,Yes,Fiber optic,No,Yes,No,Yes,Yes,Yes,Two year,Yes,Bank transfer (automatic),97.8,2155.25,No
1180-MYQYJ,Female,0,Yes,No,35,Yes,No,Fiber optic,No,Yes,Yes,No,Yes,Yes,One year,Yes,Bank transfer (automatic),92.42,3245.83,No
7830-BBLHC,Female,0,Yes,No,37,Yes,No,DSL,No,No,No,Yes,No,No,One year,Yes,Electronic check,51.44,1901.19,No
9356-JKALN,Male,1,No,Yes,71,Yes,Yes,No,No internet service,No internet service,No internet service,No internet service,No internet service,No internet service,Month-to-month,Yes,Mailed check,19.62,1375.86,No
5194-XGXCG,Female,0,No,No,55,Yes,No,Fiber optic,No,Yes,Yes,No,Yes,Yes,Month-to-month,No,Credit card (automatic),89.78,4929.92,No
3948-WHYPX,Male,0,Yes,No,38,Yes,No,Fiber optic,No,No,No,No,No,No,Two year,No,Electronic check,75.15,2853.54,No
9136-PBTNX,Female,0,Yes,No,68,Yes,Yes,Fiber optic,Yes,Yes,No,No,Yes,Yes,One year,Yes,Credit card (automatic),94.2,6401.28,No
2801-MWBFM,Male,1,Yes,Yes,27,Yes,Yes,Fiber optic,Yes,No,No,No,Yes,No,Month-to-month,No,Electronic check,82.69,2237.33,Yes
1943-KEMXB,Male,1,Yes,No,20,Yes,Yes,DSL,No,Yes,Yes,No,Yes,No,Month-to-month,Yes,Credit card (automatic),62.17,1249.61,No
8325-RUNNY,Male,0,No,Yes,61,Yes,No,No,No internet service,No internet service,No internet service,No internet service,No internet service,No internet service,One year,Yes,Bank transfer (automatic),19.46,1177.87,No
4278-SKJCT,Female,0,No,No,22,Yes,No,DSL,Yes,Yes,Yes,Yes,No,No,Month-to-month,No,Bank transfer (automatic),78.23,1712.27,Yes
8698-BMRJE,Male,0,Yes,No,20,Yes,No,Fiber optic,No,No,Yes,Yes,No,No,Month-to-month,Yes,Mailed check,86.01,1748.89,Yes
3771-KRCCM,Male,0,No,No,15,Yes,Yes,Fiber optic,No,No,No,No,Yes,No,Month-to-month,No,Electronic check,75.05,1124.58,Yes
4508-HYPRY,Male,0,No,Yes,61,Yes,Yes,DSL,No,Yes,Yes,No,Yes,Yes,One year,No,Electronic check,74.52,4558.57,No
4847-TYTQK,Male,0,No,No,64,Yes,No,No,No internet service,No internet service,No internet service,No internet service,No internet service,No internet service,One year,Yes,Electronic check,18.25,1147.32,No
5820-DLFFB,Male,0,No,Yes,4,No,No phone service,DSL,No,Yes,No,Yes,Yes,Yes,Month-to-month,Yes,Electronic check,65.54,285.76,No
6232-ENCPP,Female,0,No,No,45,Yes,No,Fiber optic,Yes,Yes,No,Yes,Yes,Yes,Month-to-month,No,Credit card (automatic),89.2,4009.78,Yes
8208-UAYCL,Female,0,No,No,63,Yes,Yes,Fiber optic,Yes,No,No,Yes,No,Yes,One year,Yes,Mailed check,93.44,5871.74,No
7506-UVLUC,Female,0,Yes,No,40,Yes,Yes,No,No internet service,No internet service,No internet service,No internet service,No internet service,No internet service,One year,No,Electronic check,21.18,848.62,No
1630-GMFBS,Female,0,No,Yes,43,Yes,No,DSL,Yes,Yes,Yes,No,No,No,Month-to-month,Yes,Bank transfer (automatic),63.88,2769.58,No
9135-XGUVU,Female,0,No,Yes,14,Yes,Yes,Fiber optic,No,No,No,No,No,No,Month-to-month,Yes,Electronic check,71.52,1023.5,Yes
5102-RMXZH,Female,0,Yes,No,67,Yes,Yes,DSL,No,No,Yes,No,No,No,Month-to-month,Yes,Electronic check,51.47,3447.92,Yes
7314-GMPPS,Female,0,Yes,No,50,Yes,Yes,Fiber optic,Yes,Yes,No,Yes,No,No,Month-to-month,Yes,Mailed check,84.18,4207.96,No
2944-RRKJW,Male,0,Yes,No,53,Yes,No,Fiber optic,No,Yes,Yes,No,Yes,No,Month-to-month,Yes,Mailed check,84.39,4458.02,No
7381-YNLTR,Female,0,No,Yes,67,Yes,Yes,DSL,No,No,No,Yes,No,Yes,Month-to-month,No,Electronic check,56.92,3831.83,Yes
6623-YXNCQ,Male,0,No,Yes,41,Yes,Yes,DSL,No,No,No,No,Yes,Yes,Two year,Yes,Electronic check,57.47,2369.59,No
6347-BCBFM,Male,0,No,No,45,Yes,Yes,DSL,Yes,No,Yes,No,Yes,Yes,Month-to-month,No,Bank transfer (automatic),58.68,2656.79,No
7427-QQZUY,Female,0,Yes,No,24,Yes,Yes,No,No internet service,No internet service,No internet service,No internet service,No internet service,No internet service,Month-to-month,Yes,Credit card (automatic),21.1,499.02,Yes
8460-BTWMW,Male,0,No,No,66,Yes,No,No,No internet service,No internet service,No internet service,No internet service,No internet service,No internet service,Month-to-month,Yes,Bank transfer (automatic),18.84,1254.56,No
8373-MRMBV,Male,0,Yes,No,34,Yes,No,Fiber optic,No,No,No,No,No,No,Month-to-month,No,Electronic check,68.37,2318.72,Yes
4844-VDBER,Male,0,No,No,72,Yes,No,No,No internet service,No internet service,No internet service,No internet service,No internet service,No internet service,Two year,No,Bank transfer (automatic),18.25,1334.31,No
2738-KQTMZ,Male,0,Yes,No,21,Yes,Yes,Fiber optic,No,Yes,Yes,No,No,Yes,Month-to-month,Yes,Electronic check,91.99,1921.1,Yes
5907-FZAQA,Female,0,No,Yes,8,Yes,Yes,Fiber optic,Yes,No,No,Yes,No,No,One year,No,Bank transfer (automatic),80.36,638.39,No
3605-USWSA,Female,0,No,No,23,No,No phone service,Fiber optic,No,Yes,No,No,No,No,Month-to-month,No,Bank transfer (automatic),74.35,1717.93,Yes
3558-FARCZ,Female,0,No,No,22,Yes,Yes,No,No internet service,No internet service,No internet service,No internet service,No internet service,No internet service,Two year,Yes,Electronic check,21.73,463.85,No
9033-SSUXV,Female,1,No,No,60,Yes,No,DSL,No,No,No,Yes,No,No,Two year,No,Electronic check,54.13,3246.13,No
6592-EDRSM,Female,0,No,No,36,No,No phone service,DSL,Yes,No,Yes,No,No,Yes,Month-to-month,Yes,Mailed check,66.19,2370.99,No
1107-QBBUC,Female,0,Yes,No,44,Yes,Yes,No,No internet service,No internet service,No internet service,No internet service,No internet service,No internet service,Month-to-month,Yes,Bank transfer (automatic),18.6,814.56,No
8219-ZETEW,Female,0,No,No,14,Yes,Yes,No,No internet service,No internet service,No internet service,No internet service,No internet service,No internet service,Month-to-month,Yes,Electronic check,19.96,269.62,No
7235-TNFTK,Female,0,No,No,56,Yes,Yes,DSL,No,Yes,Yes,Yes,No,No,Month-to-month,Yes,Mailed check,58.58,3284.48,Yes
3478-NQFVT,Female,0,Yes,No,13,Yes,No,Fiber optic,Yes,No,No,No,Yes,No,Month-to-month,No,Mailed check,80.31,1051.83,Yes
2313-JXETL,Female,0,No,No,51,Yes,No,DSL,No,No,No,No,Yes,No,One year,Yes,Bank transfer (automatic),49.93,2544.72,No
5828-NDRJQ,Male,1,No,No,35,Yes,No,DSL,Yes,Yes,No,No,Yes,No,Month-to-month,Yes,Electronic check,59.39,2095.7,No
7153-HTDCM,Female,0,No,Yes,26,Yes,No,DSL,No,No,No,No,No,Yes,Month-to-month,Yes,Electronic check,47.97,1243.65,Yes
5596-UDFBA,Male,0,No,Yes,16,Yes,No,Fiber optic,No,No,No,No,No,Yes,Two year,No,Electronic check,82.14,1306.79,No
5159-KGYGL,Male,1,No,No,40,Yes,Yes,Fiber optic,No,No,Yes,Yes,No,No,Month-to-month,Yes,Mailed check,91.17,3643.85,No
2347-XAUMB,Male,0,No,No,3,Yes,No,DSL,No,No,No,No,No,No,One year,No,Electronic check,43.46,124.42,Yes
7780-BCTHP,Male,0,No,No,2,Yes,No,DSL,Yes,No,No,Yes,No,Yes,Month-to-month,Yes,Electronic check,68.97,118.17,No
5429-WSKAE,Female,0,No,No,18,Yes,No,Fiber optic,No,Yes,Yes,No,Yes,No,One year,No,Mailed check,89.63,1627.18,No
6528-FEKLH,Male,0,No,No,40,Yes,Yes,DSL,Yes,No,No,Yes,Yes,No,Month-to-month,Yes,Bank transfer (automatic),57.57,2290.78,Yes
8731-RQUJU,Female,0,Yes,Yes,39,Yes,Yes,DSL,No,Yes,No,No,Yes,No,Month-to-month,No,Electronic check,58.63,2284.33,No
5426-GUBTY,Female,0,Yes,No,57,No,No phone service,No,No internet service,No internet service,No internet service,No internet service,No internet service,No internet service,Month-to-month,Yes,Bank transfer (automatic),19.88,1141.18,Yes
1851-VAQLD,Male,0,Yes,Yes,38,Yes,Yes,Fiber optic,Yes,Yes,Yes,Yes,Yes,No,One year,No,Mailed check,85.66,3254.04,Yes
9661-SURNX,Female,0,No,No,6,No,No phone service,Fiber optic,No,No,No,Yes,Yes,Yes,One year,No,Mailed check,94.55,569.1,Yes
8010-XUASF,Male,1,No,No,35,Yes,No,Fiber optic,No,No,No,Yes,Yes,No,Month-to-month,No,Bank transfer (automatic),79.32,2771.89,No
2922-RRSTR,Male,0,No,No,19,Yes,No,DSL,No,No,No,No,No,Yes,Two year,Yes,Electronic check,43.95,846.7,No
2346-ASYKP,Female,0,No,Yes,28,Yes,No,Fiber optic,No,No,Yes,No,No,Yes,Two year,Yes,Mailed check,88.29,2477.24,Yes
3258-YBYMK,Female,0,Yes,No,67,Yes,No,No,No internet service,No internet service,No internet service,No internet service,No internet service,No internet service,Month-to-month,No,Credit card (automatic),18.25,1207.05,No
8996-VEDKA,Male,0,Yes,No,65,Yes,Yes,DSL,No,No,Yes,Yes,Yes,No,Month-to-month,No,Mailed check,72.19,4708.09,No
9069-RAXBC,Female,1,No,No,46,Yes,Yes,No,No internet service,No internet service,No internet service,No internet service,No internet service,No internet service,One year,Yes,Credit card (automatic),19.65,898.18,No
4494-FXXZM,Female,0,Yes,Yes,22,Yes,No,Fiber optic,No,Yes,Yes,Yes,No,No,Two year,No,Credit card (automatic),87.03,1926.53,No
6649-KSACA,Female,0,Yes,No,5,Yes,Yes,No,No internet service,No internet service,No internet service,No internet service,No internet service,No internet service,Month-to-month,Yes,Bank transfer (automatic),18.25,93.97,Yes
5844-DQBPE,Male,0,No,No,17,Yes,No,No,No internet service,No internet service,No internet service,No internet service,No internet service,No internet service,Two year,Yes,Mailed check,19.82,320.55,No
9774-JWAHY,Male,1,Yes,No,52,Yes,No,No,No internet service,No internet service,No internet service,No internet service,No internet service,No internet service,Two year,Yes,Bank transfer (automatic),21.75,1131.72,No
6135-LMYUQ,Female,0,No,Yes,21,Yes,No,DSL,Yes,No,Yes,No,No,No,Month-to-month,Yes,Bank transfer (automatic),56.22,1187.17,No
7464-XXRPY,Female,0,Yes,Yes,67,No,No phone service,DSL,No,Yes,Yes,Yes,No,No,One year,No,Bank transfer (automatic),65.58,4398.13,No
1267-SPRER,Female,0,No,No,34,Yes,Yes,Fiber optic,No,No,No,No,No,No,Month-to-month,Yes,Electronic check,72.35,2467.0,Yes
1695-AMAJZ,Female,1,Yes,No,8,Yes,No,Fiber optic,No,Yes,Yes,No,No,Yes,Month-to-month,Yes,Bank transfer (automatic),85.73,683.38,Yes
8296-MVMME,Female,0,Yes,No,30,Yes,No,Fiber optic,Yes,No,Yes,No,No,No,One year,Yes,Credit card (automatic),78.33,2327.77,No
1655-RAAZH,Male,0,No,No,42,Yes,No,DSL,No,Yes,Yes,No,Yes,No,One year,Yes,Electronic check,64.53,2700.16,Yes
4380-YESTJ,Female,0,No,Yes,16,Yes,No,Fiber optic,Yes,No,No,No,Yes,No,Month-to-month,Yes,Electronic check,76.57,1235.69,No
7919-ZGPSC,Male,0,No,Yes,50,Yes,Yes,DSL,No,No,No,No,No,Yes,Month-to-month,Yes,Credit card (automatic),49.18,2458.61,No
5916-BAXBV,Female,0,Yes,Yes,65,Yes,Yes,Fiber optic,No,Yes,Yes,No,Yes,Yes,Month-to-month,Yes,Bank transfer (automatic),87.62,5707.01,Yes
1907-KWXPB,Male,1,Yes,No,23,Yes,No,Fiber optic,No,No,Yes,No,No,Yes,One year,No,Electronic check,82.66,1900.72,Yes
3554-WPHUH,Female,1,No,No,14,Yes,Yes,No,No internet service,No internet service,No internet service,No internet service,No internet service,No internet service,Month-to-month,Yes,Bank transfer (automatic),22.35,333.18,No
6680-GQSUK,Male,1,Yes,Yes,27,Yes,Yes,Fiber optic,No,Yes,No,Yes,Yes,Yes,One year,No,Bank transfer (automatic),83.81,2262.21,Yes
8282-QSLAZ,Female,0,Yes,Yes,2,Yes,No,No,No internet service,No internet service,No internet service,No internet service,No internet service,No internet service,One year,Yes,Electronic check,18.25,41.45,No
3211-HVWXM,Male,0,No,No,28,Yes,No,No,No internet service,No internet service,No internet service,No internet service,No internet service,No internet service,Month-to-month,Yes,Electronic check,20.44,591.0,Yes
5427-RBWDM,Male,1,Yes,No,51,Yes,No,Fiber optic,No,No,No,No,No,No,Month-to-month,Yes,Bank transfer (automatic),67.18,3415.1,No
1180-YBCPD,Male,0,Yes,No,53,Yes,No,DSL,Yes,No,No,No,Yes,Yes,One year,Yes,Mailed check,59.1,3135.9,Yes
5319-UTYBK,Male,0,Yes,No,57,Yes,No,DSL,Yes,No,No,No,No,No,Month-to-month,No,Electronic check,50.93,2896.55,No
5252-NNPLR,Male,0,No,No,44,Yes,No,No,No internet service,No internet service,No internet service,No internet service,No internet service,No internet service,Month-to-month,Yes,Bank transfer (automatic),19.59,843.56,No
5198-AFBCD,Male,1,Yes,Yes,49,Yes,No,Fiber optic,No,Yes,Yes,No,No,Yes,One year,Yes,Electronic check,96.59,4735.93,No
3810-THGMR,Female,0,No,Yes,21,Yes,Yes,Fiber optic,Yes,Yes,No,No,Yes,Yes,Month-to-month,No,Electronic check,90.15,1901.92,Yes
5616-XLRXH,Male,1,Yes,Yes,51,Yes,Yes,DSL,No,No,No,Yes,No,Yes,Month-to-month,No,Electronic check,50.85,2584.18,No
9134-ACPSL,Female,0,No,Yes,52,Yes,Yes,DSL,No,Yes,Yes,No,No,No,Month-to-month,No,Bank transfer (automatic),55.03,2881.57,Yes
1708-KFRMG,Female,0,Yes,No,30,Yes,No,DSL,No,No,No,Yes,No,No,Two year,No,Credit card (automatic),51.3,1539.68,No
6228-YEARL,Female,0,No,No,70,Yes,Yes,DSL,Yes,No,Yes,No,Yes,Yes,Month-to-month,Yes,Electronic check,65.13,4558.17,No
5532-YYEKT,Female,0,No,Yes,47,Yes,No,Fiber optic,No,No,No,No,Yes,Yes,Month-to-month,No,Mailed check,82.32,3867.5,No
4269-LCWDU,Female,0,No,No,30,Yes,No,Fiber optic,No,No,Yes,Yes,No,No,Month-to-month,Yes,Electronic check,90.91,2726.67,Yes
3358-GEXPB,Male,1,No,No,3,No,No phone service,No,No internet service,No internet service,No internet service,No internet service,No internet service,No internet service,Month-to-month,No,Bank transfer (automatic),22.74,98.1,No
1202-PFWFM,Male,0,No,No,34,Yes,No,Fiber optic,No,Yes,Yes,Yes,Yes,No,One year,Yes,Mailed check,85.27,2905.35,No
9896-RGBYJ,Male,0,Yes,No,66,Yes,No,No,No internet service,No internet service,No internet service,No internet service,No internet service,No internet service,Month-to-month,No,Bank transfer (automatic),18.25,1216.66,No
1973-SYPGN,Female,0,No,No,63,Yes,Yes,DSL,No,Yes,No,Yes,Yes,No,Month-to-month,No,Credit card (automatic),65.87,4140.3,Yes
5855-ZPSAF,Male,0,No,Yes,8,Yes,Yes,Fiber optic,Yes,No,No,Yes,No,Yes,One year,Yes,Mailed check,89.22,722.0,No
4065-AAAPZ,Male,0,No,No,45,Yes,Yes,DSL,Yes,No,Yes,No,No,No,Two year,No,Mailed check,60.92,2749.9,No
3027-XQQEE,Male,0,Yes,No,55,Yes,Yes,No,No internet service,No internet service,No internet service,No internet service,No internet service,No internet service,Two year,No,Electronic check,18.25,1003.97,No
5878-KWUAR,Male,1,No,No,55,Yes,Yes,DSL,No,Yes,No,No,No,Yes,One year,No,Mailed check,49.36,2699.63,No
6534-FBFNY,Male,0,Yes,No,25,Yes,Yes,No,No internet service,No internet service,No internet service,No internet service,No internet service,No internet service,Month-to-month,Yes,Bank transfer (automatic),18.25,455.71,No
5330-JULLF,Female,0,No,No,59,Yes,Yes,No,No internet service,No internet service,No internet service,No internet service,No internet service,No internet service,Two year,Yes,Bank transfer (automatic),23.12,1353.06,No
6405-HHVTD,Male,0,Yes,No,71,Yes,No,Fiber optic,Yes,Yes,Yes,No,Yes,Yes,Month-to-month,Yes,Electronic check,114.73,8148.62,No
1578-BREGC,Female,0,Yes,No,47,Yes,No,Fiber optic,No,No,No,No,No,Yes,Month-to-month,No,Bank transfer (automatic),76.76,3602.5,No
3597-XVPEX,Female,1,No,No,57,Yes,No,Fiber optic,No,No,No,No,No,Yes,Month-to-month,No,Electronic check,74.56,4269.67,No
3273-QCFXW,Female,0,No,No,62,Yes,No,Fiber optic,No,No,Yes,No,Yes,No,One year,Yes,Bank transfer (automatic),79.9,4942.51,No
4457-EDMVW,Female,1,No,No,57,Yes,Yes,Fiber optic,No,Yes,Yes,Yes,Yes,No,Month-to-month,Yes,Electronic check,92.38,5258.05,No
1782-AXQLQ,Female,0,No,No,2,Yes,Yes,DSL,No,Yes,No,No,No,Yes,Month-to-month,No,Bank transfer (automatic),58.54,104.46,Yes
2115-DMRST,Male,0,No,Yes,6,Yes,Yes,No,No internet service,No internet service,No internet service,No internet service,No internet service,No internet service,One year,Yes,Electronic check,18.86,130.23,No
6718-KQNFJ,Male,1,No,No,51,Yes,No,DSL,Yes,No,No,Yes,No,No,Month-to-month,Yes,Credit card (automatic),61.25,3115.84,No
8475-EWDGE,Male,0,No,No,61,Yes,Yes,Fiber optic,No,No,No,No,No,No,One year,No,Bank transfer (automatic),65.45,3990.0,No
3659-PRBUP,Female,0,No,Yes,1,Yes,No,DSL,No,Yes,No,No,Yes,No,Month-to-month,No,Electronic check,57.19,52.69,Yes
4055-FCWVN,Male,0,Yes,No,32,Yes,Yes,No,No internet service,No internet service,No internet service,No internet service,No internet service,No internet service,Month-to-month,Yes,Credit card (automatic),18.25,593.12,No
9217-BFTWN,Male,0,Yes,No,11,Yes,No,Fiber optic,Yes,No,No,No,Yes,Yes,Month-to-month,Yes,Credit card (automatic),85.78,961.53,Yes
1833-DURPK,Female,0,No,No,47,Yes,Yes,Fiber optic,Yes,No,No,No,Yes,Yes,One year,Yes,Mailed check,89.35,4213.06,No
5006-GCFUQ,Female,0,No,Yes,52,Yes,No,DSL,No,No,Yes,Yes,No,No,Month-to-month,No,Mailed check,50.89,2642.98,Yes
2364-YYJPU,Female,0,Yes,No,40,Yes,No,No,No internet service,No internet service,No internet service,No internet service,No internet service,No internet service,Month-to-month,Yes,Electronic check,18.25,712.13,No
7926-ZUMMW,Female,0,Yes,Yes,57,Yes,No,DSL,No,No,No,No,Yes,No,Month-to-month,Yes,Bank transfer (automatic),51.7,2931.64,No
7517-BSVWA,Male,1,No,No,67,Yes,No,Fiber optic,Yes,Yes,No,No,No,Yes,Month-to-month,No,Electronic check,80.12,5370.51,No
9005-SAWJH,Female,0,Yes,No,22,Yes,Yes,No,No internet service,No internet service,No internet service,No internet service,No internet service,No internet service,One year,Yes,Credit card (automatic),20.91,448.72,No
9238-YSYYU,Female,0,No,No,35,Yes,No,DSL,No,No,No,No,No,No,Two year,Yes,Electronic check,44.49,1556.32,No
6762-TKVFC,Male,1,No,No,20,Yes,No,Fiber optic,No,No,No,No,Yes,No,One year,No,Electronic check,76.13,1510.42,No
8194-LPPJF,Male,0,Yes,Yes,71,Yes,Yes,DSL,No,Yes,Yes,No,Yes,No,One year,Yes,Credit card (automatic),57.74,4112.39,No
4303-BCEDA,Female,0,No,No,54,Yes,No,Fiber optic,No,Yes,Yes,No,No,Yes,Month-to-month,No,Mailed check,90.44,4868.39,No
4696-KUAMX,Male,0,No,No,55,Yes,Yes,Fiber optic,No,No,Yes,Yes,No,Yes,Two year,Yes,Bank transfer (automatic),87.96,4831.54,No
4261-JKSSP,Female,0,No,Yes,12,No,No phone service,No,No internet service,No internet service,No internet service,No internet service,No internet service,No internet service,Month-to-month,Yes,Electronic check,18.25,201.16,Yes
8647-TDZGD,Female,0,Yes,No,21,Yes,No,DSL,No,Yes,No,No,No,No,One year,No,Electronic check,48.6,1009.24,No
8891-YAKSJ,Male,0,Yes,No,6,No,No phone service,Fiber optic,No,No,No,No,No,Yes,Two year,No,Mailed check,77.97,478.05,Yes
6042-XDCYH,Male,0,No,No,23,No,No phone service,No,No internet service,No internet service,No internet service,No internet service,No internet service,No internet service,Month-to-month,Yes,Credit card (automatic),18.25,424.11,No
7876-FYQUR,Female,0,Yes,Yes,60,Yes,Yes,No,No internet service,No internet service,No internet service,No internet service,No internet service,No internet service,Two year,No,Mailed check,20.37,1224.34,No
5537-YTWUR,Female,0,Yes,No,4,Yes,No,DSL,No,No,No,No,Yes,No,One year,Yes,Mailed check,52.23,199.62,No
1335-SMPGT,Female,0,Yes,No,49,Yes,No,DSL,Yes,No,No,No,Yes,Yes,Two year,Yes,Mailed check,59.84,2920.14,No
2255-GHYHM,Male,0,Yes,Yes,61,Yes,Yes,Fiber optic,No,No,No,Yes,No,No,One year,No,Electronic check,78.19,4756.19,No
9175-XSQRU,Female,1,Yes,Yes,54,Yes,No,Fiber optic,No,No,Yes,No,No,No,One year,Yes,Bank transfer (automatic),72.97,3946.61,No
4692-KFHSV,Female,0,Yes,Yes,25,No,No phone service,DSL,Yes,Yes,Yes,Yes,No,No,Month-to-month,Yes,Electronic check,68.9,1723.66,Yes
1118-SXVHB,Female,0,No,No,9,Yes,No,No,No internet service,No internet service,No internet service,No internet service,No internet service,No internet service,Month-to-month,No,Credit card (automatic),18.25,164.93,No
6456-TPAXD,Female,0,No,No,10,No,No phone service,Fiber optic,Yes,Yes,Yes,Yes,Yes,Yes,Month-to-month,Yes,Bank transfer (automatic),113.06,1154.93,Yes
4554-NRGJG,Female,1,Yes,No,39,Yes,No,DSL,Yes,No,No,Yes,No,No,Month-to-month,Yes,Electronic check,57.76,2241.41,No
5502-QJCEW,Male,1,No,Yes,10,Yes,No,Fiber optic,No,Yes,No,No,No,No,Month-to-month,No,Credit card (automatic),74.02,746.77,Yes
7049-RPGDH,Female,0,Yes,No,3,Yes,No,Fiber optic,No,No,Yes,No,Yes,Yes,Month-to-month,No,Electronic check,95.46,272.99,Yes
3315-PMWLB,Female,0,No,No,1,Yes,No,Fiber optic,Yes,No,No,Yes,Yes,Yes,Month-to-month,Yes,Electronic check,87.05,91.6,Yes
5316-UTFMC,Female,0,Yes,Yes,38,No,No phone service,Fiber optic,No,No,No,Yes,Yes,No,Two year,Yes,Electronic check,83.48,3196.49,No
5594-EGRQJ,Female,0,Yes,No,22,Yes,Yes,DSL,No,No,Yes,No,No,Yes,Month-to-month,Yes,Mailed check,59.1,1300.42,No
8902-AVLFK,Male,0,No,Yes,44,Yes,No,Fiber optic,No,No,No,No,No,No,Month-to-month,No,Credit card (automatic),68.66,3039.55,No
2826-KSMSL,Male,0,Yes,No,41,Yes,Yes,No,No internet service,No internet service,No internet service,No internet service,No internet service,No internet service,Month-to-month,No,Electronic check,18.57,749.7,No
3403-BDSDB,Male,0,No,No,41,Yes,No,Fiber optic,No,No,No,Yes,No,Yes,Month-to-month,No,Bank transfer (automatic),83.14,3410.72,No
9741-TQDCV,Female,0,Yes,No,28,Yes,No,Fiber optic,Yes,Yes,Yes,No,Yes,Yes,Two year,Yes,Electronic check,109.72,3083.46,No
5889-WPEGW,Female,0,Yes,No,15,Yes,Yes,No,No internet service,No internet service,No internet service,No internet service,No internet service,No internet service,Month-to-month,Yes,Credit card (automatic),18.25,282.83,No
9800-XPHDT,Male,0,No,No,66,Yes,No,DSL,No,Yes,No,No,Yes,No,Month-to-month,Yes,Electronic check,55.89,3695.29,Yes
8619-FQZYB,Male,1,No,Yes,59,Yes,No,Fiber optic,No,Yes,No,No,Yes,Yes,Two year,Yes,Credit card (automatic),86.89,5102.04,No
4530-VMZHJ,Male,0,Yes,No,3,Yes,Yes,No,No internet service,No internet service,No internet service,No internet service,No internet service,No internet service,Two year,Yes,Electronic check,22.71,79.86,No
2757-PFCFD,Female,0,Yes,No,15,Yes,No,Fiber optic,No,Yes,No,Yes,Yes,No,One year,No,Mailed check,85.31,1293.07,No
8496-DTCLR,Female,0,Yes,No,40,Yes,No,No,No internet service,No internet service,No internet service,No internet service,No internet service,No internet service,Two year,No,Electronic check,25.44,1020.46,No
9537-XWYCK,Male,0,No,Yes,5,Yes,Yes,DSL,No,No,Yes,No,Yes,No,Two year,Yes,Bank transfer (automatic),57.66,305.11,No
8103-JUQBD,Male,0,No,Yes,41,Yes,No,Fiber optic,No,Yes,No,No,Yes,No,One year,Yes,Bank transfer (automatic),78.49,3209.62,Yes
9439-YTMBX,Male,0,Yes,No,56,Yes,Yes,No,No internet service,No internet service,No internet service,No internet service,No internet service,No internet service,Month-to-month,Yes,Electronic check,18.25,1037.4,No
1706-YKLMC,Female,0,No,Yes,27,Yes,No,DSL,Yes,Yes,Yes,Yes,No,Yes,Two year,Yes,Credit card (automatic),78.72,2120.72,No
3794-DHKLT,Female,1,Yes,Yes,22,Yes,No,No,No internet service,No internet service,No internet service,No internet service,No internet service,No internet service,Month-to-month,No,Credit card (automatic),25.17,553.39,No
5964-WARPV,Female,0,Yes,No,41,No,No phone service,DSL,No,Yes,No,Yes,No,No,Two year,Yes,Electronic check,58.95,2409.44,No
3512-ERWAH,Male,1,Yes,No,11,Yes,Yes,No,No internet service,No internet service,No internet service,No internet service,No internet service,No internet service,Month-to-month,Yes,Electronic check,21.17,217.95,Yes
4393-FASRL,Male,0,No,No,63,Yes,Yes,No,No internet service,No internet service,No internet service,No internet service,No internet service,No internet service,One year,No,Electronic check,19.39,1217.44,No
7018-MBGYD,Female,1,Yes,No,57,Yes,Yes,Fiber optic,No,No,Yes,Yes,Yes,Yes,Two year,No,Electronic check,89.33,5087.45,No
4394-EJYQX,Male,0,No,No,50,No,No phone service,Fiber optic,Yes,Yes,Yes,Yes,Yes,Yes,One year,Yes,Credit card (automatic),93.52,4677.79,No
8992-GSMME,Female,0,No,Yes,28,Yes,No,Fiber optic,No,No,No,No,Yes,Yes,One year,Yes,Electronic check,87.62,2446.15,Yes
9118-XYVJK,Male,0,Yes,No,18,Yes,No,No,No internet service,No internet service,No internet service,No internet service,No internet service,No internet service,Month-to-month,Yes,Credit card (automatic),24.45,442.1,No
8819-YFQET,Male,0,Yes,No,44,No,No phone service,Fiber optic,No,No,No,Yes,Yes,Yes,Two year,Yes,Electronic check,87.84,3866.64,Yes
6302-EUFQJ,Male,0,Yes,No,53,No,No phone service,No,No internet service,No internet service,No internet service,No internet service,No internet service,No internet service,Month-to-month,Yes,Bank transfer (automatic),20.56,1098.96,No
8227-GGPSR,Male,0,No,No,65,Yes,No,DSL,Yes,Yes,No,Yes,Yes,No,Two year,No,Bank transfer (automatic),77.48,5050.97,No
1342-DHUBG,Female,0,No,Yes,71,Yes,No,Fiber optic,No,Yes,No,No,No,No,Month-to-month,No,Electronic check,75.47,5361.66,No
8731-UZZZY,Male,0,Yes,Yes,12,Yes,No,DSL,No,Yes,Yes,No,No,Yes,One year,Yes,Credit card (automatic),63.55,764.42,Yes
5701-ETJFG,Female,0,Yes,No,64,Yes,No,DSL,No,Yes,No,No,No,No,One year,Yes,Electronic check,53.4,3426.9,No
4156-GMTFC,Female,1,Yes,No,11,Yes,No,Fiber optic,Yes,Yes,Yes,No,Yes,No,Month-to-month,Yes,Electronic check,86.86,960.58,Yes
5335-RARQT,Female,0,Yes,Yes,70,Yes,No,Fiber optic,No,Yes,Yes,Yes,No,Yes,One year,Yes,Mailed check,97.17,6809.39,No
5793-NDART,Male,0,No,Yes,13,Yes,No,DSL,No,Yes,Yes,No,No,No,Month-to-month,Yes,Mailed check,61.34,792.4,Yes
1005-SJYND,Female,0,Yes,No,41,Yes,Yes,Fiber optic,Yes,No,Yes,Yes,No,No,Month-to-month,Yes,Bank transfer (automatic),88.12,3602.23,No
7208-JAXMS,Female,0,Yes,No,47,Yes,No,No,No internet service,No internet service,No internet service,No internet service,No internet service,No internet service,Two year,No,Electronic check,18.25,873.77,No
8507-LVYZA,Female,0,No,No,23,Yes,No,Fiber optic,Yes,No,No,No,No,No,Month-to-month,No,Bank transfer (automatic),77.68,1781.35,No
4913-KJYSP,Male,0,Yes,Yes,64,Yes,No,DSL,No,No,Yes,Yes,No,No,Two year,No,Mailed check,52.74,3386.29,No
6030-UZYAJ,Male,0,No,No,16,Yes,No,No,No internet service,No internet service,No internet service,No internet service,No internet service,No internet service,Month-to-month,Yes,Electronic check,19.71,311.07,No
8663-TLSVQ,Female,0,Yes,No,37,Yes,Yes,Fiber optic,No,No,Yes,No,Yes,Yes,Month-to-month,Yes,Mailed check,85.05,3125.22,Yes
4905-WMTAB,Male,1,No,No,27,Yes,No,DSL,Yes,No,No,No,No,No,Month-to-month,Yes,Electronic check,50.25,1354.57,No
2759-TALRW,Female,0,Yes,Yes,32,Yes,No,No,No internet service,No internet service,No internet service,No internet service,No internet service,No internet service,Month-to-month,No,Mailed check,21.21,675.06,Yes
3666-BWHSK,Female,0,No,No,23,Yes,No,DSL,No,No,Yes,No,Yes,No,Two year,No,Mailed check,53.12,1224.98,No
5203-WVZFE,Male,0,Yes,No,69,Yes,No,DSL,Yes,No,No,Yes,Yes,Yes,Month-to-month,Yes,Bank transfer (automatic),79.92,5510.71,No
7707-XLLKN,Female,0,No,Yes,3,No,No phone service,DSL,No,No,Yes,Yes,Yes,Yes,Month-to-month,No,Electronic check,72.39,217.9,No
9750-WMUAB,Male,0,Yes,Yes,32,Yes,No,Fiber optic,No,No,No,No,Yes,Yes,Month-to-month,Yes,Bank transfer (automatic),87.22,2797.52,Yes
9896-NGLUM,Male,0,No,No,9,Yes,Yes,Fiber optic,Yes,No,No,No,Yes,Yes,One year,Yes,Electronic check,88.78,813.4,Yes
6807-NJPBN,Female,1,Yes,No,35,Yes,No,Fiber optic,No,No,No,No,No,No,Month-to-month,Yes,Mailed check,73.05,2551.1,Yes
2342-KHTXS,Male,0,No,No,72,Yes,No,Fiber optic,Yes,No,No,No,No,No,One year,No,Bank transfer (automatic),78.86,5685.72,No
2898-MLUPL,Male,0,No,No,30,Yes,Yes,Fiber optic,No,No,No,Yes,No,Yes,Month-to-month,No,Credit card (automatic),79.71,2384.3,Yes
6888-VEEKM,Female,0,No,No,3,No,No phone service,DSL,No,Yes,Yes,No,No,No,Month-to-month,No,Mailed check,59.33,187.8,Yes
2252-CZUUC,Female,0,No,Yes,7,Yes,Yes,DSL,Yes,Yes,No,Yes,Yes,Yes,Month-to-month,No,Electronic check,71.58,506.22,Yes
4053-FTVFQ,Male,0,Yes,No,26,Yes,No,DSL,No,Yes,Yes,Yes,No,No,Two year,No,Bank transfer (automatic),72.23,1876.31,No
2306-BEAWS,Male,0,Yes,No,35,Yes,Yes,Fiber optic,No,No,No,No,No,No,Two year,No,Credit card (automatic),71.32,2510.65,No
7705-MAHTC,Female,0,No,No,8,Yes,No,No,No internet service,No internet service,No internet service,No internet service,No internet service,No internet service,One year,Yes,Electronic check,18.25,118.98,No
3407-BQCDZ,Male,0,Yes,Yes,42,Yes,Yes,DSL,No,No,Yes,No,No,No,Month-to-month,Yes,Electronic check,55.65,2332.09,No
6032-PMFZW,Male,0,Yes,Yes,23,Yes,No,No,No internet service,No internet service,No internet service,No internet service,No internet service,No internet service,One year,Yes,Mailed check,22.79,503.59,No
1596-SRCKD,Male,0,Yes,No,36,No,No phone service,DSL,Yes,Yes,No,Yes,No,No,Month-to-month,Yes,Electronic check,68.95,2462.99,No
6047-ASWVV,Male,0,Yes,Yes,40,Yes,Yes,No,No internet service,No internet service,No internet service,No internet service,No internet service,No internet service,Month-to-month,Yes,Electronic check,18.25,733.09,No
3662-BGAJW,Male,0,No,Yes,25,Yes,Yes,No,No internet service,No internet service,No internet service,No internet service,No internet service,No internet service,Month-to-month,No,Electronic check,25.26,620.09,No
5329-VMPRK,Male,1,No,Yes,3,No,No phone service,Fiber optic,No,Yes,No,No,No,No,Month-to-month,Yes,Bank transfer (automatic),76.72,238.67,No
2138-VQJZC,Male,0,No,Yes,0,Yes,No,DSL,No,No,Yes,No,No,No,Two year,Yes,Electronic check,52.59, ,No
9214-SJKVB,Female,0,Yes,No,19,Yes,Yes,Fiber optic,No,No,Yes,No,Yes,No,Month-to-month,Yes,Electronic check,83.93,1603.09,Yes
6884-PHTZY,Female,0,No,No,44,No,No phone service,DSL,Yes,Yes,No,Yes,No,No,Two year,Yes,Credit card (automatic),67.55,2955.65,No
2191-DGCES,Female,0,No,Yes,68,Yes,No,Fiber optic,Yes,Yes,Yes,Yes,Yes,Yes,Month-to-month,Yes,Bank transfer (automatic),100.14,6810.42,No
9591-MMSSB,Female,0,No,No,51,Yes,No,Fiber optic,No,No,Yes,Yes,Yes,No,Two year,Yes,Bank transfer (automatic),85.77,4373.34,No
3196-BYBVZ,Female,0,No,No,63,Yes,Yes,Fiber optic,Yes,Yes,Yes,Yes,No,No,Two year,No,Mailed check,88.58,5582.81,No
3169-JQUYL,Male,0,No,No,20,Yes,No,Fiber optic,No,No,Yes,Yes,No,No,Month-to-month,Yes,Electronic check,83.01,1671.87,No
9088-QUDYE,Male,1,Yes,No,71,Yes,No,Fiber optic,No,No,No,No,Yes,No,Month-to-month,Yes,Mailed check,74.48,5292.05,No
5561-FFPSZ,Male,1,Yes,No,24,Yes,Yes,No,No internet service,No internet service,No internet service,No internet service,No internet service,No internet service,Two year,No,Electronic check,20.28,470.02,No
4262-FSZCU,Male,0,Yes,Yes,66,No,No phone service,DSL,No,No,Yes,Yes,Yes,Yes,One year,No,Electronic check,79.69,5258.92,No
5275-JBEAM,Female,0,No,No,25,Yes,No,No,No internet service,No internet service,No internet service,No internet service,No internet service,No internet service,Month-to-month,Yes,Credit card (automatic),20.5,516.16,No
5814-NSVJT,Male,0,No,No,26,Yes,No,Fiber optic,No,Yes,No,No,Yes,Yes,Month-to-month,No,Credit card (automatic),87.97,2290.12,Yes
6731-ARMXJ,Male,0,No,No,51,Yes,Yes,DSL,No,No,Yes,No,No,Yes,Two year,Yes,Electronic check,55.02,2803.64,No
8283-BFWWY,Female,0,No,No,62,Yes,Yes,DSL,No,Yes,Yes,No,No,Yes,Month-to-month,No,Mailed check,68.05,4229.11,Yes
6198-QAYYU,Male,0,No,No,44,Yes,Yes,DSL,Yes,No,No,Yes,No,Yes,Two year,Yes,Credit card (automatic),58.85,2594.01,No
1639-NNGDA,Male,0,No,No,57,Yes,No,DSL,No,Yes,Yes,No,No,No,One year,No,Bank transfer (automatic),55.02,3130.73,No
5716-AGJDD,Female,0,No,No,37,No,No phone service,Fiber optic,No,Yes,Yes,Yes,No,Yes,One year,No,Credit card (automatic),101.23,3723.5,No
7264-BYXHZ,Male,0,Yes,No,34,Yes,Yes,Fiber optic,Yes,No,Yes,No,No,No,Month-to-month,Yes,Mailed check,86.11,2928.82,Yes
7790-UWWYA,Male,0,Yes,Yes,45,No,No phone service,Fiber optic,Yes,Yes,Yes,No,No,No,Month-to-month,Yes,Mailed check,85.84,3864.65,No
2395-TCYGC,Male,0,Yes,Yes,70,Yes,Yes,DSL,Yes,No,Yes,No,Yes,No,One year,Yes,Bank transfer (automatic),59.92,4204.61,No
5681-PGDAG,Male,0,Yes,No,2,No,No phone service,Fiber optic,No,Yes,No,No,Yes,No,One year,Yes,Electronic check,89.03,163.89,Yes
1489-SQKHZ,Male,0,No,Yes,5,Yes,No,Fiber optic,No,No,No,No,No,No,Month-to-month,No,Bank transfer (automatic),65.65,315.27,Yes
8764-ZCNTA,Female,0,Yes,No,12,Yes,No,No,No internet service,No internet service,No internet service,No internet service,No internet service,No internet service,Month-to-month,Yes,Mailed check,22.82,284.23,No
1414-GUQEK,Female,0,No,No,45,Yes,No,DSL,No,Yes,Yes,Yes,Yes,Yes,Two year,Yes,Bank transfer (automatic),85.33,3843.36,No
5432-SSCKJ,Female,0,Yes,No,32,Yes,No,No,No internet service,No internet service,No internet service,No internet service,No internet service,No internet service,One year,Yes,Electronic check,18.49,592.1,No
4549-RLYUG,Female,0,Yes,No,61,Yes,No,DSL,No,No,Yes,No,Yes,Yes,Two year,Yes,Bank transfer (automatic),57.52,3499.48,No
2248-JJSWH,Female,0,No,No,62,Yes,No,DSL,No,No,Yes,Yes,No,No,Month-to-month,Yes,Bank transfer (automatic),52.2,3239.42,No
1794-YWSWU,Female,0,No,Yes,55,Yes,No,Fiber optic,No,No,No,No,No,Yes,Month-to-month,No,Credit card (automatic),80.77,4457.72,No
5716-ZCNBT,Male,0,Yes,No,38,No,No phone service,Fiber optic,No,No,Yes,No,No,Yes,One year,Yes,Mailed check,87.86,3328.5,Yes
4747-JUNEM,Female,0,No,No,59,Yes,No,DSL,No,No,Yes,Yes,Yes,Yes,Month-to-month,Yes,Credit card (automatic),74.03,4356.35,No
6162-GHLSG,Female,0,Yes,No,23,Yes,Yes,DSL,No,Yes,Yes,Yes,Yes,No,Month-to-month,No,Electronic check,62.74,1415.51,No
3236-PYCFE,Male,0,No,No,49,Yes,No,Fiber optic,Yes,No,No,Yes,No,No,Month-to-month,No,Electronic check,74.95,3676.43,Yes
4221-MNGLK,Male,0,No,No,32,No,No phone service,Fiber optic,No,No,Yes,No,No,No,Two year,No,Electronic check,75.96,2428.39,No
5996-QRCPC,Female,1,Yes,No,6,Yes,Yes,DSL,No,No,Yes,No,No,Yes,Month-to-month,No,Electronic check,57.67,339.04,Yes
4417-FRCKV,Male,0,No,No,45,Yes,Yes,No,No internet service,No internet service,No internet service,No internet service,No internet service,No internet service,Two year,No,Electronic check,18.25,832.56,No
8215-DMAJJ,Female,0,No,No,61,Yes,No,Fiber optic,No,No,No,Yes,No,Yes,Month-to-month,No,Bank transfer (automatic),80.13,4890.23,Yes
9120-GZLRA,Male,0,No,No,0,Yes,Yes,DSL,No,Yes,No,Yes,Yes,No,Month-to-month,No,Electronic check,65.15, ,Yes
8150-LJQBF,Female,0,No,Yes,64,Yes,Yes,Fiber optic,Yes,No,No,Yes,Yes,Yes,Month-to-month,Yes,Electronic check,94.11,6015.7,Yes
8528-VKHMT,Male,0,Yes,No,44,Yes,Yes,DSL,No,Yes,Yes,No,Yes,Yes,One year,Yes,Bank transfer (automatic),68.01,2985.05,Yes
6680-QHDVU,Male,0,No,No,54,Yes,Yes,DSL,Yes,Yes,Yes,No,No,Yes,One year,Yes,Bank transfer (automatic),65.32,3509.87,No
2978-LRAFT,Female,0,No,No,65,Yes,No,No,No internet service,No internet service,No internet service,No internet service,No internet service,No internet service,Month-to-month,Yes,Bank transfer (automatic),18.25,1197.43,No
4420-WKMBG,Female,0,No,Yes,66,Yes,No,DSL,Yes,No,No,No,Yes,Yes,One year,Yes,Bank transfer (automatic),65.71,4339.78,No
7891-QCTXJ,Female,0,Yes,No,53,Yes,No,Fiber optic,No,No,No,No,No,No,Two year,No,Bank transfer (automatic),73.61,3906.05,No
6555-GUAGA,Female,0,No,No,62,Yes,No,DSL,Yes,Yes,No,Yes,No,No,Month-to-month,Yes,Electronic check,71.18,4405.78,Yes
8001-YRLYD,Female,1,No,No,53,Yes,No,DSL,No,Yes,No,No,No,No,One year,No,Mailed check,50.47,2681.73,No
1672-CDXQQ,Male,0,No,No,51,Yes,No,DSL,Yes,No,No,No,No,Yes,Month-to-month,Yes,Bank transfer (automatic),53.27,2728.1,No
7810-WHTGU,Female,0,Yes,Yes,53,Yes,Yes,Fiber optic,Yes,Yes,Yes,Yes,No,Yes,One year,Yes,Bank transfer (automatic),107.6,5704.61,No
2400-SKSZK,Female,0,Yes,No,66,Yes,No,Fiber optic,Yes,No,No,No,No,No,Two year,Yes,Mailed check,76.62,5063.46,No
7398-GENAS,Male,0,Yes,No,36,Yes,No,DSL,Yes,Yes,No,No,Yes,No,One year,Yes,Mailed check,60.09,2153.31,No
1577-UFJHM,Male,1,Yes,No,11,Yes,No,Fiber optic,Yes,No,No,Yes,No,Yes,Month-to-month,No,Electronic check,91.96,1032.76,No
6020-UPWSY,Female,1,No,No,58,Yes,No,Fiber optic,No,No,Yes,No,No,Yes,One year,Yes,Mailed check,81.22,4717.4,No
3804-QWZAY,Male,0,No,Yes,19,Yes,No,Fiber optic,Yes,No,No,Yes,Yes,No,Two year,Yes,Bank transfer (automatic),90.95,1744.86,No
4431-QJPZF,Male,0,No,No,31,Yes,No,DSL,No,Yes,Yes,No,No,Yes,Month-to-month,No,Mailed check,56.55,1758.95,No
2241-UKUPZ,Female,0,No,No,70,Yes,Yes,DSL,No,Yes,No,No,No,Yes,Month-to-month,No,Bank transfer (automatic),53.32,3729.35,Yes
9020-CBXEC,Male,0,Yes,Yes,43,Yes,No,No,No internet service,No internet service,No internet service,No internet service,No internet service,No internet service,Month-to-month,Yes,Credit card (automatic),18.25,781.37,Yes
7409-HDEZM,Male,0,Yes,No,65,Yes,Yes,Fiber optic,No,Yes,Yes,No,Yes,Yes,Month-to-month,No,Electronic check,99.36,6454.78,No
3829-MEWSV,Female,1,No,No,54,Yes,No,DSL,No,No,Yes,No,No,Yes,One year,No,Bank transfer (automatic),52.18,2817.41,No
2106-CRCQG,Female,1,No,No,15,Yes,No,Fiber optic,No,No,No,Yes,No,Yes,Two year,Yes,Bank transfer (automatic),76.2,1145.67,No
5020-UYEVC,Male,1,No,No,70,Yes,No,DSL,Yes,Yes,No,No,No,No,Two year,Yes,Mailed check,60.6,4247.93,No
3246-AHXSD,Male,0,Yes,No,67,Yes,Yes,DSL,No,Yes,Yes,Yes,Yes,No,Month-to-month,No,Electronic check,65.21,4369.88,No
3702-PPDKD,Female,0,No,No,51,Yes,Yes,DSL,No,No,No,No,No,Yes,Month-to-month,No,Mailed check,49.95,2531.59,No
7353-PLBYP,Male,0,Yes,No,36,Yes,No,Fiber optic,No,Yes,No,No,No,Yes,One year,Yes,Electronic check,83.67,2997.98,No
1273-KVNVD,Male,0,No,Yes,45,No,No phone service,Fiber optic,No,No,Yes,No,No,Yes,Month-to-month,Yes,Bank transfer (automatic),79.06,3558.71,No
6207-XKDVM,Male,0,No,No,40,Yes,Yes,DSL,No,No,Yes,No,No,No,Month-to-month,Yes,Mailed check,46.68,1860.37,No
8318-CMEZZ,Female,0,No,No,4,Yes,Yes,No,No internet service,No internet service,No internet service,No internet service,No internet service,No internet service,Month-to-month,Yes,Mailed check,18.65,93.94,No
1651-QWPPR,Male,0,Yes,Yes,65,Yes,No,Fiber optic,No,No,No,No,No,Yes,One year,No,Bank transfer (automatic),72.74,4737.07,No
7516-GJZTA,Male,0,No,No,4,No,No phone service,No,No internet service,No internet service,No internet service,No internet service,No internet service,No internet service,Month-to-month,Yes,Electronic check,18.84,77.73,No
3638-DKSZY,Female,1,Yes,No,62,Yes,No,DSL,No,No,No,Yes,No,No,Month-to-month,No,Bank transfer (automatic),51.29,3169.3,No
6256-JWDMP,Male,1,Yes,No,2,Yes,No,No,No internet service,No internet service,No internet service,No internet service,No internet service,No internet service,Month-to-month,Yes,Credit card (automatic),20.11,39.93,Yes
6614-VDEQJ,Male,1,No,Yes,7,Yes,No,Fiber optic,Yes,Yes,No,Yes,No,Yes,Month-to-month,Yes,Electronic check,83.75,582.7,Yes
9901-LPYNP,Female,0,Yes,No,25,Yes,No,Fiber optic,Yes,Yes,No,No,No,No,Month-to-month,No,Electronic check,82.6,2050.64,Yes
8653-QLKRG,Female,0,No,No,52,Yes,No,No,No internet service,No internet service,No internet service,No internet service,No internet service,No internet service,Two year,No,Credit card (automatic),18.25,962.51,No
4964-AWRZB,Female,0,Yes,No,28,Yes,Yes,Fiber optic,No,No,No,No,No,Yes,Month-to-month,Yes,Mailed check,77.98,2179.44,No
8088-VNGAB,Female,0,No,No,13,Yes,Yes,Fiber optic,Yes,No,Yes,No,Yes,No,Month-to-month,Yes,Bank transfer (automatic),84.97,1108.19,Yes
9753-UPEBH,Male,1,No,No,4,Yes,Yes,No,No internet service,No internet service,No internet service,No internet service,No internet service,No internet service,Two year,Yes,Mailed check,18.25,64.4,No
2201-XMUHJ,Male,1,Yes,Yes,26,Yes,Yes,DSL,Yes,No,Yes,No,No,Yes,Two year,Yes,Credit card (automatic),67.25,1755.61,No
5518-FGGJT,Female,0,No,No,67,Yes,No,DSL,Yes,Yes,Yes,No,Yes,Yes,Month-to-month,Yes,Mailed check,77.93,5218.78,No
4329-HDCCL,Female,0,No,Yes,28,No,No phone service,No,No internet service,No internet service,No internet service,No internet service,No internet service,No internet service,One year,Yes,Electronic check,18.47,513.52,No
3397-HKUWQ,Male,0,No,No,2,Yes,No,Fiber optic,Yes,Yes,No,No,No,Yes,Month-to-month,Yes,Credit card (automatic),86.92,166.64,No
9164-EBSXE,Female,0,No,Yes,29,Yes,No,Fiber optic,No,No,Yes,No,Yes,Yes,One year,Yes,Electronic check,89.5,2593.5,Yes
2227-TSVRL,Male,1,No,No,8,Yes,Yes,DSL,No,Yes,Yes,Yes,No,Yes,One year,No,Bank transfer (automatic),70.42,555.51,No
4246-JXBRK,Female,0,Yes,No,0,Yes,No,DSL,Yes,Yes,No,No,No,No,Month-to-month,Yes,Electronic check,53.16, ,No
2441-JHSJN,Male,0,Yes,No,22,Yes,No,DSL,Yes,Yes,Yes,Yes,No,No,Two year,Yes,Mailed check,62.84,1387.82,No
8996-TBUEK,Female,0,Yes,No,66,Yes,No,DSL,Yes,Yes,No,No,Yes,Yes,Month-to-month,Yes,Bank transfer (automatic),67.31,4445.66,No
5773-QTLNJ,Female,0,No,Yes,31,Yes,Yes,DSL,No,Yes,No,No,No,No,Month-to-month,No,Bank transfer (automatic),51.01,1569.71,No
7516-ZBSLB,Male,0,No,No,5,Yes,No,Fiber optic,No,Yes,Yes,No,No,Yes,One year,No,Mailed check,92.35,453.3,No
2894-XKVGB,Female,1,No,No,48,Yes,No,DSL,No,Yes,Yes,No,Yes,No,One year,No,Electronic check,62.1,2985.61,No
1710-FBWMC,Male,0,No,No,14,Yes,No,Fiber optic,No,Yes,No,Yes,Yes,No,Month-to-month,No,Bank transfer (automatic),95.19,1340.03,Yes
8768-TQEGZ,Male,0,No,Yes,57,Yes,Yes,Fiber optic,Yes,No,No,No,Yes,No,Month-to-month,Yes,Credit card (automatic),83.6,4760.31,No
2467-AGFQA,Male,0,Yes,Yes,52,Yes,No,No,No internet service,No internet service,No internet service,No internet service,No internet service,No internet service,Month-to-month,No,Credit card (automatic),21.04,1091.85,No
9390-UCNNH,Male,0,Yes,No,29,Yes,Yes,Fiber optic,Yes,No,No,Yes,No,Yes,Month-to-month,Yes,Electronic check,83.8,2427.17,No
1074-MPGPJ,Male,0,No,No,39,Yes,Yes,DSL,No,Yes,No,Yes,Yes,No,Month-to-month,No,Bank transfer (automatic),52.36,2046.48,Yes
8461-FLRPK,Female,0,Yes,No,58,Yes,No,DSL,No,No,No,No,Yes,Yes,Two year,No,Electronic check,55.26,3197.35,No
7662-ECHPR,Female,0,No,Yes,62,Yes,No,Fiber optic,Yes,No,No,No,No,Yes,Month-to-month,No,Electronic check,82.17,5099.32,Yes
9607-EDDGE,Male,0,Yes,No,47,Yes,Yes,DSL,Yes,No,No,Yes,Yes,No,One year,Yes,Electronic check,64.11,3015.49,No
8062-XUMHG,Female,0,Yes,No,67,Yes,No,No,No internet service,No internet service,No internet service,No internet service,No internet service,No internet service,Month-to-month,Yes,Electronic check,21.99,1471.07,No
6513-YAWQB,Male,0,No,Yes,6,Yes,No,Fiber optic,No,No,No,Yes,No,No,One year,No,Credit card (automatic),77.4,466.74,No
1311-JHEVG,Female,0,Yes,No,46,No,No phone service,Fiber optic,Yes,No,Yes,No,Yes,Yes,Two year,Yes,Bank transfer (automatic),90.29,4154.09,No
4385-KXZES,Female,0,No,No,42,Yes,No,Fiber optic,Yes,No,No,No,No,Yes,Month-to-month,Yes,Bank transfer (automatic),76.14,3192.2,No
2753-PPZLY,Female,0,Yes,No,15,Yes,No,DSL,No,No,No,Yes,Yes,Yes,Two year,Yes,Credit card (automatic),62.08,924.75,No
8020-KGPCN,Female,0,No,Yes,21,Yes,Yes,Fiber optic,No,No,No,Yes,No,No,Month-to-month,No,Credit card (automatic),75.53,1588.88,Yes
7747-HBWKA,Male,0,No,No,62,Yes,No,DSL,Yes,Yes,No,No,No,No,One year,No,Electronic check,54.5,3378.47,No
3089-ECEYV,Male,0,No,Yes,45,Yes,Yes,No,No internet service,No internet service,No internet service,No internet service,No internet service,No internet service,Month-to-month,Yes,Bank transfer (automatic),19.32,871.58,No
2483-KAKQR,Female,1,No,No,44,Yes,No,Fiber optic,No,No,Yes,Yes,No,No,One year,Yes,Mailed check,78.26,3438.41,No
8713-EATSP,Female,0,Yes,No,40,Yes,Yes,Fiber optic,Yes,Yes,Yes,Yes,Yes,Yes,Month-to-month,Yes,Electronic check,100.88,4037.55,No
2136-NXESY,Male,0,Yes,No,24,Yes,No,No,No internet service,No internet service,No internet service,No internet service,No internet service,No internet service,Month-to-month,Yes,Bank transfer (automatic),21.36,514.49,No
8762-ASWAV,Female,1,Yes,Yes,49,Yes,No,Fiber optic,Yes,No,No,Yes,Yes,No,Month-to-month,Yes,Mailed check,84.69,4163.81,No
6795-AVFKN,Male,0,No,No,66,Yes,Yes,Fiber optic,Yes,No,No,Yes,No,No,Two year,Yes,Credit card (automatic),82.86,5457.51,No
5012-EVVUQ,Male,0,No,Yes,51,Yes,No,Fiber optic,No,Yes,No,No,No,No,Month-to-month,Yes,Credit card (automatic),79.91,4077.39,Yes
7385-TKAPB,Male,0,Yes,No,30,Yes,Yes,Fiber optic,No,Yes,Yes,Yes,No,Yes,Month-to-month,No,Electronic check,99.45,2986.9,Yes
6100-ZLBPR,Female,0,No,Yes,36,Yes,No,Fiber optic,No,No,No,No,No,Yes,Month-to-month,Yes,Mailed check,76.33,2761.26,Yes
7935-YACYU,Male,0,Yes,No,21,No,No phone service,Fiber optic,Yes,No,No,No,No,Yes,Month-to-month,Yes,Bank transfer (automatic),85.26,1797.86,Yes
2536-NMNHZ,Female,0,Yes,No,26,Yes,Yes,DSL,No,Yes,No,Yes,No,No,Month-to-month,Yes,Electronic check,57.9,1517.79,No
4649-BNLUJ,Male,0,No,Yes,1,Yes,No,No,No internet service,No internet service,No internet service,No internet service,No internet service,No internet service,Month-to-month,No,Electronic check,21.15,12.15,Yes
5823-ZBZEV,Female,1,Yes,No,21,No,No phone service,Fiber optic,No,No,No,No,No,No,Two year,Yes,Mailed check,67.13,1416.04,No
6004-WNPXW,Female,0,Yes,No,52,Yes,No,DSL,Yes,No,No,No,No,No,Two year,No,Electronic check,56.14,2932.14,No
6454-CNWMC,Female,0,No,No,16,Yes,No,No,No internet service,No internet service,No internet service,No internet service,No internet service,No internet service,Two year,Yes,Electronic check,21.92,343.17,No
8773-BHGSP,Male,0,No,Yes,55,Yes,No,No,No internet service,No internet service,No internet service,No internet service,No internet service,No internet service,One year,Yes,Bank transfer (automatic),23.71,1302.57,No
6663-ELAMV,Male,0,Yes,No,30,Yes,No,Fiber optic,No,No,No,No,No,Yes,Two year,No,Mailed check,77.07,2321.52,No
9417-VLXZD,Female,0,No,Yes,42,No,No phone service,No,No internet service,No internet service,No internet service,No internet service,No internet service,No internet service,Month-to-month,Yes,Mailed check,21.83,912.45,No
1926-HLWUZ,Female,0,No,No,71,Yes,No,No,No internet service,No internet service,No internet service,No internet service,No internet service,No internet service,Month-to-month,No,Bank transfer (automatic),22.19,1580.41,Yes
3526-ABULS,Female,0,Yes,No,52,Yes,Yes,No,No internet service,No internet service,No internet service,No internet service,No internet service,No internet service,Two year,Yes,Mailed check,18.25,947.8,No
3165-HZVTU,Male,0,No,No,4,Yes,No,DSL,Yes,Yes,No,Yes,Yes,No,Month-to-month,No,Mailed check,74.4,307.91,Yes
6881-EAUAR,Male,1,Yes,No,1,Yes,Yes,DSL,Yes,No,No,No,No,Yes,Month-to-month,No,Bank transfer (automatic),59.41,59.99,No
7077-BSEJD,Male,0,Yes,No,58,Yes,Yes,Fiber optic,No,No,No,No,No,Yes,One year,Yes,Mailed check,73.48,4257.36,No
6141-YRTJY,Male,0,Yes,Yes,3,Yes,No,No,No internet service,No internet service,No internet service,No internet service,No internet service,No internet service,Month-to-month,No,Credit card (automatic),18.59,61.86,Yes
3536-SEVXP,Female,0,No,No,33,No,No phone service,No,No internet service,No internet service,No internet service,No internet service,No internet service,No internet service,Month-to-month,Yes,Bank transfer (automatic),18.81,611.01,Yes
2944-YLRWP,Female,0,Yes,No,66,Yes,Yes,Fiber optic,Yes,No,No,No,No,Yes,Two year,Yes,Mailed check,87.45,5765.36,No
7976-JSTRS,Male,0,Yes,No,72,Yes,Yes,Fiber optic,Yes,No,No,No,No,Yes,Month-to-month,Yes,Credit card (automatic),80.74,5808.77,No
9333-GJATR,Male,0,Yes,Yes,5,Yes,No,DSL,No,No,Yes,Yes,Yes,Yes,Month-to-month,Yes,Mailed check,73.69,362.92,Yes
5833-PQEYH,Female,0,Yes,No,57,Yes,Yes,DSL,No,Yes,No,Yes,No,No,One year,Yes,Credit card (automatic),56.64,3219.72,No
9195-UHKZQ,Male,0,No,No,46,Yes,Yes,Fiber optic,No,Yes,No,No,Yes,Yes,Month-to-month,Yes,Credit card (automatic),80.04,3690.09,No
1197-WCZSC,Male,0,Yes,No,4,Yes,No,No,No internet service,No internet service,No internet service,No internet service,No internet service,No internet service,Month-to-month,Yes,Electronic check,22.98,86.15,Yes
1590-FNWBP,Male,0,No,No,60,Yes,No,Fiber optic,Yes,No,Yes,No,Yes,Yes,One year,No,Electronic check,88.35,5301.01,No
5873-GLAQQ,Male,0,No,No,55,Yes,No,Fiber optic,Yes,Yes,No,Yes,No,No,Two year,Yes,Electronic check,90.56,4972.94,No
5604-TWTSW,Male,0,No,No,34,Yes,No,No,No internet service,No internet service,No internet service,No internet service,No internet service,No internet service,One year,No,Mailed check,18.96,649.3,Yes
9940-YNCGV,Male,0,No,No,12,Yes,No,DSL,No,Yes,No,No,Yes,No,Month-to-month,Yes,Credit card (automatic),53.21,637.63,Yes
3997-MAWTN,Female,0,Yes,No,25,Yes,No,No,No internet service,No internet service,No internet service,No internet service,No internet service,No internet service,Month-to-month,Yes,Electronic check,25.82,646.16,No
1768-GPLHQ,Male,0,Yes,Yes,63,Yes,Yes,Fiber optic,No,No,Yes,No,No,No,One year,No,Credit card (automatic),72.6,4567.94,No
1812-GHFNK,Male,0,No,No,10,Yes,No,Fiber optic,Yes,No,No,No,Yes,Yes,One year,Yes,Credit card (automatic),95.97,962.47,No
8233-TNPEG,Female,0,Yes,No,61,Yes,No,Fiber optic,Yes,No,No,Yes,Yes,No,Month-to-month,Yes,Mailed check,87.0,5314.21,Yes
4089-UULND,Female,0,No,No,46,Yes,Yes,DSL,Yes,Yes,No,No,No,Yes,Month-to-month,Yes,Electronic check,56.92,2606.98,No
9195-MRGSU,Female,0,Yes,No,69,Yes,No,Fiber optic,No,No,No,No,No,Yes,Two year,No,Bank transfer (automatic),76.45,5286.52,No
7679-PTSWA,Male,0,Yes,Yes,57,Yes,No,DSL,No,No,Yes,No,No,Yes,Month-to-month,Yes,Mailed check,57.27,3258.36,No
4212-VLKGY,Female,0,Yes,No,9,Yes,No,DSL,No,No,No,Yes,No,No,Two year,No,Electronic check,55.29,481.76,No
3788-PKPPS,Male,1,Yes,No,15,Yes,No,Fiber optic,No,No,Yes,No,Yes,No,Month-to-month,No,Electronic check,82.09,1238.32,Yes
5009-XXXYY,Male,1,No,No,11,Yes,Yes,DSL,No,Yes,No,Yes,Yes,Yes,Month-to-month,Yes,Credit card (automatic),64.29,701.92,Yes
3781-EGNKA,Male,0,Yes,No,70,Yes,No,Fiber optic,No,No,No,Yes,Yes,Yes,One year,No,Credit card (automatic),91.67,6399.61,Yes
5893-YAWRF,Female,0,No,Yes,49,Yes,No,Fiber optic,No,No,Yes,No,No,Yes,Month-to-month,Yes,Electronic check,78.35,3838.1,No
1783-DXLLH,Female,0,No,Yes,14,Yes,No,Fiber optic,No,No,No,Yes,No,Yes,Two year,No,Electronic check,78.38,1095.98,No
1513-JJERA,Female,0,No,No,58,Yes,No,No,No internet service,No internet service,No internet service,No internet service,No internet service,No internet service,Month-to-month,No,Mailed check,18.25,1048.94,No
4188-ARHXC,Female,0,Yes,Yes,69,Yes,Yes,DSL,No,No,Yes,Yes,Yes,No,One year,No,Electronic check,54.38,3753.01,No
2568-GXZNB,Female,0,No,Yes,61,Yes,No,DSL,No,Yes,Yes,No,Yes,Yes,Month-to-month,No,Mailed check,62.38,3812.54,No
3749-LJEXC,Male,1,Yes,No,71,Yes,Yes,Fiber optic,Yes,Yes,Yes,No,Yes,No,Month-to-month,Yes,Bank transfer (automatic),91.46,6491.45,No
7574-AWQBM,Male,1,No,No,61,Yes,No,Fiber optic,No,No,Yes,No,No,No,One year,No,Mailed check,80.07,4908.44,No
9518-LBYUJ,Male,0,Yes,Yes,49,Yes,No,No,No internet service,No internet service,No internet service,No internet service,No internet service,No internet service,Two year,Yes,Bank transfer (automatic),20.24,985.58,No
9746-AUTFA,Male,0,Yes,Yes,53,Yes,Yes,DSL,No,No,No,Yes,No,Yes,Two year,No,Mailed check,55.36,2938.73,No
5684-EYAGH,Female,0,No,No,53,Yes,Yes,No,No internet service,No internet service,No internet service,No internet service,No internet service,No internet service,Month-to-month,No,Mailed check,23.06,1218.13,Yes
7196-LYMBF,Female,0,No,Yes,27,Yes,Yes,DSL,Yes,Yes,No,No,Yes,No,Two year,No,Credit card (automatic),54.74,1482.46,No
9041-TEEQV,Male,0,Yes,No,50,Yes,No,Fiber optic,Yes,Yes,Yes,Yes,No,No,Two year,Yes,Mailed check,90.33,4517.52,No
2029-RRLFF,Female,0,Yes,No,32,No,No phone service,Fiber optic,No,No,No,No,Yes,No,Month-to-month,Yes,Electronic check,78.55,2519.75,Yes
9102-NKCPS,Female,0,No,No,0,Yes,No,DSL,No,No,Yes,No,No,Yes,Month-to-month,No,Credit card (automatic),57.87, ,Yes
3075-HBCSK,Male,0,No,No,68,Yes,No,DSL,Yes,No,Yes,Yes,No,No,Month-to-month,Yes,Credit card (automatic),63.66,4338.24,No
3942-UJMKW,Male,0,Yes,Yes,0,Yes,No,Fiber optic,No,No,No,Yes,No,No,Two year,No,Mailed check,74.98, ,No
5432-NWXJP,Female,1,No,Yes,54,Yes,Yes,No,No internet service,No internet service,No internet service,No internet service,No internet service,No internet service,Two year,Yes,Electronic check,21.53,1155.52,Yes
3594-VRAZC,Female,0,No,No,44,Yes,No,DSL,No,Yes,No,No,Yes,No,One year,No,Electronic check,57.36,2528.95,No
6362-XZWHK,Male,0,No,No,72,Yes,No,DSL,Yes,No,Yes,No,Yes,No,Month-to-month,Yes,Mailed check,64.57,4639.11,No
6986-VLPJR,Male,0,No,No,39,Yes,Yes,No,No internet service,No internet service,No internet service,No internet service,No internet service,No internet service,Month-to-month,No,Electronic check,18.25,742.75,Yes
8189-SAMNY,Male,0,Yes,Yes,60,Yes,No,Fiber optic,Yes,Yes,No,No,No,No,Month-to-month,Yes,Electronic check,87.26,5229.38,Yes
9748-PXEFC,Female,0,No,No,35,Yes,No,DSL,Yes,Yes,No,No,No,No,Month-to-month,Yes,Bank transfer (automatic),56.1,1964.29,No
8810-CDBLK,Male,0,Yes,No,23,Yes,No,Fiber optic,No,No,No,No,Yes,Yes,One year,No,Electronic check,85.53,1960.0,No
2614-GSNXK,Male,1,Yes,No,13,Yes,No,Fiber optic,No,Yes,Yes,No,No,No,Month-to-month,No,Mailed check,80.76,1052.37,Yes
5969-YVLGV,Female,0,No,Yes,0,Yes,No,No,No internet service,No internet service,No internet service,No internet service,No internet service,No internet service,Month-to-month,Yes,Mailed check,18.25, ,Yes
3974-ZEYZF,Female,0,Yes,No,46,Yes,Yes,DSL,No,Yes,Yes,No,No,No,Month-to-month,No,Mailed check,57.49,2646.28,No
3377-WKYLW,Female,0,No,Yes,20,Yes,No,No,No internet service,No internet service,No internet service,No internet service,No internet service,No internet service,One year,Yes,Mailed check,18.25,362.14,Yes
6651-NEECY,Female,1,Yes,No,72,Yes,Yes,DSL,Yes,Yes,Yes,Yes,No,Yes,Two year,Yes,Mailed check,70.02,5061.45,No
8934-CXWGU,Female,0,Yes,No,38,Yes,Yes,Fiber optic,No,Yes,Yes,Yes,Yes,Yes,Month-to-month,Yes,Mailed check,95.84,3653.37,Yes
8717-GHCWH,Male,0,No,No,2,Yes,Yes,Fiber optic,Yes,No,No,Yes,Yes,No,Month-to-month,Yes,Electronic check,88.02,188.5,No
8576-FDMTC,Male,0,Yes,No,15,Yes,No,Fiber optic,No,No,Yes,Yes,No,No,Month-to-month,Yes,Electronic check,88.01,1334.54,Yes
1366-QCATF,Female,0,Yes,No,67,Yes,Yes,DSL,No,Yes,No,No,Yes,Yes,Month-to-month,Yes,Electronic check,61.07,4092.93,Yes
5468-VLEVM,Female,0,No,Yes,25,No,No phone service,No,No internet service,No internet service,No internet service,No internet service,No internet service,No internet service,One year,Yes,Electronic check,21.15,526.77,Yes
9202-GJDWH,Female,0,Yes,Yes,53,Yes,Yes,Fiber optic,No,Yes,No,No,No,No,Month-to-month,No,Credit card (automatic),79.7,4231.57,No
3717-XBLSH,Female,0,Yes,Yes,12,Yes,No,DSL,No,Yes,No,No,No,No,Two year,No,Credit card (automatic),50.49,607.91,No
6430-GKEPB,Female,0,No,Yes,60,Yes,No,Fiber optic,Yes,No,Yes,No,Yes,No,Two year,Yes,Bank transfer (automatic),84.02,5042.87,No
3659-NFFAC,Male,0,Yes,Yes,19,Yes,No,DSL,Yes,Yes,No,Yes,Yes,Yes,Two year,Yes,Electronic check,60.23,1145.64,No
9356-BDLWS,Male,0,No,No,26,Yes,No,DSL,No,No,No,Yes,Yes,No,One year,Yes,Bank transfer (automatic),61.44,1602.22,No
1734-WDGRW,Male,0,Yes,No,1,Yes,Yes,DSL,No,Yes,No,No,No,Yes,Month-to-month,Yes,Bank transfer (automatic),58.45,57.05,Yes
7700-AADPJ,Male,0,Yes,Yes,9,Yes,Yes,Fiber optic,Yes,Yes,No,Yes,No,No,Month-to-month,No,Mailed check,95.63,854.28,Yes
7012-VWGRC,Female,0,Yes,Yes,59,Yes,Yes,DSL,No,Yes,No,No,No,No,Month-to-month,Yes,Electronic check,50.04,2957.72,No
4311-VCXBP,Male,0,Yes,No,18,Yes,Yes,No,No internet service,No internet service,No internet service,No internet service,No internet service,No internet service,Month-to-month,Yes,Mailed check,22.02,389.83,No
2636-KDCAQ,Female,1,Yes,No,14,Yes,No,Fiber optic,No,Yes,No,No,Yes,Yes,One year,No,Bank transfer (automatic),94.33,1322.91,Yes
2692-ATFDL,Female,1,Yes,Yes,46,Yes,No,No,No internet service,No internet service,No internet service,No internet service,No internet service,No internet service,One year,No,Mailed check,20.81,939.36,No
5817-WNGAR,Female,0,Yes,No,23,Yes,Yes,No,No internet service,No internet service,No internet service,No internet service,No internet service,No internet service,Month-to-month,No,Bank transfer (automatic),21.64,498.62,No
5673-AWXWK,Male,0,Yes,No,15,Yes,Yes,DSL,Yes,No,No,No,No,No,Month-to-month,No,Electronic check,51.43,780.43,No
2732-SABEM,Female,0,No,No,59,Yes,Yes,DSL,No,Yes,Yes,No,No,Yes,Month-to-month,Yes,Bank transfer (automatic),65.24,3847.37,No
7402-YHWJD,Male,1,No,No,48,Yes,No,DSL,Yes,No,No,Yes,No,Yes,Two year,No,Electronic check,67.19,3223.94,No
1572-SHRDC,Male,0,Yes,No,3,Yes,Yes,No,No internet service,No internet service,No internet service,No internet service,No internet service,No internet service,Two year,No,Bank transfer (automatic),18.25,40.01,No
9790-VBTNP,Female,0,No,Yes,65,Yes,No,Fiber optic,No,Yes,Yes,Yes,Yes,Yes,One year,No,Mailed check,95.96,6246.97,No
9537-NXTSB,Female,0,No,Yes,48,Yes,Yes,DSL,Yes,No,No,Yes,No,No,Two year,Yes,Bank transfer (automatic),60.58,2928.73,No
5356-NNTLN,Female,1,No,No,30,Yes,No,No,No internet service,No internet service,No internet service,No internet service,No internet service,No internet service,One year,No,Mailed check,18.25,536.34,No
3143-ZWQMU,Male,0,No,No,65,Yes,No,Fiber optic,No,No,No,No,No,No,Two year,No,Electronic check,69.41,4507.33,No
7507-MUBUJ,Female,0,No,No,53,Yes,Yes,Fiber optic,No,Yes,No,No,Yes,No,Two year,No,Credit card (automatic),86.15,4559.59,No
7861-KUFYQ,Male,0,Yes,Yes,1,Yes,No,DSL,No,No,No,Yes,Yes,Yes,Two year,Yes,Electronic check,66.28,68.3,Yes
8924-XHEBV,Female,0,No,No,60,Yes,No,DSL,Yes,Yes,Yes,No,No,Yes,One year,Yes,Mailed check,65.3,3916.64,No
6045-DTRKQ,Female,0,No,No,14,Yes,No,Fiber optic,No,No,Yes,No,Yes,Yes,Two year,Yes,Bank transfer (automatic),90.58,1284.87,Yes
2883-QAVLW,Male,0,Yes,No,59,Yes,No,Fiber optic,No,No,Yes,No,Yes,No,Month-to-month,Yes,Mailed check,85.42,5045.57,No
3961-HYBHY,Male,0,Yes,No,42,Yes,No,Fiber optic,No,No,No,No,No,No,Month-to-month,No,Bank transfer (automatic),70.79,2977.3,No
5902-RFTFM,Male,1,No,No,39,Yes,No,No,No internet service,No internet service,No internet service,No internet service,No internet service,No internet service,Month-to-month,Yes,Mailed check,20.59,805.25,No
2383-XLJLR,Male,0,No,No,29,Yes,No,DSL,No,Yes,No,Yes,No,Yes,Month-to-month,Yes,Bank transfer (automatic),63.72,1838.3,No
3816-NFCCU,Male,0,Yes,No,62,No,No phone service,DSL,Yes,Yes,Yes,No,No,No,Month-to-month,Yes,Mailed check,62.58,3860.74,No
5897-XJHWU,Male,0,Yes,No,23,Yes,Yes,Fiber optic,Yes,No,No,No,Yes,Yes,Month-to-month,Yes,Credit card (automatic),86.86,1990.71,Yes
4459-NPERB,Female,0,No,Yes,43,Yes,No,Fiber optic,No,No,Yes,No,No,No,Month-to-month,Yes,Electronic check,82.16,3522.08,No
5255-FSCMY,Female,0,Yes,No,13,Yes,No,Fiber optic,No,No,Yes,No,No,No,One year,No,Credit card (automatic),78.42,1021.86,Yes
8043-DBCLS,Male,0,No,Yes,27,Yes,No,No,No internet service,No internet service,No internet service,No internet service,No internet service,No internet service,Two year,No,Mailed check,20.51,543.97,No
9841-HSGSP,Female,0,Yes,No,13,Yes,Yes,Fiber optic,Yes,No,No,Yes,No,Yes,One year,No,Electronic check,92.08,1170.57,No
6299-XPERU,Male,1,Yes,No,55,Yes,Yes,Fiber optic,No,Yes,No,Yes,Yes,No,Two year,Yes,Credit card (automatic),86.88,4768.91,No
9968-ZQZZU,Female,1,Yes,Yes,33,Yes,No,Fiber optic,Yes,Yes,No,Yes,Yes,No,One year,No,Credit card (automatic),89.97,2990.03,Yes
5164-ZSJFX,Female,1,Yes,Yes,11,Yes,No,Fiber optic,No,No,No,Yes,No,No,Month-to-month,No,Electronic check,79.04,882.92,Yes
1058-BXHVS,Male,0,Yes,No,55,Yes,Yes,No,No internet service,No internet service,No internet service,No internet service,No internet service,No internet service,Month-to-month,Yes,Mailed check,18.25,998.33,No
1784-QAMYE,Male,0,No,No,60,Yes,Yes,Fiber optic,Yes,No,No,No,No,No,Month-to-month,No,Credit card (automatic),77.73,4679.24,Yes
3109-NENWZ,Male,0,No,Yes,60,Yes,No,No,No internet service,No internet service,No internet service,No internet service,No internet service,No internet service,Two year,No,Mailed check,25.86,1546.06,No
3228-LALCL,Female,0,Yes,Yes,39,Yes,Yes,Fiber optic,No,Yes,No,Yes,Yes,Yes,Month-to-month,Yes,Credit card (automatic),98.14,3822.61,No
2931-STVSJ,Male,0,No,No,19,Yes,No,DSL,No,Yes,No,No,No,Yes,Month-to-month,Yes,Bank transfer (automatic),56.24,1071.51,No
7930-QKYPQ,Female,0,No,No,41,Yes,Yes,DSL,No,No,No,No,Yes,Yes,Two year,Yes,Credit card (automatic),55.94,2277.1,No
8433-BBCNM,Male,0,Yes,No,6,Yes,Yes,Fiber optic,No,No,No,No,No,Yes,Month-to-month,Yes,Mailed check,79.69,502.3,Yes
3709-LDRXQ,Female,0,Yes,No,72,Yes,Yes,Fiber optic,Yes,No,Yes,No,No,Yes,One year,Yes,Electronic check,77.03,5548.82,Yes
3172-QJDKC,Female,0,Yes,No,67,Yes,Yes,DSL,No,Yes,No,Yes,Yes,Yes,Two year,No,Electronic check,73.59,4927.32,No
7677-UDWCW,Male,0,No,Yes,30,Yes,No,Fiber optic,No,No,Yes,No,No,No,Month-to-month,Yes,Electronic check,79.45,2386.34,No
5551-NFPHT,Female,0,No,No,69,No,No phone service,DSL,No,Yes,No,No,Yes,No,One year,No,Credit card (automatic),45.98,3180.32,No
9112-ARSZQ,Female,0,Yes,No,46,Yes,Yes,Fiber optic,No,No,Yes,No,Yes,Yes,One year,Yes,Credit card (automatic),92.73,4265.94,No
7831-LNNTC,Male,0,No,Yes,50,Yes,No,No,No internet service,No internet service,No internet service,No internet service,No internet service,No internet service,Month-to-month,Yes,Electronic check,20.04,1006.09,No
2691-ELQYF,Female,0,Yes,No,57,Yes,Yes,DSL,Yes,Yes,Yes,Yes,Yes,No,One year,Yes,Electronic check,69.32,3946.04,No
6247-ESXVT,Male,1,Yes,No,21,No,No phone service,DSL,No,No,Yes,Yes,Yes,Yes,Month-to-month,No,Bank transfer (automatic),69.07,1445.8,Yes
6829-CQNMZ,Male,0,Yes,No,23,No,No phone service,Fiber optic,No,No,Yes,No,No,Yes,Month-to-month,Yes,Mailed check,82.53,1896.68,Yes
8986-DJCTN,Male,1,No,No,33,Yes,Yes,Fiber optic,Yes,No,No,Yes,No,No,Two year,No,Credit card (automatic),80.68,2659.99,Yes
1822-WXJLA,Male,0,Yes,No,62,Yes,No,Fiber optic,No,No,Yes,No,No,No,Two year,No,Electronic check,78.31,4861.42,No
6879-ULAGQ,Female,0,No,No,59,Yes,No,Fiber optic,No,Yes,Yes,Yes,No,No,Month-to-month,Yes,Mailed check,88.81,5234.37,No
8958-BEHAS,Female,0,Yes,No,18,Yes,No,No,No internet service,No internet service,No internet service,No internet service,No internet service,No internet service,One year,No,Credit card (automatic),19.44,347.22,No
1998-XDDQL,Female,0,Yes,No,23,Yes,No,No,No internet service,No internet service,No internet service,No internet service,No internet service,No internet service,Two year,Yes,Mailed check,18.25,428.33,No
9640-AGPGR,Male,0,No,No,63,Yes,No,Fiber optic,Yes,No,No,Yes,Yes,No,Month-to-month,Yes,Bank transfer (automatic),84.44,5311.06,Yes
6007-SVGAK,Female,0,No,No,19,Yes,No,Fiber optic,No,No,No,Yes,Yes,Yes,Month-to-month,Yes,Bank transfer (automatic),87.38,1645.77,No
2830-FCENS,Female,0,No,No,26,Yes,Yes,DSL,Yes,No,No,Yes,Yes,Yes,Month-to-month,Yes,Mailed check,59.62,1544.4,No
5392-GSVLE,Male,0,No,Yes,57,Yes,No,DSL,No,No,Yes,No,No,No,Month-to-month,No,Bank transfer (automatic),51.41,2914.51,No
2697-EEJCR,Male,0,No,Yes,43,Yes,No,DSL,No,No,No,No,No,Yes,Month-to-month,Yes,Mailed check,53.9,2304.71,Yes
2432-JGUYB,Female,0,Yes,No,64,Yes,Yes,DSL,Yes,Yes,No,No,Yes,No,Month-to-month,Yes,Bank transfer (automatic),60.83,3889.18,No
5927-ZGYKS,Male,0,Yes,No,45,Yes,Yes,No,No internet service,No internet service,No internet service,No internet service,No internet service,No internet service,Two year,Yes,Mailed check,21.37,958.89,No
6969-PRTKC,Male,0,No,Yes,53,Yes,No,No,No internet service,No internet service,No internet service,No internet service,No internet service,No internet service,Month-to-month,Yes,Electronic check,19.75,1052.28,No
3819-BHHWH,Male,0,No,Yes,38,Yes,Yes,No,No internet service,No internet service,No internet service,No internet service,No internet service,No internet service,Two year,No,Bank transfer (automatic),22.27,856.71,No
5993-BEXGZ,Male,0,No,No,6,Yes,No,Fiber optic,No,No,No,No,No,Yes,Two year,Yes,Mailed check,82.14,490.42,No
5279-XNUKN,Female,0,Yes,No,53,Yes,Yes,Fiber optic,No,No,No,Yes,No,No,Two year,Yes,Bank transfer (automatic),75.33,3991.21,No
7799-TMEJZ,Male,0,Yes,No,42,Yes,No,Fiber optic,No,No,No,No,No,No,Month-to-month,No,Credit card (automatic),71.11,2977.28,No
1145-AJGZV,Male,1,No,Yes,19,No,No phone service,No,No internet service,No internet service,No internet service,No internet service,No internet service,No internet service,Month-to-month,No,Credit card (automatic),18.97,367.21,No
4082-HBZRS,Male,0,Yes,No,24,Yes,Yes,Fiber optic,No,No,Yes,No,No,No,One year,No,Bank transfer (automatic),73.11,1745.75,Yes
6907-LFUVR,Male,0,Yes,No,42,Yes,No,DSL,Yes,Yes,No,Yes,Yes,No,Two year,Yes,Electronic check,67.48,2853.22,No
8552-GEFUB,Male,0,Yes,Yes,72,No,No phone service,Fiber optic,No,Yes,No,No,Yes,Yes,Month-to-month,Yes,Mailed check,82.19,5907.21,No
4592-DQAML,Male,0,Yes,No,26,Yes,No,Fiber optic,No,No,No,No,No,No,Month-to-month,Yes,Mailed check,71.29,1845.99,Yes
2087-METLF,Male,0,No,No,24,Yes,No,Fiber optic,Yes,No,No,No,Yes,No,Month-to-month,No,Bank transfer (automatic),82.2,1969.56,No
7554-PCKHE,Male,0,No,Yes,35,No,No phone service,Fiber optic,No,Yes,Yes,No,No,Yes,Month-to-month,No,Bank transfer (automatic),96.96,3391.39,No
7980-JPQUL,Female,0,Yes,No,65,Yes,Yes,Fiber optic,No,No,No,No,Yes,No,One year,No,Bank transfer (automatic),76.15,4948.06,No
2216-MRLFC,Male,0,Yes,No,8,No,No phone service,DSL,Yes,Yes,No,No,No,Yes,Two year,Yes,Electronic check,53.97,435.91,Yes
7693-RXJJK,Female,0,No,Yes,52,Yes,Yes,DSL,Yes,Yes,No,No,Yes,Yes,One year,No,Mailed check,67.4,3504.12,Yes
5941-QZRMT,Male,0,Yes,Yes,20,Yes,Yes,Fiber optic,No,No,No,No,Yes,Yes,Month-to-month,Yes,Mailed check,78.74,1576.93,Yes
5811-YNWAL,Male,0,No,Yes,49,Yes,No,DSL,Yes,Yes,No,Yes,Yes,Yes,Two year,No,Electronic check,83.08,4070.88,No
2356-JQZCE,Male,0,No,No,15,Yes,No,DSL,No,No,Yes,Yes,No,No,One year,No,Mailed check,51.94,781.53,No
8318-SQRMN,Male,1,No,Yes,65,Yes,No,No,No internet service,No internet service,No internet service,No internet service,No internet service,No internet service,Month-to-month,Yes,Electronic check,18.25,1184.77,No
7810-NQXJY,Female,0,No,No,25,Yes,No,No,No internet service,No internet service,No internet service,No internet service,No internet service,No internet service,Month-to-month,Yes,Mailed check,24.53,608.6,No
1297-UCALB,Male,0,Yes,No,43,Yes,No,DSL,Yes,Yes,No,No,No,No,Month-to-month,Yes,Bank transfer (automatic),57.74,2479.13,No
7398-EWDNP,Male,0,No,No,28,No,No phone service,DSL,No,Yes,Yes,Yes,No,No,Two year,Yes,Credit card (automatic),50.05,1405.37,No
8862-TWBYM,Female,1,Yes,No,45,Yes,No,Fiber optic,Yes,No,No,Yes,Yes,Yes,Two year,No,Mailed check,91.59,4133.31,No
7782-JUTDD,Female,0,Yes,No,70,Yes,Yes,No,No internet service,No internet service,No internet service,No internet service,No internet service,No internet service,Month-to-month,No,Mailed check,18.25,1277.74,No
3070-LTXJN,Male,0,Yes,No,48,Yes,No,Fiber optic,No,No,Yes,Yes,Yes,Yes,Month-to-month,Yes,Credit card (automatic),98.78,4737.82,Yes
3707-SZZFX,Female,0,Yes,No,14,Yes,No,Fiber optic,No,Yes,No,Yes,No,No,Month-to-month,No,Mailed check,71.23,1004.03,No
7173-JVRFG,Female,0,Yes,No,16,Yes,No,DSL,No,No,Yes,Yes,No,Yes,Month-to-month,No,Mailed check,60.04,960.6,Yes
8412-TKZCE,Female,0,Yes,No,8,No,No phone service,Fiber optic,No,Yes,No,No,Yes,No,Two year,Yes,Bank transfer (automatic),83.21,664.01,Yes
9605-AYWKD,Male,0,No,No,31,Yes,Yes,Fiber optic,Yes,Yes,No,No,Yes,Yes,Two year,Yes,Electronic check,89.0,2752.56,Yes
3846-ENPQZ,Male,1,No,No,65,Yes,No,DSL,No,Yes,No,No,Yes,No,One year,Yes,Electronic check,59.49,3873.55,No
4227-EACFE,Male,0,Yes,No,58,Yes,No,Fiber optic,Yes,No,No,No,No,Yes,Month-to-month,Yes,Electronic check,80.48,4664.58,Yes
5593-JCAYK,Female,0,No,No,31,Yes,Yes,Fiber optic,No,No,No,No,No,Yes,Month-to-month,No,Electronic check,81.2,2506.15,No
6725-BGBAR,Male,0,Yes,No,42,Yes,Yes,No,No internet service,No internet service,No internet service,No internet service,No internet service,No internet service,Month-to-month,Yes,Credit card (automatic),23.03,957.17,No
3460-RLJUG,Female,0,No,No,58,Yes,Yes,Fiber optic,No,Yes,Yes,Yes,No,Yes,Month-to-month,Yes,Electronic check,88.33,5114.89,Yes
8886-FWVGD,Male,1,Yes,Yes,29,Yes,No,Fiber optic,Yes,No,Yes,No,No,No,Month-to-month,Yes,Bank transfer (automatic),82.24,2384.5,Yes
8472-EHBDV,Male,0,No,No,10,Yes,No,DSL,Yes,No,Yes,Yes,Yes,No,Month-to-month,No,Electronic check,78.13,781.75,No
2234-GKWZT,Female,0,Yes,Yes,25,Yes,Yes,DSL,No,No,Yes,No,Yes,No,Two year,No,Electronic check,56.44,1418.53,No
6730-MHYEZ,Male,0,No,Yes,1,No,No phone service,No,No internet service,No internet service,No internet service,No internet service,No internet service,No internet service,Month-to-month,No,Credit card (automatic),22.25,22.15,Yes
9081-JMEEK,Female,0,Yes,No,33,Yes,Yes,Fiber optic,No,Yes,No,Yes,Yes,Yes,One year,Yes,Credit card (automatic),85.46,2818.53,Yes
1539-NMMVD,Female,0,Yes,No,40,Yes,Yes,Fiber optic,No,No,No,No,No,No,Two year,No,Electronic check,70.68,2836.93,Yes
4559-YKAWM,Male,1,Yes,No,30,Yes,Yes,Fiber optic,No,No,Yes,No,No,No,Month-to-month,No,Mailed check,75.17,2253.93,Yes
5936-TGFFM,Female,1,Yes,No,62,Yes,No,No,No internet service,No internet service,No internet service,No internet service,No internet service,No internet service,Month-to-month,Yes,Electronic check,18.25,1137.89,No
9625-WVVVB,Male,0,No,Yes,54,Yes,No,DSL,No,Yes,Yes,Yes,No,Yes,Month-to-month,No,Mailed check,62.06,3357.35,No
7256-HYEVX,Male,0,No,No,60,Yes,No,Fiber optic,No,Yes,No,Yes,Yes,No,Month-to-month,Yes,Bank transfer (automatic),87.39,5237.91,No
5665-LCMQL,Female,0,Yes,No,35,Yes,No,Fiber optic,No,No,Yes,No,No,No,Two year,No,Credit card (automatic),77.99,2752.29,No
5850-LVRHH,Male,1,No,Yes,39,Yes,Yes,DSL,No,No,Yes,No,No,No,Two year,Yes,Mailed check,49.23,1940.73,No
5283-YAAAF,Female,0,Yes,No,22,Yes,Yes,No,No internet service,No internet service,No internet service,No internet service,No internet service,No internet service,Month-to-month,Yes,Electronic check,18.25,398.59,No
9192-JKQJN,Male,0,No,No,25,Yes,Yes,No,No internet service,No internet service,No internet service,No internet service,No internet service,No internet service,Two year,Yes,Bank transfer (automatic),22.27,557.32,No
1941-QDMNG,Male,0,Yes,No,17,Yes,Yes,DSL,Yes,No,No,Yes,No,No,Month-to-month,Yes,Credit card (automatic),53.48,883.93,No
5270-WBWFE,Male,0,No,No,33,Yes,No,Fiber optic,No,No,No,No,No,Yes,One year,No,Electronic check,72.49,2388.8,Yes
5553-UHQBN,Male,1,Yes,No,27,Yes,No,DSL,No,No,No,No,No,No,One year,No,Electronic check,49.67,1332.28,Yes
9899-CZARK,Male,0,No,No,48,Yes,Yes,Fiber optic,No,Yes,Yes,No,No,No,Two year,Yes,Bank transfer (automatic),85.13,4096.02,No
9548-SDYVY,Female,0,Yes,No,63,Yes,Yes,Fiber optic,Yes,Yes,Yes,No,No,No,Two year,No,Electronic check,82.84,5209.93,No
8403-TBLJF,Female,0,No,No,70,Yes,Yes,Fiber optic,No,No,No,No,No,No,Two year,Yes,Bank transfer (automatic),68.16,4774.66,No
6540-MWKKS,Female,0,No,No,62,Yes,No,DSL,No,Yes,No,Yes,Yes,Yes,One year,No,Mailed check,70.6,4395.24,No
6913-DQTTS,Female,0,Yes,No,61,Yes,No,Fiber optic,Yes,No,No,Yes,Yes,No,One year,No,Credit card (automatic),88.14,5374.79,No
4068-SUPRX,Female,0,No,Yes,41,Yes,No,DSL,Yes,No,No,No,No,Yes,Month-to-month,Yes,Credit card (automatic),54.25,2229.11,Yes
6771-LQUWW,Female,0,No,No,23,Yes,No,Fiber optic,No,No,No,No,Yes,No,Month-to-month,Yes,Credit card (automatic),72.31,1668.44,No
8038-GBPRF,Male,0,No,No,34,Yes,Yes,DSL,No,No,No,No,Yes,Yes,Month-to-month,No,Credit card (automatic),54.98,1866.1,Yes
1495-XMGEC,Male,0,No,No,54,Yes,No,Fiber optic,No,No,No,No,No,Yes,Month-to-month,No,Bank transfer (automatic),74.98,4039.38,No
2195-TPWUD,Female,0,No,No,48,Yes,No,No,No internet service,No internet service,No internet service,No internet service,No internet service,No internet service,Month-to-month,Yes,Electronic check,24.18,1165.38,No
7533-TJFBH,Female,0,No,No,58,Yes,No,DSL,Yes,No,No,No,No,No,Two year,Yes,Credit card (automatic),55.86,3219.47,No
6020-BJTMC,Male,0,No,No,21,Yes,Yes,Fiber optic,Yes,No,No,No,No,No,Month-to-month,Yes,Credit card (automatic),73.63,1542.43,Yes
5876-YZGXN,Male,0,Yes,No,60,Yes,No,Fiber optic,No,No,Yes,Yes,Yes,Yes,Month-to-month,No,Electronic check,92.13,5507.32,No
2501-GUYJM,Male,0,No,No,29,Yes,No,No,No internet service,No internet service,No internet service,No internet service,No internet service,No internet service,One year,Yes,Bank transfer (automatic),21.64,616.56,No
6821-URZLW,Female,0,No,No,68,Yes,No,Fiber optic,No,Yes,No,No,Yes,No,Two year,Yes,Mailed check,80.56,5469.13,No
2600-RFRVH,Female,0,No,No,59,Yes,Yes,DSL,No,Yes,No,No,Yes,Yes,Month-to-month,Yes,Electronic check,62.98,3711.51,No
1481-PBDTM,Female,1,Yes,No,5,Yes,Yes,DSL,Yes,Yes,Yes,No,Yes,Yes,Month-to-month,Yes,Bank transfer (automatic),80.42,391.65,Yes
9218-BEATD,Male,0,Yes,No,10,Yes,No,No,No internet service,No internet service,No internet service,No internet service,No internet service,No internet service,One year,Yes,Electronic check,18.76,179.19,No
7916-NBLKP,Male,0,No,No,23,Yes,No,No,No internet service,No internet service,No internet service,No internet service,No internet service,No internet service,Two year,Yes,Electronic check,18.25,409.2,No
3961-WMUXG,Female,0,No,Yes,50,Yes,No,Fiber optic,No,No,No,No,No,No,Two year,No,Electronic check,70.73,3529.56,No
8674-QBSZJ,Female,0,Yes,Yes,18,Yes,No,Fiber optic,Yes,No,Yes,Yes,Yes,Yes,Month-to-month,Yes,Mailed check,93.27,1676.1,No
5135-JGMEC,Male,1,Yes,No,49,Yes,Yes,Fiber optic,No,No,No,No,No,No,One year,Yes,Electronic check,68.43,3349.54,No
3127-XAQPL,Male,0,Yes,No,2,No,No phone service,Fiber optic,No,No,No,Yes,Yes,Yes,Month-to-month,Yes,Mailed check,95.2,186.17,Yes
4687-UMMPV,Male,1,No,No,2,Yes,Yes,DSL,No,No,Yes,Yes,Yes,Yes,Month-to-month,No,Bank transfer (automatic),71.18,123.73,No
2277-KPANK,Male,0,Yes,No,30,Yes,No,No,No internet service,No internet service,No internet service,No internet service,No internet service,No internet service,Month-to-month,No,Bank transfer (automatic),18.25,564.51,No
1140-AGMKP,Female,1,No,No,46,No,No phone service,DSL,Yes,No,No,Yes,Yes,Yes,One year,Yes,Electronic check,76.67,3519.31,No
7799-QJBBE,Male,1,No,No,7,Yes,No,Fiber optic,No,No,Yes,Yes,Yes,Yes,Month-to-month,No,Mailed check,84.04,566.74,Yes
9557-KRCUR,Male,1,No,Yes,16,Yes,Yes,Fiber optic,No,No,Yes,No,Yes,Yes,Month-to-month,Yes,Bank transfer (automatic),97.96,1561.89,Yes
6536-MQQEZ,Male,0,Yes,No,44,Yes,No,Fiber optic,No,No,No,No,No,No,Two year,No,Electronic check,71.63,3138.34,No
6070-FBPYC,Female,0,No,No,59,Yes,Yes,DSL,No,No,Yes,Yes,Yes,No,Two year,Yes,Bank transfer (automatic),67.83,3985.06,No
9168-BWASW,Female,0,No,No,20,Yes,No,Fiber optic,Yes,No,Yes,No,Yes,Yes,One year,No,Mailed check,92.06,1826.08,Yes
1213-UFJKM,Male,0,Yes,No,69,Yes,Yes,Fiber optic,No,No,No,Yes,No,Yes,Month-to-month,No,Bank transfer (automatic),75.29,5185.65,No
3122-BFFCQ,Male,1,No,Yes,20,Yes,No,DSL,No,No,No,No,Yes,No,One year,No,Credit card (automatic),52.93,1046.83,No
5703-JRYCJ,Male,0,No,No,57,Yes,No,No,No internet service,No internet service,No internet service,No internet service,No internet service,No internet service,Month-to-month,Yes,Mailed check,24.16,1400.24,No
1144-XWKCJ,Female,1,No,Yes,54,No,No phone service,No,No internet service,No internet service,No internet service,No internet service,No internet service,No internet service,One year,Yes,Mailed check,18.93,1034.8,No
3986-FDADG,Female,0,No,No,27,Yes,Yes,Fiber optic,No,No,No,No,No,No,Month-to-month,No,Mailed check,68.24,1830.1,Yes
9340-AESJA,Female,0,Yes,No,45,Yes,No,Fiber optic,No,No,Yes,No,Yes,Yes,One year,Yes,Credit card (automatic),87.83,3954.04,No
1034-VSCQX,Male,0,Yes,No,43,Yes,Yes,Fiber optic,No,No,No,Yes,No,Yes,Month-to-month,Yes,Electronic check,78.6,3365.76,Yes
9271-DXDQL,Female,0,Yes,No,24,Yes,Yes,Fiber optic,No,No,Yes,No,Yes,Yes,Two year,Yes,Bank transfer (automatic),91.42,2188.9,No
1596-PBXJJ,Male,0,No,No,70,No,No phone service,No,No internet service,No internet service,No internet service,No internet service,No internet service,No internet service,One year,Yes,Bank transfer (automatic),18.25,1276.16,No
1239-HXAGG,Male,0,No,Yes,48,Yes,No,Fiber optic,No,No,No,No,No,Yes,Two year,No,Bank transfer (automatic),75.17,3605.94,No
8063-FVYUA,Male,1,Yes,No,45,Yes,Yes,Fiber optic,No,Yes,No,Yes,Yes,Yes,One year,Yes,Bank transfer (automatic),86.79,3891.06,Yes
5578-AKNCK,Female,0,Yes,No,62,Yes,No,DSL,Yes,Yes,No,No,Yes,No,One year,No,Electronic check,59.33,3693.66,No
5762-SQDLY,Male,0,No,Yes,11,Yes,No,Fiber optic,No,No,No,Yes,No,No,One year,Yes,Credit card (automatic),75.51,833.0,Yes
9310-HDWXZ,Female,0,No,No,56,Yes,No,Fiber optic,No,Yes,No,Yes,No,Yes,Month-to-month,Yes,Credit card (automatic),88.46,4961.68,No
4594-CFLYB,Female,0,Yes,No,72,Yes,No,Fiber optic,Yes,Yes,Yes,Yes,Yes,Yes,Two year,No,Electronic check,112.32,8091.28,No
5384-YXFZY,Male,0,No,No,63,Yes,No,Fiber optic,No,No,No,Yes,Yes,No,Two year,Yes,Mailed check,86.94,5476.01,No
9710-QEBBF,Male,0,No,No,30,Yes,No,DSL,No,Yes,No,No,Yes,No,Month-to-month,Yes,Electronic check,61.48,1842.54,Yes
9964-BNLCM,Female,0,Yes,No,3,Yes,No,Fiber optic,Yes,Yes,Yes,No,No,Yes,Two year,Yes,Credit card (automatic),84.78,264.68,No
6912-ERPJZ,Male,0,Yes,Yes,53,Yes,Yes,No,No internet service,No internet service,No internet service,No internet service,No internet service,No internet service,One year,No,Credit card (automatic),18.25,973.78,No
7785-HSPFU,Female,0,Yes,Yes,64,Yes,Yes,Fiber optic,No,No,Yes,No,Yes,Yes,Month-to-month,Yes,Mailed check,88.6,5681.36,No
1884-JZZQM,Male,1,Yes,No,5,Yes,No,Fiber optic,No,No,No,Yes,No,Yes,Two year,No,Electronic check,83.44,441.89,Yes
5460-PLYKD,Female,0,No,No,64,Yes,No,Fiber optic,No,Yes,Yes,No,Yes,Yes,Month-to-month,No,Bank transfer (automatic),84.68,5414.3,Yes
1342-GADXP,Female,0,Yes,Yes,21,Yes,No,Fiber optic,No,No,Yes,No,Yes,Yes,Two year,No,Electronic check,83.16,1731.4,Yes
6171-EMZYZ,Female,0,Yes,Yes,16,No,No phone service,DSL,Yes,Yes,Yes,No,No,Yes,Month-to-month,Yes,Mailed check,70.19,1126.7,No
2660-YCXBB,Female,0,No,No,58,No,No phone service,DSL,Yes,Yes,No,No,No,No,Month-to-month,Yes,Bank transfer (automatic),55.74,3238.55,No
6450-YDJAT,Male,0,Yes,No,28,Yes,Yes,Fiber optic,No,No,Yes,No,Yes,No,Two year,No,Electronic check,78.55,2188.01,Yes
9410-BWQGT,Male,0,No,No,66,Yes,Yes,DSL,No,No,Yes,No,No,Yes,One year,No,Mailed check,51.43,3390.02,No
5344-BZETU,Female,0,Yes,Yes,16,No,No phone service,Fiber optic,No,No,No,Yes,No,Yes,Two year,Yes,Bank transfer (automatic),82.25,1314.63,No
1625-ZSSDE,Female,0,No,No,1,Yes,No,Fiber optic,No,No,No,Yes,Yes,Yes,Month-to-month,No,Credit card (automatic),87.59,79.5,Yes
5921-THJHB,Male,0,No,No,31,Yes,Yes,DSL,No,No,No,No,Yes,Yes,Two year,Yes,Electronic check,58.54,1824.24,No
4690-BSBDE,Male,0,Yes,No,21,Yes,No,DSL,No,Yes,No,No,Yes,No,Month-to-month,No,Electronic check,66.23,1377.28,Yes
8243-NTTEP,Male,0,No,No,57,Yes,No,No,No internet service,No internet service,No internet service,No internet service,No internet service,No internet service,One year,No,Electronic check,22.99,1312.31,No
3847-VSEWU,Male,0,Yes,Yes,52,Yes,No,No,No internet service,No internet service,No internet service,No internet service,No internet service,No internet service,Month-to-month,Yes,Electronic check,24.86,1273.54,No
7617-TRBEZ,Male,0,No,No,46,Yes,Yes,Fiber optic,No,Yes,No,No,No,No,Month-to-month,Yes,Electronic check,79.11,3627.88,Yes
4365-UYTEJ,Male,0,No,No,3,Yes,No,Fiber optic,Yes,No,No,No,Yes,No,Month-to-month,Yes,Mailed check,81.68,268.66,No
8206-NYYVW,Female,0,Yes,No,37,Yes,Yes,DSL,No,No,No,No,Yes,No,Two year,No,Electronic check,50.91,1874.79,No
1945-MFTSW,Male,0,No,Yes,12,Yes,Yes,DSL,No,No,No,No,Yes,No,One year,No,Electronic check,55.68,688.93,No
5411-HHRCZ,Male,0,Yes,No,60,No,No phone service,No,No internet service,No internet service,No internet service,No internet service,No internet service,No internet service,Month-to-month,No,Electronic check,22.97,1372.94,No
8001-CEZHU,Female,1,No,No,63,Yes,Yes,No,No internet service,No internet service,No internet service,No internet service,No internet service,No internet service,Month-to-month,No,Bank transfer (automatic),18.25,1147.42,No
9017-AFAQT,Male,0,Yes,Yes,32,Yes,No,Fiber optic,No,No,Yes,No,No,No,Month-to-month,Yes,Bank transfer (automatic),69.09,2196.15,No
1776-MTFVU,Male,0,No,No,37,Yes,No,DSL,No,No,No,No,Yes,No,Two year,No,Credit card (automatic),50.21,1858.2,No
2945-HJSNZ,Male,0,Yes,No,28,Yes,No,Fiber optic,No,No,Yes,No,Yes,Yes,Month-to-month,No,Electronic check,90.14,2516.68,No
2130-TRBYG,Male,0,No,No,60,Yes,No,Fiber optic,Yes,No,Yes,Yes,Yes,No,Two year,Yes,Electronic check,95.94,5774.74,No
6568-PCHPC,Male,0,No,Yes,31,Yes,Yes,No,No internet service,No internet service,No internet service,No internet service,No internet service,No internet service,Two year,No,Electronic check,18.25,556.07,No
9990-ZBHUD,Female,0,No,No,10,No,No phone service,Fiber optic,No,Yes,Yes,Yes,No,No,Month-to-month,Yes,Mailed check,85.39,848.01,Yes
8948-PFBNH,Male,0,Yes,Yes,17,Yes,No,DSL,No,No,Yes,Yes,No,No,Month-to-month,Yes,Bank transfer (automatic),51.38,865.53,No
2567-SKLBV,Female,1,No,Yes,44,Yes,No,DSL,No,No,Yes,No,Yes,Yes,One year,Yes,Electronic check,62.95,2759.01,No
8284-KWEVM,Female,0,Yes,No,20,Yes,Yes,DSL,No,Yes,Yes,No,No,No,One year,Yes,Bank transfer (automatic),53.83,1090.03,No
7160-BKFRH,Male,0,Yes,No,11,Yes,Yes,DSL,No,Yes,No,No,No,Yes,Month-to-month,Yes,Electronic check,57.72,627.25,No
8269-FJAPW,Female,0,Yes,Yes,19,Yes,No,DSL,No,Yes,No,Yes,No,No,One year,Yes,Electronic check,53.65,1023.73,Yes
2466-NPWVP,Male,0,Yes,No,6,Yes,No,Fiber optic,No,Yes,No,No,No,Yes,One year,Yes,Bank transfer (automatic),84.77,499.76,Yes
3560-DZTGG,Female,0,No,Yes,70,Yes,Yes,DSL,Yes,No,Yes,No,No,Yes,Month-to-month,Yes,Credit card (automatic),70.83,4954.64,No
4513-SHCWW,Female,0,Yes,No,1,Yes,Yes,No,No internet service,No internet service,No internet service,No internet service,No internet service,No internet service,Month-to-month,Yes,Credit card (automatic),18.25,37.73,No
1003-PLZRW,Male,0,No,Yes,42,No,No phone service,Fiber optic,No,No,No,No,No,Yes,Two year,Yes,Electronic check,69.63,2921.88,No
1978-ULFYA,Male,0,Yes,No,20,Yes,No,No,No internet service,No internet service,No internet service,No internet service,No internet service,No internet service,Two year,Yes,Credit card (automatic),20.68,423.13,No
6049-UMHPJ,Male,0,Yes,No,28,Yes,No,DSL,No,Yes,No,No,No,No,One year,No,Mailed check,54.22,1504.47,No
2256-HCUAP,Male,0,No,No,31,Yes,Yes,No,No internet service,No internet service,No internet service,No internet service,No internet service,No internet service,One year,Yes,Mailed check,20.53,624.22,No
1270-VUAHB,Male,1,Yes,No,44,Yes,Yes,Fiber optic,No,No,No,No,No,Yes,Two year,No,Mailed check,71.52,3136.99,No
9346-LPPZS,Female,0,Yes,No,58,Yes,Yes,DSL,No,No,No,No,No,Yes,Month-to-month,Yes,Credit card (automatic),45.86,2656.86,No
5196-CEPHA,Female,0,Yes,No,2,Yes,Yes,Fiber optic,No,Yes,No,Yes,No,Yes,Month-to-month,No,Bank transfer (automatic),81.19,146.05,Yes
4423-VYZSL,Female,0,No,Yes,38,Yes,Yes,DSL,Yes,No,Yes,No,No,Yes,Two year,Yes,Credit card (automatic),63.18,2399.71,No
3271-TDSGH,Female,0,No,Yes,50,Yes,No,DSL,Yes,No,Yes,No,No,No,Month-to-month,Yes,Electronic check,56.02,2808.94,No
1315-DGSLY,Female,0,Yes,No,7,Yes,Yes,Fiber optic,No,No,No,No,No,Yes,One year,Yes,Bank transfer (automatic),75.75,524.68,No
3987-PUYQT,Female,0,Yes,Yes,45,Yes,No,Fiber optic,Yes,No,Yes,Yes,No,No,Month-to-month,No,Mailed check,83.93,3792.48,No
8068-MLWVU,Female,0,No,No,65,Yes,Yes,No,No internet service,No internet service,No internet service,No internet service,No internet service,No internet service,Month-to-month,No,Bank transfer (automatic),18.52,1191.57,No
6232-UNGKH,Male,0,No,No,5,Yes,Yes,No,No internet service,No internet service,No internet service,No internet service,No internet service,No internet service,Month-to-month,Yes,Mailed check,18.25,99.32,No
8767-KETKE,Male,0,Yes,No,57,Yes,Yes,Fiber optic,Yes,Yes,No,No,No,No,Month-to-month,No,Electronic check,86.5,4922.77,No
7900-GJDAK,Female,0,No,No,40,Yes,No,No,No internet service,No internet service,No internet service,No internet service,No internet service,No internet service,Month-to-month,No,Bank transfer (automatic),19.03,764.23,No
8441-SKWBP,Female,0,Yes,Yes,53,Yes,Yes,DSL,No,Yes,No,Yes,No,Yes,Month-to-month,No,Bank transfer (automatic),58.57,3107.75,No
7868-PXAEY,Male,0,Yes,Yes,40,Yes,No,DSL,No,No,No,No,No,Yes,One year,Yes,Credit card (automatic),52.14,2076.18,No
6805-BWLZU,Male,1,Yes,Yes,47,Yes,Yes,DSL,Yes,Yes,Yes,No,No,No,Month-to-month,Yes,Credit card (automatic),62.19,2934.5,No
6020-LFHQV,Male,0,No,Yes,69,Yes,No,DSL,Yes,Yes,No,Yes,Yes,Yes,Month-to-month,Yes,Electronic check,82.14,5669.96,No
4552-PSFBJ,Male,1,Yes,No,26,Yes,No,Fiber optic,No,No,No,No,No,Yes,Month-to-month,No,Electronic check,74.3,1938.85,Yes
1124-XVZQD,Female,0,No,No,46,Yes,No,No,No internet service,No internet service,No internet service,No internet service,No internet service,No internet service,One year,Yes,Bank transfer (automatic),21.25,963.61,No
4047-BBPNR,Male,0,Yes,No,22,Yes,No,DSL,No,Yes,Yes,No,Yes,No,Two year,No,Credit card (automatic),64.47,1416.08,No
6444-CGDSR,Female,0,Yes,No,13,Yes,Yes,Fiber optic,No,No,Yes,No,No,No,Month-to-month,Yes,Electronic check,75.63,963.12,Yes
1914-JLUBR,Female,0,No,Yes,60,Yes,No,DSL,Yes,Yes,No,No,Yes,Yes,Two year,Yes,Electronic check,62.04,3721.31,No
5744-KPAUW,Female,0,Yes,Yes,66,Yes,No,Fiber optic,Yes,Yes,Yes,Yes,No,Yes,Two year,No,Credit card (automatic),112.46,7425.16,No
7579-XXHAH,Male,0,Yes,No,24,Yes,Yes,DSL,No,No,No,No,Yes,No,One year,Yes,Credit card (automatic),51.23,1254.25,No
4035-CRHZW,Male,0,Yes,Yes,64,No,No phone service,Fiber optic,No,No,No,Yes,No,Yes,One year,No,Mailed check,84.41,5415.5,No
4507-DFNGA,Female,1,Yes,No,23,No,No phone service,DSL,No,Yes,Yes,No,No,No,Month-to-month,Yes,Credit card (automatic),62.96,1440.63,Yes
5078-MEAZT,Female,0,Yes,No,52,Yes,Yes,No,No internet service,No internet service,No internet service,No internet service,No internet service,No internet service,Month-to-month,Yes,Bank transfer (automatic),19.02,990.57,No
2945-WZCMT,Female,0,Yes,No,72,Yes,No,DSL,No,No,No,No,Yes,Yes,Two year,Yes,Electronic check,60.39,4349.04,No
5242-ZUJCU,Male,0,Yes,No,49,Yes,Yes,DSL,Yes,Yes,Yes,Yes,Yes,No,One year,No,Electronic check,72.05,3531.37,No
1178-TDSZH,Female,0,Yes,Yes,0,Yes,No,No,No internet service,No internet service,No internet service,No internet service,No internet service,No internet service,One year,Yes,Electronic check,22.15, ,Yes
6816-XYVHE,Male,0,No,No,38,Yes,Yes,Fiber optic,Yes,Yes,No,No,Yes,Yes,One year,Yes,Mailed check,96.51,3676.13,Yes
1722-PNNKY,Female,0,Yes,No,43,No,No phone service,Fiber optic,Yes,Yes,Yes,No,No,Yes,One year,No,Mailed check,89.87,3868.21,No
3451-EVQBR,Female,0,Yes,Yes,4,Yes,Yes,No,No internet service,No internet service,No internet service,No internet service,No internet service,No internet service,One year,No,Credit card (automatic),18.25,66.44,Yes
5154-SXRLL,Female,0,No,No,67,Yes,No,Fiber optic,Yes,No,No,No,Yes,Yes,Month-to-month,Yes,Mailed check,88.24,5916.01,No
2717-SAPDV,Male,0,No,Yes,71,Yes,No,DSL,No,No,Yes,Yes,No,Yes,Two year,Yes,Electronic check,71.21,5044.69,No
1236-FNWRJ,Male,1,Yes,No,64,Yes,No,Fiber optic,No,Yes,No,No,No,Yes,Month-to-month,No,Electronic check,81.61,5227.15,Yes
8085-MHRTY,Female,0,Yes,No,14,No,No phone service,Fiber optic,Yes,Yes,No,No,No,No,One year,No,Credit card (automatic),78.6,1092.34,Yes
1035-VGFGZ,Male,0,No,Yes,49,Yes,No,Fiber optic,No,Yes,Yes,Yes,No,Yes,Month-to-month,No,Mailed check,97.96,4802.12,No
8478-KHZET,Female,0,Yes,Yes,5,Yes,No,Fiber optic,No,No,Yes,No,No,Yes,One year,Yes,Credit card (automatic),72.21,364.1,Yes
2503-ACJQB,Male,1,No,Yes,65,Yes,No,No,No internet service,No internet service,No internet service,No internet service,No internet service,No internet service,One year,Yes,Credit card (automatic),22.25,1456.57,No
2697-HQQBP,Male,0,No,Yes,68,Yes,No,DSL,Yes,Yes,No,No,Yes,Yes,One year,No,Credit card (automatic),61.7,4186.0,No
5865-VSHWQ,Male,1,No,Yes,38,Yes,Yes,DSL,No,No,No,No,Yes,No,One year,No,Credit card (automatic),54.25,2063.23,No
4899-ZATPJ,Female,1,Yes,Yes,28,Yes,Yes,Fiber optic,No,Yes,No,No,Yes,No,Month-to-month,Yes,Credit card (automatic),79.27,2209.11,No
1592-FFCLY,Male,1,No,Yes,45,Yes,No,DSL,No,Yes,No,No,Yes,Yes,Month-to-month,No,Bank transfer (automatic),66.89,2997.13,Yes
8080-QYPFN,Male,0,No,No,30,No,No phone service,Fiber optic,Yes,No,No,Yes,No,Yes,Month-to-month,No,Credit card (automatic),80.63,2415.26,No
9466-LHWHT,Female,0,No,No,23,Yes,No,Fiber optic,No,Yes,Yes,No,Yes,Yes,Month-to-month,Yes,Credit card (automatic),90.08,2076.8,Yes
9107-KGWWV,Female,0,Yes,No,14,Yes,No,No,No internet service,No internet service,No internet service,No internet service,No internet service,No internet service,Two year,No,Bank transfer (automatic),25.45,351.12,No
4007-HLFCV,Female,0,No,Yes,19,Yes,No,Fiber optic,No,No,No,No,Yes,No,Month-to-month,No,Credit card (automatic),73.48,1391.95,No
6790-YPZPQ,Female,0,No,Yes,3,Yes,Yes,Fiber optic,Yes,Yes,No,No,No,Yes,Month-to-month,Yes,Credit card (automatic),84.36,241.13,Yes
4647-LGMJN,Male,0,No,No,57,Yes,No,DSL,Yes,No,Yes,No,Yes,No,Two year,No,Mailed check,61.08,3500.37,No
2637-QSBGA,Male,0,No,No,60,Yes,Yes,DSL,No,Yes,No,No,No,No,Two year,No,Electronic check,51.78,3105.47,No
1803-KEVKM,Male,0,Yes,No,9,Yes,No,DSL,No,No,Yes,Yes,No,No,Month-to-month,Yes,Electronic check,57.75,512.85,Yes
7913-CYXMB,Male,0,No,Yes,40,Yes,Yes,DSL,Yes,No,Yes,Yes,No,No,Month-to-month,Yes,Credit card (automatic),66.0,2635.72,No
4921-AEUDL,Male,0,Yes,No,52,Yes,Yes,No,No internet service,No internet service,No internet service,No internet service,No internet service,No internet service,Two year,Yes,Electronic check,20.48,1073.04,No
9744-ZABZF,Female,0,No,No,70,Yes,Yes,DSL,Yes,No,No,No,No,No,One year,Yes,Bank transfer (automatic),52.24,3678.28,No
3176-LWWTN,Male,0,Yes,No,47,Yes,Yes,No,No internet service,No internet service,No internet service,No internet service,No internet service,No internet service,One year,No,Mailed check,18.25,850.36,No
8308-YUBQF,Male,0,Yes,No,14,Yes,No,No,No internet service,No internet service,No internet service,No internet service,No internet service,No internet service,Month-to-month,Yes,Mailed check,19.87,278.34,No
9277-YCQBU,Male,1,No,No,6,Yes,No,Fiber optic,Yes,No,Yes,Yes,No,Yes,Two year,Yes,Electronic check,85.53,498.5,Yes
4109-PYXAC,Female,0,Yes,No,71,Yes,No,No,No internet service,No internet service,No internet service,No internet service,No internet service,No internet service,Month-to-month,No,Electronic check,19.86,1412.95,No
9965-FVJQA,Female,0,No,No,70,No,No phone service,No,No internet service,No internet service,No internet service,No internet service,No internet service,No internet service,One year,Yes,Mailed check,18.28,1261.71,No
2301-SGSFQ,Male,0,No,Yes,42,Yes,Yes,Fiber optic,No,Yes,Yes,No,No,No,Two year,Yes,Bank transfer (automatic),81.46,3411.07,No
2594-EGUHB,Female,0,Yes,Yes,3,Yes,No,Fiber optic,Yes,No,No,No,No,No,Month-to-month,No,Electronic check,77.28,212.36,No
8061-HNHWL,Female,0,Yes,No,50,Yes,No,No,No internet service,No internet service,No internet service,No internet service,No internet service,No internet service,Month-to-month,No,Bank transfer (automatic),23.69,1193.93,Yes
6457-SBVQX,Female,0,No,Yes,70,Yes,No,No,No internet service,No internet service,No internet service,No internet service,No internet service,No internet service,Month-to-month,No,Credit card (automatic),22.71,1600.55,No
6698-LTQPX,Female,0,Yes,No,58,No,No phone service,DSL,Yes,No,No,Yes,No,Yes,Month-to-month,No,Mailed check,57.06,3309.86,No
8963-MBNFF,Female,0,No,No,40,No,No phone service,Fiber optic,No,Yes,Yes,No,Yes,Yes,One year,Yes,Credit card (automatic),97.65,3909.03,Yes
1564-BMLDB,Female,0,No,No,60,Yes,No,Fiber optic,No,Yes,No,No,No,Yes,Month-to-month,No,Electronic check,85.3,5120.22,Yes
6594-WTMHC,Female,0,No,No,29,Yes,No,Fiber optic,No,Yes,Yes,No,Yes,No,One year,Yes,Electronic check,85.47,2474.11,No
4090-DKGFQ,Male,0,No,No,17,No,No phone service,Fiber optic,No,No,Yes,No,Yes,No,Month-to-month,Yes,Bank transfer (automatic),88.13,1512.07,No
1447-LHMAY,Male,0,No,No,29,Yes,Yes,Fiber optic,No,Yes,Yes,Yes,No,Yes,Month-to-month,No,Electronic check,99.71,2908.65,Yes
8924-CEUGY,Female,0,No,No,6,Yes,Yes,DSL,Yes,No,Yes,No,No,Yes,Two year,Yes,Mailed check,54.32,337.17,No
7418-UKCFP,Male,0,No,No,51,Yes,No,Fiber optic,No,No,Yes,No,Yes,No,Month-to-month,Yes,Mailed check,79.42,4066.77,Yes
9312-KRHLL,Male,0,No,No,47,Yes,No,Fiber optic,No,No,No,No,No,No,One year,No,Bank transfer (automatic),68.57,3235.31,Yes
1294-PHWUT,Female,1,Yes,No,22,Yes,No,No,No internet service,No internet service,No internet service,No internet service,No internet service,No internet service,Month-to-month,Yes,Electronic check,23.84,538.8,No
1467-GMNVT,Male,0,Yes,No,36,No,No phone service,Fiber optic,Yes,No,No,No,No,No,One year,Yes,Mailed check,73.26,2648.02,Yes
7255-MBJQM,Female,0,No,No,70,Yes,No,DSL,Yes,Yes,No,Yes,No,No,One year,No,Credit card (automatic),65.41,4586.67,No
4887-RDTWZ,Female,1,No,No,52,Yes,No,Fiber optic,No,No,No,No,No,Yes,One year,Yes,Electronic check,70.76,3696.48,No
8786-UWJXZ,Female,0,Yes,No,44,Yes,Yes,Fiber optic,No,Yes,No,No,Yes,Yes,Month-to-month,No,Bank transfer (automatic),96.43,4243.93,No
9485-WDCSU,Male,0,Yes,No,48,Yes,Yes,DSL,Yes,No,Yes,No,No,No,One year,No,Credit card (automatic),63.17,3015.16,No
7458-DVLRL,Male,1,No,Yes,48,Yes,Yes,Fiber optic,No,No,Yes,No,No,Yes,One year,Yes,Bank transfer (automatic),87.61,4223.85,No
8285-RHZHN,Male,0,Yes,No,46,Yes,Yes,No,No internet service,No internet service,No internet service,No internet service,No internet service,No internet service,Month-to-month,No,Bank transfer (automatic),21.43,983.65,No
7828-YETDM,Male,0,Yes,No,24,Yes,No,DSL,Yes,No,No,No,No,No,Two year,Yes,Credit card (automatic),53.55,1283.73,No
5293-UWAZP,Female,0,Yes,No,26,Yes,Yes,DSL,Yes,No,No,Yes,No,No,One year,Yes,Electronic check,50.71,1302.94,Yes
1534-GDCHF,Female,0,No,No,11,Yes,No,Fiber optic,No,Yes,Yes,No,Yes,Yes,Month-to-month,No,Electronic check,92.75,1022.81,Yes
1946-EUHCA,Male,0,No,No,22,Yes,No,Fiber optic,Yes,No,No,No,No,No,Two year,Yes,Mailed check,70.88,1569.25,No
7316-YFTTX,Female,1,Yes,No,16,Yes,No,DSL,No,No,No,No,No,No,Month-to-month,Yes,Bank transfer (automatic),44.91,728.87,Yes
6265-RSPWE,Female,0,Yes,No,43,Yes,Yes,DSL,No,No,No,Yes,Yes,Yes,One year,No,Electronic check,60.62,2615.35,No
7785-VHGES,Male,0,No,Yes,70,Yes,Yes,DSL,Yes,No,Yes,Yes,No,No,Month-to-month,No,Electronic check,64.81,4535.11,No
6046-LDXJP,Female,1,No,No,23,Yes,No,Fiber optic,Yes,No,Yes,No,Yes,Yes,One year,No,Electronic check,88.06,2018.04,No
4960-SLEMC,Male,1,No,Yes,70,Yes,No,No,No internet service,No internet service,No internet service,No internet service,No internet service,No internet service,Two year,No,Electronic check,20.1,1410.37,No
9263-QVPMD,Female,0,Yes,No,59,Yes,Yes,No,No internet service,No internet service,No internet service,No internet service,No internet service,No internet service,Two year,No,Electronic check,19.76,1165.84,No
8385-AUAHG,Male,0,Yes,Yes,52,Yes,Yes,Fiber optic,No,No,No,No,Yes,No,Two year,Yes,Bank transfer (automatic),76.45,3973.84,No
8183-YYBGQ,Female,0,No,No,15,No,No phone service,Fiber optic,No,No,Yes,Yes,No,No,Two year,Yes,Bank transfer (automatic),82.78,1260.27,Yes
3833-ESXMP,Female,0,Yes,Yes,24,Yes,No,DSL,No,No,No,No,Yes,No,Month-to-month,Yes,Mailed check,53.3,1279.47,Yes
2574-XXEMZ,Male,0,No,No,65,Yes,No,No,No internet service,No internet service,No internet service,No internet service,No internet service,No internet service,Two year,Yes,Electronic check,21.9,1424.6,No
6075-RVMNS,Male,1,Yes,No,49,Yes,Yes,Fiber optic,Yes,No,No,No,No,Yes,Month-to-month,Yes,Credit card (automatic),85.01,4167.38,No
1111-DPMFU,Male,1,Yes,No,68,Yes,No,Fiber optic,No,No,No,No,No,Yes,Month-to-month,No,Bank transfer (automatic),77.53,5272.22,No
3639-HZQJG,Male,0,Yes,No,39,Yes,Yes,Fiber optic,Yes,Yes,No,No,No,No,Two year,Yes,Electronic check,86.83,3372.59,No
4511-PHBKM,Female,0,No,No,5,Yes,No,DSL,No,Yes,Yes,Yes,Yes,Yes,Month-to-month,No,Bank transfer (automatic),71.73,360.99,Yes
1492-ERKJM,Female,0,Yes,Yes,63,No,No phone service,Fiber optic,Yes,No,No,No,Yes,No,One year,No,Electronic check,77.52,4892.37,No
1409-UUZTS,Male,0,Yes,Yes,27,Yes,No,No,No internet service,No internet service,No internet service,No internet service,No internet service,No internet service,One year,No,Mailed check,19.5,501.39,No
1631-WXQTM,Female,0,Yes,Yes,8,No,No phone service,Fiber optic,No,No,Yes,No,No,Yes,Month-to-month,Yes,Credit card (automatic),82.7,661.25,Yes
4622-FVVFF,Male,0,Yes,No,5,No,No phone service,Fiber optic,Yes,Yes,Yes,No,No,Yes,Month-to-month,Yes,Mailed check,97.33,499.14,Yes
1480-WJDEV,Male,0,Yes,Yes,16,Yes,No,DSL,Yes,No,Yes,No,Yes,No,Month-to-month,Yes,Electronic check,57.87,931.49,Yes
1128-WNVPP,Female,0,Yes,Yes,39,Yes,No,No,No internet service,No internet service,No internet service,No internet service,No internet service,No internet service,One year,Yes,Credit card (automatic),19.89,777.5,No
6026-ZVFCM,Female,0,Yes,No,44,Yes,No,No,No internet service,No internet service,No internet service,No internet service,No internet service,No internet service,One year,No,Electronic check,22.82,1004.85,No
9332-DEVRM,Male,0,No,Yes,42,Yes,Yes,Fiber optic,No,No,Yes,No,Yes,Yes,Two year,Yes,Mailed check,89.9,3791.19,No
2732-UXDTL,Male,0,No,Yes,45,Yes,Yes,Fiber optic,No,No,Yes,No,No,No,One year,Yes,Mailed check,75.52,3415.0,No
7735-CRVAS,Male,0,Yes,No,62,Yes,Yes,DSL,No,Yes,Yes,Yes,Yes,Yes,Month-to-month,Yes,Bank transfer (automatic),82.16,5081.53,No
8190-CTBGY,Female,0,Yes,No,0,Yes,Yes,DSL,No,Yes,No,Yes,Yes,Yes,Month-to-month,No,Credit card (automatic),76.48, ,Yes
3293-DYBGV,Female,0,No,No,58,Yes,Yes,Fiber optic,No,No,No,No,Yes,No,Month-to-month,Yes,Mailed check,73.71,4269.54,Yes
6125-MJNMN,Female,0,Yes,Yes,62,Yes,Yes,Fiber optic,Yes,Yes,Yes,No,Yes,No,Two year,Yes,Bank transfer (automatic),101.98,6319.73,No
4288-XDGUV,Female,0,Yes,No,17,Yes,No,Fiber optic,Yes,Yes,Yes,No,Yes,No,Two year,No,Mailed check,102.02,1740.48,No
3102-JNQUU,Male,0,No,Yes,64,Yes,No,Fiber optic,No,No,No,No,Yes,Yes,Two year,Yes,Electronic check,84.4,5403.37,No
9481-GSVEX,Male,0,No,No,19,No,No phone service,Fiber optic,No,No,No,No,No,No,One year,No,Credit card (automatic),70.59,1337.2,No
5658-BXBWG,Male,0,Yes,No,55,Yes,Yes,No,No internet service,No internet service,No internet service,No internet service,No internet service,No internet service,Month-to-month,Yes,Mailed check,20.26,1133.38,No
6160-CYUXD,Male,0,Yes,No,53,Yes,No,DSL,Yes,No,Yes,No,No,No,Two year,Yes,Bank transfer (automatic),59.95,3178.84,No
1949-GNCZW,Male,0,No,No,47,No,No phone service,Fiber optic,No,Yes,No,No,Yes,Yes,Month-to-month,No,Electronic check,78.81,3708.25,No
5500-NECFS,Male,1,Yes,No,53,Yes,No,DSL,No,No,No,Yes,No,Yes,Month-to-month,No,Credit card (automatic),55.12,2908.06,No
1692-JCJPD,Female,0,No,No,15,Yes,No,Fiber optic,Yes,Yes,No,No,No,No,Month-to-month,No,Bank transfer (automatic),83.59,1264.8,Yes
7126-AJKFU,Female,1,Yes,No,19,Yes,Yes,Fiber optic,No,Yes,No,Yes,Yes,No,One year,No,Mailed check,88.67,1682.67,No
6401-GGBJW,Male,0,Yes,No,46,Yes,No,DSL,Yes,No,No,Yes,Yes,Yes,Month-to-month,No,Mailed check,67.85,3098.75,Yes
6884-EMVED,Male,0,No,Yes,6,No,No phone service,DSL,No,No,No,Yes,Yes,No,One year,No,Electronic check,56.52,340.11,No
9640-CULUS,Female,0,No,No,22,Yes,No,Fiber optic,No,Yes,No,No,Yes,No,Two year,Yes,Bank transfer (automatic),84.73,1847.9,No
9373-AANNM,Female,0,No,Yes,32,Yes,No,DSL,Yes,Yes,No,No,Yes,Yes,Month-to-month,No,Credit card (automatic),69.69,2231.4,Yes
1493-CMJDB,Female,0,Yes,No,39,Yes,No,DSL,No,Yes,No,No,Yes,No,Month-to-month,No,Mailed check,56.81,2222.07,Yes
5056-BTMEM,Female,0,No,No,4,Yes,No,DSL,No,No,No,No,Yes,No,One year,Yes,Credit card (automatic),50.15,176.55,No
1286-YLSBC,Male,0,No,No,44,Yes,No,DSL,Yes,Yes,No,No,Yes,No,Two year,Yes,Credit card (automatic),56.7,2486.33,No
5590-RJWWH,Male,0,No,No,40,Yes,No,Fiber optic,No,Yes,No,Yes,No,Yes,Month-to-month,No,Mailed check,92.92,3722.4,No
3629-HJFDS,Male,0,No,No,7,Yes,No,Fiber optic,No,No,Yes,No,Yes,Yes,Month-to-month,Yes,Electronic check,92.41,644.52,Yes
3645-QWXTW,Male,1,Yes,Yes,49,Yes,No,No,No internet service,No internet service,No internet service,No internet service,No internet service,No internet service,Month-to-month,Yes,Credit card (automatic),18.25,895.77,No
6424-CVDJT,Male,1,Yes,No,30,Yes,No,DSL,No,No,Yes,Yes,Yes,No,Month-to-month,No,Electronic check,61.79,1883.69,No
9560-VBFDF,Female,0,No,No,3,Yes,Yes,No,No internet service,No internet service,No internet service,No internet service,No internet service,No internet service,Month-to-month,Yes,Mailed check,18.25,45.48,Yes
6991-AFHTR,Male,0,No,No,65,Yes,No,DSL,No,Yes,No,Yes,Yes,Yes,Month-to-month,No,Bank transfer (automatic),74.13,4795.99,No
6112-LDDWK,Female,1,Yes,No,55,Yes,Yes,DSL,Yes,No,No,Yes,No,Yes,Month-to-month,No,Electronic check,68.02,3736.85,No
5862-TSXAV,Male,0,Yes,Yes,4,Yes,Yes,No,No internet service,No internet service,No internet service,No internet service,No internet service,No internet service,Two year,Yes,Bank transfer (automatic),18.25,55.6,No
8563-MZZNR,Male,0,No,No,53,Yes,Yes,Fiber optic,No,No,No,No,Yes,No,One year,Yes,Credit card (automatic),74.74,3960.36,Yes
6925-DCRGA,Male,0,No,No,0,Yes,Yes,Fiber optic,Yes,Yes,Yes,Yes,Yes,Yes,Month-to-month,No,Electronic check,94.26, ,Yes
6058-DYMHH,Male,0,No,Yes,72,Yes,Yes,No,No internet service,No internet service,No internet service,No internet service,No internet service,No internet service,One year,No,Electronic check,19.87,1420.6,No
8916-FHDQS,Male,0,Yes,No,60,Yes,Yes,Fiber optic,Yes,No,No,No,No,No,Month-to-month,Yes,Electronic check,72.63,4373.7,Yes
4933-FWGAY,Female,1,No,No,6,Yes,No,No,No internet service,No internet service,No internet service,No internet service,No internet service,No internet service,One year,No,Mailed check,18.6,102.83,No
4821-VVRZA,Female,0,Yes,Yes,29,Yes,Yes,DSL,No,No,Yes,No,No,No,Two year,No,Electronic check,57.62,1651.98,No
4591-PKDSN,Female,0,Yes,No,14,Yes,Yes,No,No internet service,No internet service,No internet service,No internet service,No internet service,No internet service,Two year,Yes,Electronic check,21.32,303.12,No
1328-YMVNS,Male,1,Yes,Yes,3,No,No phone service,Fiber optic,Yes,Yes,Yes,No,No,No,One year,Yes,Electronic check,92.59,276.38,Yes
5182-QQQEQ,Male,1,No,Yes,62,Yes,No,Fiber optic,No,No,Yes,Yes,No,No,Two year,No,Mailed check,85.74,5308.51,No
8957-QFMDS,Female,0,No,No,69,Yes,Yes,DSL,No,Yes,No,Yes,No,Yes,Month-to-month,No,Bank transfer (automatic),58.14,4015.47,No
4301-FFFSL,Male,0,No,No,37,Yes,No,DSL,No,No,Yes,No,No,Yes,Two year,No,Bank transfer (automatic),52.4,1943.92,No
2702-RDRXR,Male,0,Yes,Yes,46,Yes,No,Fiber optic,No,No,Yes,Yes,Yes,Yes,Month-to-month,No,Electronic check,91.27,4182.44,Yes
3888-LDGYK,Female,0,No,No,59,Yes,Yes,Fiber optic,No,No,No,No,No,No,One year,Yes,Electronic check,75.61,4483.39,No
8226-AMGAN,Male,0,No,Yes,1,Yes,No,Fiber optic,Yes,No,Yes,Yes,No,Yes,Two year,Yes,Bank transfer (automatic),89.72,101.92,No
4126-SLUTH,Female,0,No,No,68,Yes,No,Fiber optic,Yes,Yes,Yes,No,No,Yes,One year,No,Bank transfer (automatic),90.64,6171.05,No
6227-VNJQQ,Male,1,No,No,7,Yes,No,Fiber optic,Yes,Yes,Yes,Yes,No,No,Month-to-month,Yes,Bank transfer (automatic),98.18,694.37,Yes
8920-LTFYY,Female,0,Yes,No,50,Yes,Yes,Fiber optic,No,No,No,No,No,Yes,One year,Yes,Electronic check,77.95,3907.47,No
6580-AFHYA,Male,0,No,Yes,18,Yes,Yes,Fiber optic,No,No,No,No,No,No,Month-to-month,Yes,Electronic check,68.34,1227.99,Yes
2220-KPERJ,Male,0,No,No,30,Yes,Yes,DSL,Yes,No,No,No,No,No,Month-to-month,No,Mailed check,50.51,1514.7,No
3621-LRNZL,Female,0,No,Yes,21,Yes,Yes,Fiber optic,Yes,Yes,Yes,Yes,No,No,Two year,Yes,Mailed check,85.12,1775.92,No
4249-NABTT,Male,0,No,No,32,Yes,Yes,Fiber optic,No,No,No,No,Yes,No,One year,Yes,Credit card (automatic),80.48,2574.88,No
9376-FYYXU,Male,1,Yes,No,71,Yes,No,No,No internet service,No internet service,No internet service,No internet service,No internet service,No internet service,Month-to-month,Yes,Electronic check,22.41,1572.79,No
7214-YXGGH,Female,0,No,Yes,36,Yes,No,Fiber optic,No,No,Yes,No,Yes,Yes,One year,Yes,Credit card (automatic),93.53,3345.07,Yes
8576-WDPUX,Male,0,No,No,11,Yes,No,No,No internet service,No internet service,No internet service,No internet service,No internet service,No internet service,Month-to-month,No,Credit card (automatic),20.92,237.3,No
9038-DADDR,Female,0,Yes,Yes,68,Yes,Yes,DSL,No,No,No,No,No,No,Month-to-month,Yes,Credit card (automatic),49.86,3390.65,No
4407-QDDRG,Male,0,No,No,63,Yes,Yes,DSL,Yes,No,No,Yes,No,No,Month-to-month,No,Credit card (automatic),63.06,3968.74,No
7374-UFCSG,Male,0,Yes,Yes,24,Yes,Yes,Fiber optic,Yes,No,No,Yes,No,No,Two year,No,Electronic check,84.17,2021.22,No
2892-DHRPY,Male,0,Yes,No,53,Yes,No,Fiber optic,No,Yes,No,No,Yes,Yes,Month-to-month,No,Credit card (automatic),87.06,4623.14,Yes
6010-KGGYB,Male,0,No,No,28,Yes,No,Fiber optic,Yes,No,No,No,Yes,Yes,Month-to-month,No,Bank transfer (automatic),89.98,2530.52,No
3866-CLUGN,Female,0,No,No,12,Yes,No,Fiber optic,No,No,No,No,Yes,No,Two year,Yes,Bank transfer (automatic),74.83,892.42,No
1054-DSPXS,Male,0,Yes,Yes,25,Yes,Yes,Fiber optic,No,Yes,No,No,No,No,One year,Yes,Mailed check,73.32,1845.69,No
7102-AGMNP,Female,0,Yes,Yes,21,Yes,Yes,DSL,No,No,No,No,No,Yes,Month-to-month,Yes,Credit card (automatic),42.3,890.92,No
9613-XYWGL,Male,0,Yes,Yes,72,Yes,No,DSL,No,Yes,No,Yes,No,No,Month-to-month,Yes,Mailed check,60.45,4358.39,No
2025-PXSSH,Male,0,Yes,Yes,9,Yes,No,No,No internet service,No internet service,No internet service,No internet service,No internet service,No internet service,Month-to-month,Yes,Bank transfer (automatic),18.25,169.29,Yes
5106-FGSDR,Male,0,Yes,Yes,47,Yes,Yes,No,No internet service,No internet service,No internet service,No internet service,No internet service,No internet service,One year,No,Electronic check,24.36,1136.21,No
6151-ASVYV,Male,0,Yes,No,41,Yes,Yes,No,No internet service,No internet service,No internet service,No internet service,No internet service,No internet service,Two year,Yes,Mailed check,21.98,882.35,No
6595-TPVRW,Female,0,Yes,No,58,Yes,Yes,Fiber optic,Yes,Yes,No,No,Yes,No,Two year,Yes,Electronic check,88.33,5109.03,Yes
4396-BLXRU,Female,0,No,No,52,Yes,Yes,Fiber optic,No,Yes,Yes,No,Yes,No,Two year,Yes,Electronic check,83.51,4344.72,No
6313-WAUWX,Female,0,No,No,39,No,No phone service,No,No internet service,No internet service,No internet service,No internet service,No internet service,No internet service,Month-to-month,No,Mailed check,21.34,826.84,No
8454-FACCA,Female,1,No,No,61,Yes,Yes,No,No internet service,No internet service,No internet service,No internet service,No internet service,No internet service,One year,No,Credit card (automatic),25.53,1565.57,No
6145-MTSHA,Male,0,No,No,5,Yes,No,No,No internet service,No internet service,No internet service,No internet service,No internet service,No internet service,Two year,Yes,Credit card (automatic),21.78,89.78,No
6209-GKAPR,Female,0,Yes,No,3,Yes,No,Fiber optic,No,No,No,Yes,No,No,Two year,Yes,Credit card (automatic),75.05,222.39,No
1141-KCNVL,Female,0,No,No,54,Yes,Yes,DSL,Yes,No,Yes,Yes,No,No,Month-to-month,Yes,Credit card (automatic),58.24,3153.27,Yes
9392-GWPXG,Male,1,No,No,68,Yes,No,Fiber optic,No,No,No,No,Yes,No,Month-to-month,No,Credit card (automatic),74.13,5043.1,No
2959-NCXLY,Male,0,Yes,No,2,Yes,Yes,Fiber optic,No,No,Yes,No,No,Yes,Month-to-month,Yes,Bank transfer (automatic),83.18,152.25,Yes
6822-LGQXM,Male,0,Yes,No,6,Yes,No,No,No internet service,No internet service,No internet service,No internet service,No internet service,No internet service,Month-to-month,No,Electronic check,20.06,120.23,No
3929-GXFRU,Male,1,Yes,No,11,Yes,Yes,DSL,No,No,No,No,Yes,No,Two year,No,Bank transfer (automatic),49.64,547.21,No
5956-VXTRU,Female,1,No,No,16,Yes,Yes,DSL,No,Yes,Yes,Yes,No,Yes,One year,Yes,Bank transfer (automatic),74.23,1183.89,No
7191-YFWJR,Female,0,Yes,No,66,Yes,No,DSL,No,Yes,Yes,No,Yes,Yes,Two year,No,Electronic check,57.2,3774.99,Yes
9222-YZXAQ,Male,0,No,No,69,No,No phone service,DSL,No,No,No,No,Yes,No,Month-to-month,No,Bank transfer (automatic),51.34,3543.54,No
8987-TGPKE,Male,1,Yes,No,35,Yes,Yes,Fiber optic,No,No,Yes,No,No,Yes,Two year,Yes,Mailed check,84.17,2945.65,No
6039-WDUQS,Male,0,Yes,No,16,Yes,No,No,No internet service,No internet service,No internet service,No internet service,No internet service,No internet service,Month-to-month,No,Electronic check,18.25,284.29,No
2181-WQPLC,Female,0,No,No,0,No,No phone service,Fiber optic,No,Yes,No,No,Yes,No,Month-to-month,Yes,Credit card (automatic),75.43, ,Yes
7828-XHQBA,Female,0,No,Yes,66,Yes,No,DSL,No,Yes,Yes,No,Yes,No,Month-to-month,Yes,Electronic check,69.97,4622.42,No
1035-RDDET,Male,0,Yes,No,48,Yes,No,Fiber optic,No,No,No,No,Yes,Yes,Month-to-month,Yes,Electronic check,78.2,3756.89,Yes
9175-TGMMQ,Male,0,No,No,50,Yes,Yes,Fiber optic,Yes,No,No,Yes,No,Yes,Month-to-month,Yes,Electronic check,84.41,4210.02,Yes
7047-RJTVG,Female,0,Yes,Yes,70,Yes,Yes,Fiber optic,No,No,Yes,No,No,No,Month-to-month,No,Bank transfer (automatic),77.94,5466.21,No
3221-RDTUX,Male,1,No,No,42,Yes,No,Fiber optic,No,Yes,Yes,No,Yes,No,Two year,Yes,Bank transfer (automatic),78.0,3286.3,No
9406-RFAEP,Male,0,No,No,30,Yes,No,DSL,Yes,No,Yes,No,No,Yes,Month-to-month,No,Electronic check,62.28,1853.61,No
9781-DBPKV,Female,0,No,No,23,Yes,Yes,No,No internet service,No internet service,No internet service,No internet service,No internet service,No internet service,Month-to-month,Yes,Mailed check,19.52,458.82,No
6229-YWZTC,Male,0,Yes,No,36,Yes,No,Fiber optic,Yes,No,No,Yes,No,No,Month-to-month,No,Bank transfer (automatic),82.56,2980.68,Yes
4330-WRXLM,Female,1,Yes,No,64,Yes,No,Fiber optic,Yes,Yes,Yes,No,Yes,Yes,Month-to-month,Yes,Bank transfer (automatic),99.56,6375.12,No
6715-FTBEZ,Male,0,No,No,62,Yes,No,No,No internet service,No internet service,No internet service,No internet service,No internet service,No internet service,Month-to-month,Yes,Bank transfer (automatic),21.46,1339.28,No
2667-UPUHK,Male,0,Yes,No,55,Yes,No,No,No internet service,No internet service,No internet service,No internet service,No internet service,No internet service,Month-to-month,Yes,Mailed check,22.73,1237.67,No
3911-DFTGG,Female,0,No,No,17,No,No phone service,No,No internet service,No internet service,No internet service,No internet service,No internet service,No internet service,One year,Yes,Mailed check,18.25,333.23,No
2438-JUHGZ,Female,0,No,Yes,64,Yes,No,DSL,Yes,No,Yes,No,No,Yes,Month-to-month,Yes,Credit card (automatic),64.73,4139.73,No
5900-LECML,Male,1,Yes,No,28,No,No phone service,No,No internet service,No internet service,No internet service,No internet service,No internet service,No internet service,Month-to-month,Yes,Credit card (automatic),20.64,586.6,Yes
6703-BZXVQ,Female,0,No,No,3,Yes,No,Fiber optic,No,No,No,Yes,Yes,Yes,One year,Yes,Electronic check,83.07,257.36,Yes
9742-TTUGX,Male,0,Yes,No,11,Yes,No,DSL,No,Yes,No,No,Yes,No,One year,Yes,Credit card (automatic),53.25,580.78,No
1885-RGBPJ,Male,0,No,Yes,55,Yes,No,No,No internet service,No internet service,No internet service,No internet service,No internet service,No internet service,Two year,Yes,Electronic check,24.61,1362.03,No
2442-XPLWM,Female,0,No,Yes,47,Yes,Yes,DSL,Yes,Yes,No,No,Yes,No,One year,Yes,Bank transfer (automatic),65.51,3076.66,No
3190-GMPKV,Male,0,No,No,18,Yes,Yes,No,No internet service,No internet service,No internet service,No internet service,No internet service,No internet service,Month-to-month,No,Electronic check,22.52,410.21,No
2016-XZPZT,Male,0,Yes,No,25,Yes,No,DSL,No,No,No,No,No,No,Month-to-month,No,Bank transfer (automatic),48.56,1215.94,Yes
6796-SULMX,Female,0,No,No,37,Yes,Yes,Fiber optic,Yes,Yes,No,No,No,No,Month-to-month,Yes,Mailed check,81.36,3008.04,No
3051-CZLBS,Female,0,No,No,24,Yes,Yes,DSL,No,No,No,No,Yes,No,Month-to-month,No,Credit card (automatic),50.92,1219.49,No
7661-EKAJF,Male,0,Yes,Yes,55,No,No phone service,No,No internet service,No internet service,No internet service,No internet service,No internet service,No internet service,Month-to-month,Yes,Mailed check,25.21,1397.87,No
3175-MDQNJ,Female,0,Yes,No,27,Yes,No,DSL,No,Yes,No,No,No,No,Month-to-month,Yes,Bank transfer (automatic),52.99,1432.94,Yes
4671-NRELH,Female,0,Yes,No,60,Yes,No,Fiber optic,No,No,No,Yes,No,No,Two year,Yes,Bank transfer (automatic),74.99,4498.06,No
3986-NLBKS,Female,0,No,No,50,Yes,Yes,Fiber optic,Yes,Yes,No,No,Yes,No,One year,Yes,Bank transfer (automatic),93.5,4693.65,Yes
4639-RXUNC,Female,0,No,No,11,Yes,Yes,Fiber optic,No,Yes,No,No,No,Yes,Month-to-month,No,Bank transfer (automatic),88.2,963.32,Yes
8753-VWFVC,Male,0,No,No,7,No,No phone service,Fiber optic,No,Yes,No,No,No,No,Month-to-month,Yes,Bank transfer (automatic),75.21,543.0,Yes
6621-ETYEL,Male,1,No,Yes,57,Yes,No,DSL,Yes,No,Yes,Yes,No,Yes,One year,Yes,Bank transfer (automatic),71.33,4065.71,Yes
1669-RZSMZ,Male,0,Yes,No,22,Yes,No,Fiber optic,Yes,Yes,No,Yes,No,Yes,Month-to-month,Yes,Mailed check,88.36,1950.12,Yes
6694-NQZLX,Female,0,Yes,No,36,Yes,Yes,DSL,Yes,No,No,Yes,No,No,Two year,No,Electronic check,57.89,2080.67,No
2639-WSPJA,Female,1,Yes,No,10,Yes,Yes,No,No internet service,No internet service,No internet service,No internet service,No internet service,No internet service,Month-to-month,Yes,Credit card (automatic),20.28,193.55,No
7715-MXALX,Female,1,Yes,No,16,Yes,Yes,Fiber optic,Yes,No,No,No,No,Yes,Two year,No,Electronic check,85.62,1355.75,No
6879-EDMDM,Female,1,No,No,55,No,No phone service,Fiber optic,No,No,Yes,Yes,Yes,No,Month-to-month,No,Electronic check,85.02,4693.4,No
2237-KSZGS,Female,0,No,Yes,52,Yes,Yes,Fiber optic,No,No,No,No,Yes,No,Month-to-month,Yes,Mailed check,73.24,3827.82,No
5666-WUAUY,Female,0,No,No,66,No,No phone service,No,No internet service,No internet service,No internet service,No internet service,No internet service,No internet service,Month-to-month,Yes,Bank transfer (automatic),20.23,1325.95,No
6786-WRUQA,Female,0,Yes,No,1,Yes,Yes,DSL,Yes,No,No,No,Yes,No,Two year,Yes,Electronic check,55.73,55.08,No
5528-NBTTA,Male,0,No,No,28,Yes,No,DSL,No,No,Yes,Yes,Yes,Yes,Two year,Yes,Bank transfer (automatic),76.76,2150.16,No
8132-SCURP,Male,0,No,Yes,56,Yes,Yes,Fiber optic,Yes,No,No,Yes,No,Yes,Two year,No,Mailed check,91.77,5141.63,No
6590-QNJCS,Female,1,No,No,33,Yes,Yes,Fiber optic,No,Yes,No,No,No,No,Month-to-month,Yes,Electronic check,80.29,2644.32,Yes
7159-LPZFM,Female,0,No,No,1,Yes,Yes,Fiber optic,No,No,No,No,No,No,Month-to-month,Yes,Bank transfer (automatic),69.02,74.06,Yes
8547-CNCYW,Female,0,Yes,Yes,30,Yes,Yes,Fiber optic,Yes,Yes,Yes,Yes,Yes,No,Month-to-month,Yes,Bank transfer (automatic),100.31,3006.0,Yes
5887-HZLJW,Male,1,No,Yes,43,Yes,No,DSL,No,Yes,Yes,No,Yes,No,Month-to-month,No,Electronic check,58.58,2520.64,No
5323-XEFCV,Male,0,No,No,55,Yes,Yes,DSL,Yes,Yes,No,No,No,Yes,Month-to-month,No,Credit card (automatic),65.5,3613.34,No
7200-JMBJS,Female,0,No,No,53,Yes,No,DSL,Yes,No,Yes,No,No,No,Month-to-month,Yes,Electronic check,58.97,3119.36,No
5894-UBBCZ,Female,0,Yes,No,52,Yes,No,Fiber optic,Yes,Yes,Yes,Yes,Yes,No,Month-to-month,Yes,Credit card (automatic),97.38,5063.58,No
6586-ZRWLT,Male,0,Yes,Yes,45,Yes,No,No,No internet service,No internet service,No internet service,No internet service,No internet service,No internet service,Month-to-month,No,Mailed check,20.43,936.38,No
1926-YHTBD,Male,0,Yes,No,53,Yes,Yes,Fiber optic,Yes,No,No,No,Yes,No,Month-to-month,No,Electronic check,76.38,4034.38,Yes
9200-ZNXME,Male,1,No,No,30,Yes,Yes,No,No internet service,No internet service,No internet service,No internet service,No internet service,No internet service,One year,No,Bank transfer (automatic),18.47,566.49,No
6868-BPSDF,Male,1,No,No,23,Yes,No,DSL,Yes,No,Yes,No,No,Yes,One year,Yes,Mailed check,62.37,1430.99,No
9813-LSMJB,Female,1,Yes,Yes,24,Yes,No,DSL,No,No,No,Yes,Yes,No,Month-to-month,No,Credit card (automatic),57.45,1379.17,Yes
7563-KHDVW,Male,0,No,No,34,Yes,No,DSL,No,Yes,No,Yes,No,No,Month-to-month,Yes,Bank transfer (automatic),55.87,1898.97,No
3081-SNKQU,Male,1,Yes,Yes,56,Yes,No,Fiber optic,Yes,No,No,Yes,No,Yes,Month-to-month,Yes,Credit card (automatic),87.31,4896.36,No
7453-ZFHML,Female,0,Yes,Yes,71,Yes,No,DSL,Yes,Yes,No,No,Yes,No,Month-to-month,Yes,Electronic check,61.14,4329.7,No
8401-AAWGG,Male,0,No,No,68,Yes,Yes,No,No internet service,No internet service,No internet service,No internet service,No internet service,No internet service,Month-to-month,No,Mailed check,18.42,1258.48,No
2011-HFUXY,Male,0,No,No,27,Yes,Yes,DSL,Yes,No,No,No,Yes,No,Month-to-month,No,Electronic check,53.65,1453.84,Yes
3561-HWTHA,Male,0,Yes,No,32,Yes,No,Fiber optic,No,Yes,No,Yes,No,Yes,Month-to-month,No,Electronic check,93.55,3007.34,No
7102-YSTFH,Female,0,Yes,Yes,52,Yes,No,Fiber optic,Yes,Yes,Yes,Yes,No,No,Month-to-month,Yes,Credit card (automatic),98.68,5138.38,Yes
2445-BDTZH,Male,0,No,No,15,Yes,No,DSL,Yes,Yes,No,No,No,No,Month-to-month,Yes,Bank transfer (automatic),53.05,779.58,Yes
5479-EQVCC,Female,0,Yes,No,25,Yes,No,Fiber optic,Yes,Yes,No,No,No,Yes,Month-to-month,Yes,Electronic check,92.07,2310.28,Yes
1337-HNWSG,Female,0,No,No,11,Yes,No,Fiber optic,Yes,Yes,Yes,Yes,Yes,No,Two year,Yes,Mailed check,87.04,979.15,No
6612-JGTGX,Male,0,No,Yes,30,Yes,No,DSL,No,No,No,No,Yes,Yes,One year,Yes,Mailed check,62.33,1866.09,Yes
7230-EEXAK,Male,0,Yes,Yes,26,Yes,Yes,No,No internet service,No internet service,No internet service,No internet service,No internet service,No internet service,Month-to-month,Yes,Electronic check,18.25,476.77,No
9586-ZWQKZ,Male,0,Yes,Yes,35,Yes,No,Fiber optic,Yes,Yes,No,Yes,Yes,Yes,Month-to-month,Yes,Bank transfer (automatic),99.29,3480.92,Yes
9704-FXQQX,Male,0,No,No,58,Yes,Yes,DSL,Yes,No,No,Yes,Yes,Yes,Month-to-month,Yes,Credit card (automatic),68.32,3945.31,Yes
1272-YCNWA,Female,0,No,No,2,Yes,No,Fiber optic,No,No,Yes,Yes,No,Yes,Month-to-month,Yes,Bank transfer (automatic),80.73,147.24,Yes
2310-AAZYJ,Male,0,No,No,31,Yes,Yes,DSL,No,Yes,Yes,Yes,Yes,Yes,Month-to-month,No,Mailed check,78.42,2440.4,No
1034-LPVSY,Male,0,Yes,No,14,Yes,No,No,No internet service,No internet service,No internet service,No internet service,No internet service,No internet service,Month-to-month,Yes,Electronic check,19.59,259.4,No
9068-CQLFX,Male,0,No,No,65,Yes,No,Fiber optic,No,Yes,No,No,Yes,No,One year,Yes,Electronic check,81.33,5291.78,Yes
9442-KMNMX,Female,1,Yes,No,62,No,No phone service,Fiber optic,No,Yes,Yes,Yes,No,No,One year,Yes,Mailed check,92.84,5758.28,No
6230-ZEQLS,Male,0,No,No,0,Yes,Yes,DSL,No,Yes,No,No,Yes,Yes,One year,No,Credit card (automatic),71.53, ,Yes
7955-YCTTS,Male,0,No,Yes,4,Yes,Yes,No,No internet service,No internet service,No internet service,No internet service,No internet service,No internet service,One year,Yes,Mailed check,22.61,91.82,No
9586-MFJHZ,Female,0,Yes,No,5,Yes,Yes,DSL,No,No,No,Yes,No,Yes,Two year,No,Credit card (automatic),52.9,255.5,No
2642-BWNSF,Female,0,No,No,4,Yes,No,Fiber optic,No,No,Yes,No,Yes,No,One year,Yes,Bank transfer (automatic),81.05,329.01,Yes
7261-KSJPN,Male,0,Yes,No,72,Yes,No,Fiber optic,No,Yes,Yes,Yes,Yes,No,Month-to-month,Yes,Bank transfer (automatic),100.83,7249.72,No
5889-BFFUF,Male,0,No,Yes,27,Yes,No,Fiber optic,No,No,Yes,No,Yes,Yes,Two year,No,Credit card (automatic),83.81,2269.46,Yes
6517-SWTKU,Male,0,Yes,Yes,68,Yes,Yes,No,No internet service,No internet service,No internet service,No internet service,No internet service,No internet service,Month-to-month,Yes,Electronic check,20.32,1390.23,No
1025-LEYNY,Male,1,No,No,43,No,No phone service,No,No internet service,No internet service,No internet service,No internet service,No internet service,No internet service,Month-to-month,Yes,Mailed check,22.62,969.06,No
9398-PVJWB,Male,0,Yes,Yes,15,Yes,Yes,DSL,No,Yes,Yes,No,Yes,No,One year,No,Electronic check,60.48,912.05,No
7703-FWVNN,Female,0,No,No,70,Yes,Yes,Fiber optic,No,Yes,Yes,No,Yes,No,Month-to-month,Yes,Credit card (automatic),85.98,6027.15,No
2726-UTWWG,Female,0,No,Yes,21,Yes,Yes,DSL,Yes,No,Yes,No,Yes,Yes,Two year,Yes,Credit card (automatic),71.5,1497.2,No
7119-YRGNA,Male,0,No,Yes,72,Yes,Yes,Fiber optic,Yes,No,No,No,No,Yes,Month-to-month,No,Bank transfer (automatic),79.01,5683.79,No
4158-LBNFA,Male,1,No,Yes,22,Yes,Yes,Fiber optic,No,Yes,No,No,No,Yes,Month-to-month,Yes,Credit card (automatic),76.26,1665.91,Yes
6174-ADQND,Female,0,Yes,Yes,42,Yes,No,Fiber optic,No,No,Yes,No,No,Yes,Two year,Yes,Credit card (automatic),82.4,3470.27,No
3220-JKKJH,Male,0,Yes,Yes,67,Yes,Yes,No,No internet service,No internet service,No internet service,No internet service,No internet service,No internet service,Two year,No,Mailed check,20.04,1333.9,No
2554-XHTNL,Male,0,Yes,No,42,Yes,Yes,Fiber optic,No,Yes,Yes,Yes,No,No,Two year,Yes,Bank transfer (automatic),80.46,3373.56,No
9378-XDSLB,Male,0,No,No,25,Yes,Yes,Fiber optic,No,No,No,No,Yes,Yes,Month-to-month,No,Bank transfer (automatic),86.29,2147.63,Yes
3218-HHLMP,Male,1,Yes,No,40,Yes,No,Fiber optic,No,No,Yes,No,No,No,Month-to-month,Yes,Electronic check,78.32,3130.22,No
9692-WFTSL,Male,0,Yes,Yes,69,Yes,Yes,DSL,Yes,Yes,Yes,Yes,No,No,Two year,No,Electronic check,63.2,4362.81,No
6430-CWEBC,Female,1,Yes,No,30,Yes,No,Fiber optic,Yes,Yes,Yes,Yes,No,No,One year,Yes,Credit card (automatic),81.4,2439.76,No
1653-JTRCB,Male,1,No,No,16,No,No phone service,DSL,No,No,Yes,No,Yes,No,Two year,Yes,Electronic check,59.14,920.87,No
9805-RDDMM,Male,0,Yes,Yes,8,Yes,No,Fiber optic,No,Yes,No,No,Yes,No,Month-to-month,No,Electronic check,87.94,700.54,Yes
9411-LLTMN,Male,0,Yes,No,54,Yes,No,Fiber optic,Yes,No,Yes,Yes,No,Yes,One year,Yes,Bank transfer (automatic),98.25,5308.75,Yes
9810-ZBTPE,Female,0,Yes,Yes,5,Yes,No,DSL,Yes,Yes,No,No,No,Yes,One year,Yes,Mailed check,57.47,287.2,Yes
2288-DSHNJ,Female,1,No,No,69,Yes,No,DSL,No,No,No,No,Yes,Yes,Month-to-month,Yes,Electronic check,59.5,4095.16,No
1176-UEMZZ,Female,0,No,Yes,63,Yes,No,Fiber optic,No,Yes,No,No,No,No,Month-to-month,Yes,Credit card (automatic),73.57,4638.24,Yes
8900-CLUGT,Female,0,Yes,No,3,Yes,No,Fiber optic,Yes,No,No,No,No,No,Month-to-month,Yes,Mailed check,70.07,215.51,Yes
5062-FRUPG,Male,0,No,No,66,Yes,No,No,No internet service,No internet service,No internet service,No internet service,No internet service,No internet service,Month-to-month,Yes,Credit card (automatic),25.69,1689.51,No
9889-MARNG,Female,0,Yes,No,55,Yes,No,DSL,No,No,Yes,No,Yes,No,Two year,Yes,Mailed check,59.97,3308.65,No
3466-YXEEP,Male,0,Yes,No,17,Yes,No,Fiber optic,No,No,No,No,No,No,Two year,No,Bank transfer (automatic),71.95,1207.74,No
6307-PLMEJ,Male,0,Yes,No,31,Yes,No,Fiber optic,No,Yes,No,No,No,Yes,Month-to-month,Yes,Bank transfer (automatic),92.92,2872.61,Yes
5269-KHLGC,Female,1,No,No,47,Yes,Yes,Fiber optic,No,Yes,Yes,No,No,No,Two year,Yes,Electronic check,84.8,3983.86,No
1990-BNSET,Female,0,No,No,28,Yes,No,Fiber optic,Yes,No,Yes,No,No,No,Month-to-month,No,Electronic check,84.21,2359.96,Yes
3032-DXRXJ,Female,0,Yes,No,31,Yes,No,Fiber optic,No,Yes,No,No,No,No,Month-to-month,No,Electronic check,78.69,2437.08,Yes
5149-XHCBV,Female,0,No,No,24,Yes,No,Fiber optic,Yes,No,No,Yes,Yes,Yes,Two year,No,Electronic check,97.45,2328.21,No
9973-PANFY,Female,0,Yes,No,62,Yes,No,Fiber optic,No,No,Yes,No,Yes,No,One year,No,Bank transfer (automatic),78.95,4894.16,No
7468-ESAGA,Male,0,No,Yes,8,Yes,No,Fiber optic,Yes,No,No,No,No,No,One year,No,Electronic check,76.64,628.7,No
8661-JNPSN,Female,0,No,No,70,Yes,No,Fiber optic,No,No,Yes,No,No,No,Two year,Yes,Electronic check,68.65,4810.47,No
2527-ZLAED,Female,0,No,Yes,13,Yes,No,Fiber optic,Yes,Yes,No,No,Yes,Yes,Two year,Yes,Electronic check,96.43,1253.89,No
4144-UQLWT,Female,1,No,No,19,Yes,No,DSL,No,Yes,No,No,No,No,Two year,Yes,Bank transfer (automatic),50.7,942.55,No
6406-CAJMP,Male,0,No,Yes,9,Yes,No,Fiber optic,No,No,No,No,No,Yes,One year,No,Bank transfer (automatic),80.15,718.44,No
7461-CPEAK,Female,0,No,No,10,Yes,No,Fiber optic,No,No,Yes,No,No,No,Month-to-month,No,Mailed check,76.96,778.51,Yes
5814-XBDAH,Male,0,No,Yes,38,Yes,No,DSL,No,No,No,No,No,Yes,Month-to-month,No,Credit card (automatic),47.8,1815.13,No
4977-HERQL,Female,0,Yes,Yes,18,Yes,Yes,Fiber optic,No,Yes,Yes,No,No,No,Month-to-month,Yes,Electronic check,83.53,1505.82,No
7954-EECSF,Female,1,Yes,Yes,18,Yes,Yes,Fiber optic,Yes,No,No,No,Yes,Yes,Month-to-month,No,Credit card (automatic),82.77,1505.61,Yes
3571-UZACX,Male,0,Yes,No,42,Yes,Yes,DSL,No,No,Yes,Yes,Yes,Yes,Two year,No,Bank transfer (automatic),63.68,2673.58,No
8539-YHWGS,Female,0,No,Yes,60,No,No phone service,DSL,No,Yes,No,No,Yes,Yes,Month-to-month,No,Credit card (automatic),63.07,3773.31,No
2455-XRZGB,Male,0,Yes,No,69,Yes,No,DSL,No,Yes,No,Yes,No,No,One year,Yes,Electronic check,53.5,3678.58,No
5591-TFBEM,Male,0,No,No,71,No,No phone service,Fiber optic,Yes,Yes,Yes,Yes,Yes,Yes,Two year,Yes,Credit card (automatic),103.16,7323.11,No
2299-VRJAU,Male,0,No,No,64,Yes,Yes,DSL,No,No,No,No,No,Yes,Month-to-month,No,Bank transfer (automatic),50.21,3234.84,No
5286-AGUGH,Female,0,No,Yes,22,Yes,Yes,Fiber optic,Yes,Yes,Yes,No,No,No,Month-to-month,No,Bank transfer (automatic),90.53,1989.17,No
4099-NXDZU,Female,0,Yes,No,59,Yes,Yes,Fiber optic,No,No,Yes,Yes,No,Yes,One year,No,Electronic check,93.45,5493.68,No
2744-KZJMG,Female,0,No,No,9,Yes,Yes,Fiber optic,Yes,No,Yes,No,No,No,Two year,Yes,Electronic check,79.47,706.7,Yes
4005-CTQZG,Male,0,Yes,Yes,62,Yes,No,No,No internet service,No internet service,No internet service,No internet service,No internet service,No internet service,Two year,No,Electronic check,20.05,1229.83,No
8900-JNHQW,Female,0,No,No,1,Yes,No,No,No internet service,No internet service,No internet service,No internet service,No internet service,No internet service,Month-to-month,Yes,Mailed check,20.52,22.24,Yes
9767-EJLXD,Male,0,No,No,35,Yes,No,Fiber optic,Yes,No,Yes,No,Yes,No,One year,Yes,Electronic check,77.06,2710.16,No
3934-EEKEM,Female,0,Yes,No,56,Yes,No,DSL,No,Yes,Yes,Yes,Yes,Yes,Month-to-month,Yes,Credit card (automatic),82.4,4596.7,No
9056-ERQSF,Male,0,No,Yes,65,Yes,No,DSL,No,Yes,No,Yes,No,No,Two year,Yes,Bank transfer (automatic),55.64,3610.46,No
7979-ECLUS,Male,0,Yes,No,19,Yes,Yes,No,No internet service,No internet service,No internet service,No internet service,No internet service,No internet service,One year,No,Credit card (automatic),18.84,364.15,No
4937-NPLLN,Male,0,No,No,41,Yes,No,DSL,Yes,Yes,No,No,No,No,Month-to-month,No,Mailed check,56.62,2325.88,No
2691-LBGBG,Female,0,Yes,Yes,20,Yes,No,No,No internet service,No internet service,No internet service,No internet service,No internet service,No internet service,Month-to-month,No,Bank transfer (automatic),21.99,448.61,No
1682-RJFZF,Male,0,No,No,65,Yes,No,Fiber optic,No,Yes,No,No,Yes,No,Month-to-month,Yes,Credit card (automatic),87.85,5713.24,No
6201-WDZBH,Male,0,Yes,No,37,No,No phone service,DSL,No,Yes,Yes,Yes,Yes,No,Two year,No,Credit card (automatic),62.82,2342.71,No
8935-QZVEW,Male,0,No,No,68,Yes,Yes,No,No internet service,No internet service,No internet service,No internet service,No internet service,No internet service,Two year,Yes,Bank transfer (automatic),23.0,1561.75,No
3269-BDMEF,Male,0,Yes,No,23,Yes,No,No,No internet service,No internet service,No internet service,No internet service,No internet service,No internet service,Month-to-month,No,Credit card (automatic),22.98,535.68,Yes
4209-LDTCR,Male,1,Yes,No,25,Yes,Yes,Fiber optic,No,Yes,No,No,No,No,Month-to-month,Yes,Electronic check,78.04,1942.57,No
9599-HTGJX,Male,0,No,No,1,Yes,No,Fiber optic,No,No,Yes,No,Yes,No,Two year,Yes,Bank transfer (automatic),83.2,88.96,No
4185-SPNMD,Female,0,Yes,No,45,Yes,No,Fiber optic,No,Yes,No,No,No,Yes,One year,No,Bank transfer (automatic),85.6,3857.32,No
1625-DYFXX,Female,0,No,No,33,Yes,Yes,Fiber optic,No,No,No,No,Yes,Yes,Month-to-month,No,Bank transfer (automatic),83.05,2741.61,Yes
5806-LYMFS,Male,0,Yes,No,61,Yes,Yes,Fiber optic,Yes,Yes,No,Yes,No,Yes,Two year,No,Credit card (automatic),99.11,6047.5,No
3266-GBWBC,Female,0,Yes,No,40,Yes,No,Fiber optic,No,Yes,No,No,No,No,Month-to-month,No,Mailed check,77.03,3092.24,Yes
7398-DAKGF,Female,0,No,No,14,Yes,No,DSL,No,No,No,No,Yes,Yes,Two year,No,Credit card (automatic),56.11,772.82,Yes
7226-CMEMU,Male,0,No,No,54,Yes,No,DSL,No,No,No,No,Yes,No,One year,No,Electronic check,53.6,2911.64,Yes
7808-PLDCZ,Male,1,No,No,2,Yes,Yes,DSL,No,Yes,Yes,Yes,Yes,No,Month-to-month,Yes,Mailed check,71.21,145.14,No
1945-QPEJS,Male,0,No,No,37,Yes,No,Fiber optic,Yes,No,No,No,Yes,Yes,Month-to-month,Yes,Electronic check,92.4,3422.31,Yes
3715-BFUHE,Female,0,Yes,No,50,Yes,Yes,Fiber optic,No,No,No,Yes,No,No,Two year,No,Bank transfer (automatic),76.38,3802.33,Yes
8068-MWUCF,Male,0,Yes,Yes,16,Yes,Yes,DSL,No,No,No,No,Yes,Yes,Month-to-month,Yes,Bank transfer (automatic),56.1,907.24,Yes
1799-SNXCK,Female,0,Yes,No,48,Yes,No,Fiber optic,No,Yes,Yes,No,No,Yes,Month-to-month,No,Mailed check,83.37,3992.28,No
3424-FLHJV,Male,0,No,No,20,Yes,No,DSL,No,Yes,No,No,Yes,No,Month-to-month,No,Credit card (automatic),48.4,962.8,No
9143-HNMSY,Female,0,No,No,23,Yes,No,Fiber optic,No,Yes,No,No,No,Yes,Month-to-month,Yes,Electronic check,77.17,1779.77,Yes
5643-ZMDLR,Male,0,Yes,Yes,39,Yes,Yes,No,No internet service,No internet service,No internet service,No internet service,No internet service,No internet service,Month-to-month,Yes,Mailed check,23.3,909.27,Yes
5499-JPVKN,Male,0,Yes,No,19,Yes,No,No,No internet service,No internet service,No internet service,No internet service,No internet service,No internet service,Month-to-month,No,Bank transfer (automatic),20.14,388.23,No
1200-DNKMZ,Female,0,Yes,No,34,Yes,No,No,No internet service,No internet service,No internet service,No internet service,No internet service,No internet service,Month-to-month,Yes,Electronic check,18.58,628.37,Yes
3986-PUJAK,Female,1,No,Yes,47,Yes,No,Fiber optic,No,Yes,No,Yes,Yes,No,Two year,No,Credit card (automatic),98.65,4641.76,No
2520-AFHWG,Female,0,No,No,32,Yes,No,Fiber optic,No,Yes,Yes,No,No,Yes,Month-to-month,Yes,Mailed check,85.72,2760.24,No
5917-AURRP,Female,1,Yes,No,55,Yes,No,No,No internet service,No internet service,No internet service,No internet service,No internet service,No internet service,One year,Yes,Mailed check,24.38,1345.87,No
2415-UWASJ,Female,0,No,No,40,Yes,Yes,DSL,Yes,No,Yes,No,No,No,Month-to-month,No,Mailed check,53.69,2137.41,Yes
5461-CHJYL,Female,0,Yes,No,53,Yes,No,No,No internet service,No internet service,No internet service,No internet service,No internet service,No internet service,One year,Yes,Bank transfer (automatic),22.25,1161.78,No
4596-LYPNV,Male,0,No,No,43,Yes,Yes,Fiber optic,No,No,Yes,No,No,No,One year,No,Credit card (automatic),74.7,3204.62,No
1258-JXNDU,Female,0,No,No,71,Yes,No,Fiber optic,No,No,No,No,Yes,Yes,Month-to-month,No,Electronic check,86.03,6108.13,Yes
1100-RFALZ,Male,1,Yes,No,10,No,No phone service,Fiber optic,No,Yes,No,Yes,Yes,Yes,Two year,Yes,Electronic check,82.26,804.46,Yes
6859-QZANC,Male,0,No,Yes,13,Yes,No,Fiber optic,No,Yes,Yes,Yes,Yes,Yes,Two year,Yes,Credit card (automatic),95.11,1249.59,No
3573-QGSEC,Female,1,No,Yes,41,Yes,No,No,No internet service,No internet service,No internet service,No internet service,No internet service,No internet service,Month-to-month,No,Credit card (automatic),23.44,952.0,No
2579-AMCNM,Male,0,Yes,No,11,Yes,No,DSL,No,Yes,No,No,Yes,No,Two year,Yes,Electronic check,56.14,625.34,No
6962-TEZEL,Female,0,No,No,16,Yes,No,Fiber optic,No,No,No,Yes,No,Yes,Month-to-month,Yes,Electronic check,88.11,1414.82,Yes
7232-WTYZZ,Female,0,Yes,No,24,Yes,No,Fiber optic,Yes,No,Yes,Yes,Yes,No,Month-to-month,Yes,Electronic check,94.12,2240.58,Yes
1513-KHVCN,Male,0,No,No,25,Yes,Yes,Fiber optic,No,Yes,Yes,Yes,No,No,Month-to-month,Yes,Electronic check,89.68,2237.96,No
5305-MXSMD,Male,0,Yes,Yes,46,Yes,Yes,Fiber optic,No,Yes,Yes,No,Yes,Yes,Two year,No,Mailed check,89.95,4132.62,No
1622-BJJPA,Female,0,Yes,No,24,Yes,No,No,No internet service,No internet service,No internet service,No internet service,No internet service,No internet service,Two year,Yes,Electronic check,22.36,553.25,No
5015-XUACL,Female,0,No,Yes,59,No,No phone service,Fiber optic,No,No,No,No,No,No,One year,No,Electronic check,72.73,4285.2,No
2451-UARKD,Male,0,No,No,59,Yes,Yes,Fiber optic,Yes,No,No,No,No,Yes,Month-to-month,No,Credit card (automatic),87.77,5196.01,Yes
1808-HXMMC,Male,1,Yes,Yes,26,No,No phone service,Fiber optic,No,Yes,No,Yes,Yes,Yes,Month-to-month,Yes,Electronic check,83.39,2181.86,Yes
2946-MQSCU,Male,0,No,No,42,Yes,No,Fiber optic,No,Yes,Yes,Yes,Yes,Yes,Month-to-month,No,Credit card (automatic),101.61,4265.75,No
7070-MLAWK,Male,1,Yes,Yes,19,Yes,No,Fiber optic,No,Yes,Yes,No,No,Yes,Month-to-month,Yes,Mailed check,85.36,1626.84,Yes
2595-WVBYP,Female,0,Yes,No,62,Yes,No,No,No internet service,No internet service,No internet service,No internet service,No internet service,No internet service,Month-to-month,Yes,Electronic check,19.43,1200.05,No
8290-WWJUP,Female,0,No,No,24,No,No phone service,DSL,Yes,No,Yes,No,No,Yes,Two year,No,Mailed check,62.36,1480.15,No
5355-CFNEY,Female,1,Yes,Yes,26,No,No phone service,DSL,Yes,Yes,Yes,Yes,No,No,Two year,No,Electronic check,64.12,1676.2,No
6938-CJUMB,Female,0,Yes,Yes,51,Yes,No,Fiber optic,Yes,No,Yes,Yes,No,Yes,Month-to-month,Yes,Bank transfer (automatic),87.1,4440.86,Yes
8912-ALSVE,Male,1,No,Yes,9,Yes,Yes,Fiber optic,No,No,No,No,No,No,Month-to-month,No,Electronic check,69.79,625.66,Yes
4612-KPPZU,Male,0,Yes,No,49,No,No phone service,Fiber optic,No,Yes,No,No,Yes,Yes,Month-to-month,Yes,Bank transfer (automatic),84.59,4155.65,Yes
2951-WGDWA,Female,0,No,No,29,Yes,No,No,No internet service,No internet service,No internet service,No internet service,No internet service,No internet service,One year,No,Mailed check,18.25,528.67,No
4416-UVNAE,Female,0,Yes,No,0,Yes,No,DSL,No,Yes,No,No,Yes,Yes,Month-to-month,No,Electronic check,65.33, ,Yes
6845-LXWGA,Female,0,No,Yes,53,Yes,No,Fiber optic,No,Yes,Yes,Yes,No,Yes,Month-to-month,Yes,Credit card (automatic),98.83,5236.82,No
7022-NJZMN,Female,0,Yes,No,3,Yes,No,No,No internet service,No internet service,No internet service,No internet service,No internet service,No internet service,Two year,No,Electronic check,24.8,75.61,No
8612-AZQRT,Female,0,Yes,No,6,Yes,No,No,No internet service,No internet service,No internet service,No internet service,No internet service,No internet service,Month-to-month,Yes,Credit card (automatic),20.52,134.15,Yes
2811-WUNSU,Female,0,No,No,29,Yes,Yes,Fiber optic,No,Yes,No,No,Yes,Yes,One year,No,Electronic check,92.42,2673.27,Yes
5632-TJQSK,Female,1,No,No,64,Yes,No,Fiber optic,Yes,No,No,No,Yes,Yes,Two year,Yes,Credit card (automatic),80.1,5132.61,No
2823-DGAKE,Female,0,No,Yes,28,Yes,Yes,No,No internet service,No internet service,No internet service,No internet service,No internet service,No internet service,Two year,Yes,Credit card (automatic),19.97,560.48,No
9014-SHFJW,Female,0,Yes,No,24,Yes,No,No,No internet service,No internet service,No internet service,No internet service,No internet service,No internet service,One year,Yes,Electronic check,18.25,437.93,No
1410-DSTKZ,Male,0,No,No,39,Yes,No,Fiber optic,Yes,Yes,Yes,No,Yes,No,Month-to-month,Yes,Electronic check,101.17,3957.02,No
5445-DCLYC,Female,0,Yes,No,25,Yes,No,Fiber optic,No,Yes,Yes,Yes,No,No,Two year,No,Credit card (automatic),86.97,2182.62,No
3822-EMZXU,Male,1,No,Yes,16,No,No phone service,DSL,Yes,Yes,Yes,No,Yes,Yes,One year,Yes,Electronic check,64.03,1024.79,No
5290-PNHWN,Male,0,No,No,30,Yes,Yes,Fiber optic,No,Yes,Yes,Yes,Yes,No,Two year,Yes,Electronic check,92.19,2763.82,No
1568-LKUPK,Female,0,Yes,No,60,Yes,No,Fiber optic,Yes,Yes,No,No,Yes,No,Two year,No,Bank transfer (automatic),87.54,5262.37,No
5919-SAGWL,Female,0,No,No,7,Yes,Yes,DSL,No,Yes,Yes,No,No,No,Month-to-month,Yes,Electronic check,60.19,427.3,Yes
2248-EXFJA,Male,0,Yes,No,68,Yes,Yes,No,No internet service,No internet service,No internet service,No internet service,No internet service,No internet service,Month-to-month,Yes,Mailed check,18.25,1235.71,No
3484-TUMAW,Male,1,No,No,0,Yes,No,Fiber optic,No,No,Yes,Yes,No,No,Month-to-month,Yes,Mailed check,83.87, ,Yes
4315-UYNYR,Female,0,No,No,70,Yes,No,Fiber optic,No,Yes,Yes,Yes,Yes,Yes,Two year,No,Electronic check,96.04,6733.91,No
5076-GNWJN,Male,1,Yes,Yes,45,Yes,No,DSL,No,Yes,Yes,No,Yes,No,One year,No,Electronic check,66.43,2990.84,No
1420-TCSHD,Female,0,No,No,19,Yes,Yes,DSL,No,Yes,No,Yes,No,Yes,Month-to-month,No,Bank transfer (automatic),55.47,1047.86,Yes
9517-CVUER,Female,1,Yes,Yes,39,Yes,No,DSL,No,Yes,No,No,Yes,Yes,Month-to-month,Yes,Mailed check,53.52,2083.91,Yes
5920-QKGLS,Female,0,No,Yes,1,Yes,Yes,Fiber optic,No,No,No,Yes,No,No,Month-to-month,Yes,Bank transfer (automatic),75.06,85.17,Yes
9427-RDVHK,Male,1,Yes,No,60,Yes,Yes,DSL,No,Yes,No,No,Yes,No,Month-to-month,Yes,Credit card (automatic),59.54,3570.84,No
9226-RYFWW,Male,1,No,No,70,Yes,No,DSL,Yes,No,No,Yes,No,No,Month-to-month,No,Electronic check,51.81,3615.86,No
9368-NXFVK,Female,1,Yes,No,29,Yes,Yes,No,No internet service,No internet service,No internet service,No internet service,No internet service,No internet service,Two year,Yes,Credit card (automatic),18.25,541.22,No
6870-VUSNL,Male,0,Yes,Yes,29,Yes,Yes,DSL,Yes,No,No,No,No,Yes,Two year,No,Credit card (automatic),60.16,1748.24,No
1416-ZFRUC,Male,0,No,No,44,Yes,No,No,No internet service,No internet service,No internet service,No internet service,No internet service,No internet service,Two year,No,Electronic check,20.91,922.59,No
5521-BLXRM,Male,0,Yes,Yes,23,Yes,Yes,DSL,Yes,No,No,No,No,No,Month-to-month,Yes,Credit card (automatic),46.69,1082.27,No
4446-DGEAR,Male,0,Yes,No,55,Yes,Yes,No,No internet service,No internet service,No internet service,No internet service,No internet service,No internet service,One year,Yes,Electronic check,18.84,1020.51,No
4248-GVFPK,Male,0,No,No,60,Yes,No,Fiber optic,Yes,No,Yes,No,Yes,Yes,One year,Yes,Credit card (automatic),100.37,6035.99,No
9254-HGMFN,Male,0,No,No,12,Yes,No,DSL,No,No,No,Yes,Yes,No,One year,No,Credit card (automatic),62.54,746.81,No
8134-RDNAV,Male,0,No,No,55,Yes,No,No,No internet service,No internet service,No internet service,No internet service,No internet service,No internet service,One year,Yes,Credit card (automatic),25.1,1368.31,No
2141-XKBZF,Female,0,Yes,No,14,Yes,Yes,DSL,Yes,No,No,No,No,Yes,Month-to-month,No,Bank transfer (automatic),54.31,781.65,Yes
6204-VZFUN,Male,0,No,No,10,Yes,No,Fiber optic,No,Yes,No,No,No,Yes,Month-to-month,Yes,Mailed check,84.53,846.16,Yes
2622-PDXNF,Male,0,Yes,Yes,11,Yes,No,Fiber optic,No,No,No,Yes,Yes,No,Two year,No,Electronic check,90.28,1005.22,Yes
4031-XBNSV,Male,0,No,No,2,Yes,Yes,DSL,Yes,Yes,Yes,No,Yes,Yes,Month-to-month,Yes,Mailed check,77.81,142.9,No
2215-EVEZU,Male,0,No,No,23,Yes,No,DSL,Yes,Yes,No,Yes,No,Yes,Two year,Yes,Credit card (automatic),81.89,1892.99,No
5281-GVBZG,Male,0,No,No,8,Yes,No,DSL,No,No,Yes,No,No,No,One year,Yes,Electronic check,47.86,358.93,No
4979-MVZYH,Male,0,Yes,No,45,Yes,No,No,No internet service,No internet service,No internet service,No internet service,No internet service,No internet service,Month-to-month,Yes,Credit card (automatic),24.47,1101.29,No
5851-EVUUQ,Male,1,No,No,70,Yes,No,Fiber optic,No,Yes,No,No,Yes,Yes,Month-to-month,Yes,Bank transfer (automatic),81.31,5703.52,Yes
9111-DFNAF,Male,1,No,No,59,Yes,No,DSL,No,No,Yes,Yes,No,No,Two year,Yes,Bank transfer (automatic),51.96,3065.84,No
7131-XHAJT,Female,1,No,Yes,10,Yes,No,DSL,No,Yes,No,Yes,Yes,No,Month-to-month,No,Bank transfer (automatic),59.24,597.79,No
5849-RQPUX,Male,1,Yes,No,9,No,No phone service,DSL,No,Yes,No,Yes,No,No,Month-to-month,No,Credit card (automatic),52.15,464.45,Yes
6281-RWPMY,Male,0,No,No,2,Yes,Yes,DSL,No,No,No,No,Yes,No,One year,No,Bank transfer (automatic),49.15,99.41,Yes
1427-EXEDW,Male,0,No,No,18,Yes,Yes,Fiber optic,No,Yes,Yes,No,Yes,No,One year,No,Mailed check,88.35,1574.73,No
9487-HXJQT,Male,0,Yes,Yes,1,Yes,No,No,No internet service,No internet service,No internet service,No internet service,No internet service,No internet service,One year,Yes,Credit card (automatic),21.78,10.16,Yes
7111-CHABT,Female,0,Yes,Yes,16,Yes,No,DSL,No,Yes,No,No,No,No,Month-to-month,No,Credit card (automatic),57.89,923.7,Yes
8868-MBLQZ,Female,0,Yes,No,1,Yes,Yes,Fiber optic,No,Yes,No,No,Yes,No,Month-to-month,Yes,Bank transfer (automatic),86.28,88.28,Yes
9923-GKQDN,Female,0,Yes,No,52,Yes,No,Fiber optic,No,No,No,Yes,Yes,Yes,Month-to-month,No,Bank transfer (automatic),82.81,4286.36,Yes
1070-RNDUH,Female,0,Yes,No,15,Yes,Yes,DSL,No,No,No,Yes,No,Yes,Two year,Yes,Mailed check,60.41,917.87,No
9403-FGMTG,Female,0,Yes,No,9,Yes,No,DSL,Yes,Yes,No,Yes,No,Yes,Month-to-month,No,Electronic check,74.13,667.67,Yes
2152-VTRVS,Female,0,No,No,67,Yes,No,DSL,No,Yes,No,No,No,Yes,Month-to-month,Yes,Bank transfer (automatic),58.73,3931.32,No
6850-VMLPP,Female,0,No,No,42,Yes,No,No,No internet service,No internet service,No internet service,No internet service,No internet service,No internet service,Month-to-month,Yes,Mailed check,18.25,779.46,No
1123-NLETW,Female,0,Yes,Yes,57,Yes,Yes,Fiber optic,No,No,Yes,No,No,No,Month-to-month,Yes,Mailed check,73.63,4196.99,No
8513-AMQYX,Female,0,No,No,59,No,No phone service,DSL,No,No,No,No,No,Yes,Two year,No,Mailed check,54.6,3225.8,No
8004-VAPGG,Female,0,No,No,23,Yes,No,No,No internet service,No internet service,No internet service,No internet service,No internet service,No internet service,Month-to-month,Yes,Electronic check,18.25,417.89,Yes
9138-NKVYD,Female,0,Yes,No,15,Yes,No,No,No internet service,No internet service,No internet service,No internet service,No internet service,No internet service,One year,No,Credit card (automatic),18.25,260.03,Yes
1181-BNELT,Female,1,Yes,No,8,Yes,Yes,Fiber optic,No,No,No,No,No,Yes,One year,Yes,Electronic check,76.62,605.88,No
7462-NPDYB,Female,0,No,No,5,Yes,No,Fiber optic,No,No,Yes,No,No,No,Month-to-month,Yes,Mailed check,79.73,402.45,Yes
6362-HTPTH,Female,0,No,No,64,Yes,No,Fiber optic,Yes,No,No,No,Yes,No,Month-to-month,No,Bank transfer (automatic),81.95,5246.97,No
8408-AZNUQ,Female,0,No,No,23,Yes,Yes,DSL,Yes,Yes,Yes,Yes,Yes,No,Month-to-month,Yes,Mailed check,80.34,1836.78,Yes
9490-UTHSG,Female,0,No,No,9,Yes,Yes,No,No internet service,No internet service,No internet service,No internet service,No internet service,No internet service,Month-to-month,No,Electronic check,24.37,220.36,Yes
8573-PDACS,Male,0,Yes,No,72,Yes,No,Fiber optic,No,Yes,No,No,Yes,Yes,One year,Yes,Mailed check,88.13,6342.05,No
9189-MZPAR,Female,0,No,Yes,26,Yes,Yes,Fiber optic,No,No,No,Yes,No,No,One year,No,Bank transfer (automatic),72.58,1918.06,Yes
5908-YCNRZ,Male,0,Yes,Yes,2,Yes,Yes,DSL,No,Yes,No,Yes,No,No,Month-to-month,No,Electronic check,52.77,109.48,Yes
1675-ETYWW,Female,1,Yes,No,37,Yes,No,Fiber optic,Yes,Yes,Yes,No,No,No,Month-to-month,Yes,Credit card (automatic),85.55,3162.21,Yes
6172-DBZPR,Female,1,Yes,No,72,Yes,No,Fiber optic,No,Yes,Yes,No,Yes,No,Month-to-month,Yes,Mailed check,87.67,6321.32,Yes
9464-PJHWC,Male,0,Yes,Yes,72,Yes,No,DSL,No,Yes,No,No,No,Yes,Month-to-month,No,Mailed check,61.82,4450.89,Yes
3935-SUDRX,Female,0,No,Yes,16,Yes,Yes,DSL,Yes,No,No,Yes,No,No,Month-to-month,No,Mailed check,59.23,943.79,No
7022-WEKWD,Male,0,No,No,47,Yes,No,Fiber optic,No,No,Yes,No,No,Yes,Two year,Yes,Electronic check,82.13,3845.39,No
4002-EYQLG,Male,0,No,No,48,Yes,No,Fiber optic,No,No,No,No,Yes,Yes,Month-to-month,No,Mailed check,85.85,4115.18,Yes
1818-RAXTE,Male,0,Yes,No,42,Yes,Yes,DSL,No,Yes,Yes,No,No,Yes,Month-to-month,No,Bank transfer (automatic),66.93,2810.36,No
2485-EELBR,Female,0,No,Yes,6,Yes,No,DSL,Yes,No,No,Yes,No,Yes,Two year,Yes,Mailed check,70.55,421.39,No
7181-WQMFV,Female,0,No,Yes,67,Yes,No,No,No internet service,No internet service,No internet service,No internet service,No internet service,No internet service,Two year,Yes,Credit card (automatic),18.25,1241.15,No
2377-UNGLH,Female,1,Yes,No,20,Yes,Yes,DSL,No,No,Yes,Yes,Yes,No,Two year,No,Credit card (automatic),61.39,1235.65,Yes
7925-BWEYL,Male,0,No,No,24,Yes,Yes,DSL,No,No,No,No,Yes,No,Month-to-month,Yes,Electronic check,50.38,1221.67,No
7021-XUYAV,Male,0,No,No,60,Yes,No,Fiber optic,No,No,No,No,No,Yes,Month-to-month,Yes,Electronic check,74.61,4481.03,Yes
3941-LPPVZ,Female,0,Yes,No,27,No,No phone service,DSL,No,No,No,No,Yes,Yes,Month-to-month,Yes,Mailed check,62.22,1681.18,Yes
8256-RAUVJ,Female,1,No,No,51,Yes,No,Fiber optic,Yes,No,No,No,Yes,Yes,Month-to-month,Yes,Bank transfer (automatic),86.95,4437.71,Yes
1154-URWHT,Female,0,No,No,12,Yes,No,Fiber optic,Yes,Yes,No,Yes,No,No,Month-to-month,Yes,Credit card (automatic),83.28,996.37,Yes
1239-MGSKE,Female,0,No,Yes,33,Yes,No,DSL,No,Yes,No,No,Yes,Yes,Month-to-month,Yes,Electronic check,57.08,1882.59,Yes
7386-FSZPC,Female,0,No,No,66,Yes,Yes,DSL,No,No,No,No,Yes,Yes,Two year,No,Credit card (automatic),51.02,3383.79,No
8100-DJBAK,Male,0,Yes,Yes,3,Yes,No,DSL,No,Yes,No,No,No,No,Month-to-month,Yes,Electronic check,51.83,148.64,Yes
2423-PBAUY,Male,1,No,No,43,Yes,No,Fiber optic,Yes,Yes,No,No,No,No,One year,No,Mailed check,75.55,3241.0,No
2002-KNWCT,Male,0,No,Yes,14,Yes,Yes,Fiber optic,No,No,No,No,No,No,One year,No,Bank transfer (automatic),74.0,1035.37,Yes
5911-KVDBP,Female,0,Yes,Yes,7,No,No phone service,Fiber optic,No,Yes,No,Yes,No,No,Two year,Yes,Credit card (automatic),83.15,572.16,No
6417-UHBVD,Male,0,Yes,No,4,No,No phone service,Fiber optic,Yes,No,Yes,Yes,Yes,No,Month-to-month,Yes,Bank transfer (automatic),88.63,358.9,Yes
5247-EKSBM,Male,0,No,No,65,Yes,Yes,DSL,Yes,No,No,Yes,Yes,No,Month-to-month,No,Bank transfer (automatic),64.93,4223.05,No
8752-JYYQJ,Male,0,Yes,No,72,Yes,Yes,No,No internet service,No internet service,No internet service,No internet service,No internet service,No internet service,Month-to-month,Yes,Electronic check,20.06,1457.26,No
2862-TLYVG,Male,0,No,No,45,Yes,Yes,Fiber optic,Yes,No,Yes,Yes,Yes,Yes,Month-to-month,Yes,Bank transfer (automatic),102.56,4622.36,No
2621-VDFKW,Male,0,No,No,64,Yes,No,Fiber optic,Yes,No,No,No,Yes,Yes,Two year,Yes,Bank transfer (automatic),91.65,5865.53,No
5813-YVUSS,Female,0,Yes,Yes,65,Yes,No,DSL,Yes,No,No,Yes,No,Yes,One year,Yes,Bank transfer (automatic),63.81,4148.39,No
3475-NTNJR,Male,0,Yes,No,25,Yes,Yes,DSL,Yes,Yes,No,Yes,No,No,Month-to-month,Yes,Electronic check,64.56,1620.64,No
1786-MZMLR,Female,1,Yes,No,30,No,No phone service,No,No internet service,No internet service,No internet service,No internet service,No internet service,No internet service,Month-to-month,Yes,Mailed check,21.7,645.79,Yes
9527-ZGWRV,Female,0,No,Yes,50,Yes,Yes,Fiber optic,No,No,No,No,Yes,No,Month-to-month,No,Electronic check,78.48,3909.14,No
5682-RJDJJ,Female,0,No,No,40,Yes,No,Fiber optic,Yes,No,Yes,No,No,Yes,Month-to-month,Yes,Credit card (automatic),86.38,3449.83,No
4389-KFEPT,Female,0,No,Yes,50,Yes,Yes,DSL,No,Yes,No,Yes,No,Yes,One year,Yes,Mailed check,66.14,3292.56,No
4289-JDXFT,Female,0,Yes,No,18,Yes,Yes,Fiber optic,Yes,No,No,Yes,Yes,No,One year,No,Credit card (automatic),84.1,1508.62,Yes
7691-RQCBN,Male,0,No,No,72,Yes,No,No,No internet service,No internet service,No internet service,No internet service,No internet service,No internet service,One year,No,Electronic check,18.86,1339.52,No
5601-PMSGK,Male,0,No,No,2,Yes,No,No,No internet service,No internet service,No internet service,No internet service,No internet service,No internet service,Month-to-month,Yes,Bank transfer (automatic),18.25,27.1,Yes
6815-ADYRS,Female,0,Yes,Yes,37,Yes,No,Fiber optic,Yes,No,Yes,Yes,No,Yes,Month-to-month,Yes,Electronic check,89.19,3305.93,Yes
4945-WUKAU,Female,0,No,No,69,Yes,No,Fiber optic,No,Yes,Yes,No,No,No,Month-to-month,No,Bank transfer (automatic),78.22,5392.14,No
4510-GSQWK,Female,0,Yes,No,44,Yes,No,No,No internet service,No internet service,No internet service,No internet service,No internet service,No internet service,Two year,Yes,Bank transfer (automatic),24.46,1089.26,No
8384-VTYZL,Male,0,No,Yes,70,Yes,No,No,No internet service,No internet service,No internet service,No internet service,No internet service,No internet service,One year,Yes,Electronic check,20.2,1413.33,No
4305-GJAYZ,Female,0,Yes,No,40,Yes,Yes,No,No internet service,No internet service,No internet service,No internet service,No internet service,No internet service,Two year,Yes,Mailed check,18.48,745.24,No
3119-AVUZA,Male,0,Yes,Yes,24,Yes,No,No,No internet service,No internet service,No internet service,No internet service,No internet service,No internet service,Month-to-month,Yes,Bank transfer (automatic),18.25,461.54,No
6539-TBFBM,Female,0,No,Yes,49,Yes,Yes,Fiber optic,No,Yes,No,No,No,No,Two year,Yes,Mailed check,76.87,3753.16,No
1290-FBBTC,Male,0,No,Yes,0,Yes,Yes,Fiber optic,No,No,Yes,No,No,Yes,Month-to-month,No,Credit card (automatic),85.89, ,No
6082-XNTKD,Female,1,Yes,No,53,Yes,No,Fiber optic,No,Yes,No,Yes,No,No,One year,Yes,Electronic check,80.4,4254.24,No
6843-BTRQQ,Male,0,No,Yes,12,Yes,No,Fiber optic,Yes,Yes,No,No,No,No,One year,Yes,Credit card (automatic),81.52,965.33,Yes
7767-DZPNF,Female,0,No,No,39,Yes,Yes,Fiber optic,No,No,Yes,No,Yes,No,Month-to-month,Yes,Mailed check,84.2,3287.85,Yes
2257-QAUYN,Male,0,Yes,Yes,20,Yes,No,DSL,Yes,No,No,Yes,Yes,No,One year,No,Credit card (automatic),63.71,1264.23,No
3343-ESTPG,Male,0,No,Yes,40,Yes,Yes,DSL,Yes,Yes,Yes,No,Yes,Yes,Month-to-month,No,Mailed check,67.74,2711.27,No
4656-TSDDY,Male,0,No,Yes,60,Yes,No,DSL,No,No,Yes,No,No,No,One year,Yes,Credit card (automatic),50.93,3054.65,No
7471-QHMYJ,Male,0,No,No,32,Yes,No,Fiber optic,Yes,Yes,No,No,No,No,One year,No,Credit card (automatic),89.69,2885.83,No
5667-PJYDY,Male,0,Yes,Yes,72,Yes,No,DSL,No,Yes,Yes,Yes,No,No,Two year,Yes,Mailed check,58.37,4198.36,No
4714-DXUEE,Male,0,No,Yes,28,Yes,No,Fiber optic,Yes,No,No,Yes,Yes,Yes,One year,Yes,Bank transfer (automatic),93.01,2596.25,Yes
9942-ZNWRP,Male,0,No,No,54,Yes,No,No,No internet service,No internet service,No internet service,No internet service,No internet service,No internet service,One year,Yes,Bank transfer (automatic),19.69,1070.55,No
1037-CTARX,Female,0,No,No,31,Yes,No,No,No internet service,No internet service,No internet service,No internet service,No internet service,No internet service,One year,No,Electronic check,25.03,788.44,No
7524-YWUYD,Female,0,Yes,Yes,10,Yes,Yes,Fiber optic,Yes,No,No,No,No,No,Month-to-month,Yes,Bank transfer (automatic),78.38,799.3,No
5064-KWQCJ,Female,0,No,No,51,No,No phone service,Fiber optic,No,Yes,No,No,No,Yes,Month-to-month,Yes,Bank transfer (automatic),76.83,3924.32,Yes
4971-WSTYW,Female,0,Yes,Yes,35,Yes,No,No,No internet service,No internet service,No internet service,No internet service,No internet service,No internet service,Month-to-month,Yes,Mailed check,18.56,658.98,No
7781-ZBTSG,Female,0,No,No,30,Yes,No,No,No internet service,No internet service,No internet service,No internet service,No internet service,No internet service,Month-to-month,Yes,Electronic check,18.25,551.41,No
7606-RYKVH,Male,0,No,No,13,No,No phone service,Fiber optic,No,Yes,Yes,No,Yes,Yes,Month-to-month,Yes,Mailed check,100.46,1307.48,Yes
2706-TGFTX,Male,0,Yes,Yes,62,Yes,No,Fiber optic,Yes,Yes,No,No,No,Yes,Month-to-month,Yes,Bank transfer (automatic),84.33,5242.74,No
7025-HGVXM,Male,0,Yes,Yes,51,Yes,No,Fiber optic,Yes,No,Yes,Yes,No,Yes,Two year,No,Credit card (automatic),104.84,5364.75,No
5005-RVAHV,Male,0,No,No,53,Yes,Yes,DSL,Yes,Yes,Yes,No,Yes,No,One year,Yes,Mailed check,70.65,3741.13,No
9849-QRJDN,Male,0,No,No,49,Yes,No,No,No internet service,No internet service,No internet service,No internet service,No internet service,No internet service,One year,No,Electronic check,18.25,891.16,No
4214-WSFCP,Female,0,Yes,Yes,53,Yes,No,DSL,No,Yes,Yes,No,Yes,No,Month-to-month,No,Electronic check,60.56,3217.62,No
9932-QMQFW,Female,1,No,Yes,72,Yes,No,Fiber optic,No,No,No,No,No,Yes,Two year,Yes,Mailed check,77.15,5559.49,No
3163-FSQHH,Female,1,No,No,34,Yes,Yes,DSL,No,No,Yes,Yes,No,Yes,Month-to-month,No,Electronic check,56.16,1926.94,No
4103-NQUTU,Female,0,No,No,29,Yes,Yes,DSL,Yes,Yes,No,No,No,No,Month-to-month,No,Electronic check,47.74,1388.86,Yes
2457-TSUVP,Male,0,No,Yes,54,Yes,No,Fiber optic,No,No,Yes,Yes,No,Yes,Two year,Yes,Mailed check,94.67,5117.93,No
7007-LKDSW,Male,0,Yes,Yes,0,Yes,Yes,Fiber optic,Yes,Yes,No,Yes,No,No,Two year,No,Mailed check,89.6, ,No
2345-QCCMZ,Male,0,No,Yes,14,No,No phone service,DSL,No,No,No,Yes,Yes,Yes,Month-to-month,Yes,Bank transfer (automatic),65.81,917.22,No
1192-KAYDG,Female,0,Yes,Yes,24,Yes,Yes,DSL,No,Yes,No,No,No,No,Month-to-month,No,Credit card (automatic),50.02,1209.34,Yes
7821-HNPTB,Male,0,Yes,No,19,Yes,Yes,No,No internet service,No internet service,No internet service,No internet service,No internet service,No internet service,Month-to-month,Yes,Electronic check,22.29,418.41,No
2655-KVTBM,Female,0,Yes,Yes,70,Yes,Yes,Fiber optic,No,No,Yes,No,No,No,One year,No,Electronic check,78.76,5519.49,No
9046-TRLJW,Male,0,No,No,15,Yes,No,Fiber optic,No,No,Yes,Yes,Yes,No,Month-to-month,Yes,Mailed check,86.35,1286.58,Yes
8487-EJSSA,Male,0,No,No,51,Yes,No,DSL,Yes,No,No,No,Yes,Yes,Month-to-month,No,Credit card (automatic),66.99,3414.98,Yes
2580-UEUGX,Female,0,Yes,No,64,Yes,No,DSL,No,Yes,No,Yes,Yes,No,Month-to-month,No,Electronic check,55.52,3571.17,Yes
2619-DZCNB,Male,0,No,No,69,Yes,No,Fiber optic,Yes,No,No,Yes,No,No,One year,Yes,Credit card (automatic),76.05,5241.84,No
3700-VJNQW,Male,0,No,No,0,No,No phone service,Fiber optic,Yes,No,Yes,Yes,Yes,No,Month-to-month,No,Mailed check,91.56, ,Yes
5821-GDSZT,Female,0,No,No,15,Yes,Yes,No,No internet service,No internet service,No internet service,No internet service,No internet service,No internet service,Month-to-month,Yes,Credit card (automatic),22.58,351.64,No
1240-TDJDQ,Male,0,No,No,26,Yes,Yes,DSL,Yes,No,No,No,Yes,Yes,One year,No,Electronic check,58.28,1505.33,Yes
5370-DZSAB,Female,0,Yes,No,17,Yes,No,No,No internet service,No internet service,No internet service,No internet service,No internet service,No internet service,Month-to-month,Yes,Electronic check,24.95,435.36,No
9957-EGLBG,Male,0,Yes,No,43,Yes,No,Fiber optic,No,Yes,No,Yes,No,No,Month-to-month,Yes,Electronic check,77.38,3338.38,No
4946-ENNWV,Male,0,No,Yes,49,Yes,No,Fiber optic,No,Yes,No,No,Yes,Yes,Month-to-month,No,Bank transfer (automatic),84.89,4173.45,Yes
8400-FFUJT,Male,0,No,No,13,Yes,No,Fiber optic,Yes,Yes,Yes,No,No,Yes,Month-to-month,Yes,Bank transfer (automatic),89.14,1165.92,No
6187-WKYED,Male,0,Yes,No,51,Yes,Yes,No,No internet service,No internet service,No internet service,No internet service,No internet service,No internet service,Two year,Yes,Electronic check,20.52,1033.66,No
6964-YXBPJ,Male,1,No,Yes,49,Yes,Yes,DSL,Yes,No,No,No,Yes,No,One year,Yes,Electronic check,61.47,3034.1,No
8600-NNLGW,Male,0,No,No,16,Yes,No,No,No internet service,No internet service,No internet service,No internet service,No internet service,No internet service,Month-to-month,Yes,Credit card (automatic),18.25,304.73,No
9075-VSTKP,Male,0,No,No,2,Yes,Yes,DSL,Yes,Yes,No,No,No,No,Month-to-month,No,Bank transfer (automatic),58.0,131.46,Yes
7199-CXMRH,Male,0,Yes,No,61,Yes,Yes,No,No internet service,No internet service,No internet service,No internet service,No internet service,No internet service,One year,Yes,Credit card (automatic),21.59,1291.52,No
5966-LQUEU,Female,0,No,No,20,Yes,Yes,Fiber optic,No,No,No,No,Yes,Yes,One year,No,Electronic check,88.8,1769.48,Yes
1371-RMFGK,Female,0,No,Yes,32,No,No phone service,No,No internet service,No internet service,No internet service,No internet service,No internet service,No internet service,Month-to-month,Yes,Bank transfer (automatic),18.52,605.95,Yes
6272-QAXBB,Male,0,Yes,Yes,0,No,No phone service,Fiber optic,No,No,Yes,No,No,No,Month-to-month,No,Credit card (automatic),82.5, ,Yes
5019-BUXST,Male,0,Yes,No,69,No,No phone service,DSL,Yes,Yes,Yes,No,No,Yes,Month-to-month,Yes,Electronic check,76.3,5267.55,No
6699-MXUAU,Female,0,Yes,No,55,Yes,No,DSL,No,No,No,No,No,Yes,One year,Yes,Bank transfer (automatic),46.17,2537.69,No
4230-GSYFW,Male,0,No,No,3,Yes,Yes,DSL,Yes,Yes,No,No,Yes,No,Month-to-month,Yes,Bank transfer (automatic),64.97,221.57,No
3293-FUDDJ,Male,0,Yes,Yes,21,No,No phone service,Fiber optic,No,Yes,No,No,No,No,Two year,Yes,Electronic check,72.33,1514.38,No
2913-QFLCJ,Female,0,Yes,No,57,No,No phone service,Fiber optic,No,Yes,Yes,No,No,Yes,Month-to-month,No,Bank transfer (automatic),80.88,4627.6,Yes
9071-PMDKE,Male,0,Yes,Yes,43,Yes,Yes,DSL,Yes,No,No,No,Yes,No,Month-to-month,Yes,Bank transfer (automatic),58.15,2509.64,No
8929-ZLJXN,Male,0,Yes,No,56,Yes,No,DSL,Yes,No,Yes,No,No,No,Two year,Yes,Electronic check,60.46,3391.04,No
4577-LYHMG,Female,0,Yes,No,39,Yes,Yes,Fiber optic,No,No,No,No,Yes,Yes,Month-to-month,No,Electronic check,82.79,3221.33,Yes
4353-YXFHJ,Male,0,No,Yes,55,No,No phone service,DSL,No,Yes,No,No,No,Yes,Month-to-month,Yes,Bank transfer (automatic),59.32,3247.3,Yes
1890-TYJAS,Male,0,No,No,62,Yes,Yes,Fiber optic,No,No,No,No,No,Yes,Two year,No,Electronic check,80.28,4967.77,No
2164-MGBLE,Female,0,No,No,38,Yes,No,DSL,No,Yes,Yes,No,Yes,Yes,Month-to-month,No,Bank transfer (automatic),72.15,2734.73,No
2897-KZTGB,Male,0,Yes,No,6,Yes,No,No,No internet service,No internet service,No internet service,No internet service,No internet service,No internet service,Month-to-month,Yes,Electronic check,20.41,125.0,Yes
2099-MNHPH,Female,0,Yes,No,13,Yes,No,DSL,No,Yes,Yes,Yes,No,Yes,One year,Yes,Credit card (automatic),67.58,878.95,Yes
9135-YPBUP,Male,0,Yes,Yes,17,Yes,No,No,No internet service,No internet service,No internet service,No internet service,No internet service,No internet service,One year,No,Bank transfer (automatic),18.25,304.02,No
9902-PWYWA,Male,0,Yes,Yes,54,Yes,Yes,DSL,No,No,No,No,Yes,Yes,One year,Yes,Bank transfer (automatic),51.58,2790.12,Yes
5203-QDWSJ,Female,0,Yes,No,55,Yes,No,DSL,Yes,No,No,No,No,Yes,Month-to-month,Yes,Mailed check,58.81,3235.74,No
3602-TRWAS,Female,0,Yes,No,56,Yes,No,No,No internet service,No internet service,No internet service,No internet service,No internet service,No internet service,Month-to-month,Yes,Electronic check,25.83,1435.59,No
3159-SJEGC,Male,0,No,No,57,Yes,No,DSL,No,Yes,No,No,Yes,Yes,Two year,No,Credit card (automatic),60.25,3448.25,No
4879-DLYLN,Female,0,Yes,No,24,Yes,Yes,No,No internet service,No internet service,No internet service,No internet service,No internet service,No internet service,Two year,Yes,Mailed check,23.75,558.34,No
5994-RQCUX,Female,0,No,Yes,69,Yes,Yes,Fiber optic,No,No,No,No,No,Yes,One year,No,Mailed check,75.87,5220.23,No
2261-PKELD,Male,0,Yes,Yes,2,Yes,No,Fiber optic,Yes,Yes,No,Yes,Yes,Yes,Two year,Yes,Bank transfer (automatic),86.93,185.58,No
9467-DTDLR,Male,0,Yes,No,20,Yes,No,No,No internet service,No internet service,No internet service,No internet service,No internet service,No internet service,Month-to-month,Yes,Mailed check,21.7,462.97,No
8404-SMFGU,Male,0,No,No,31,Yes,No,DSL,No,No,No,No,No,No,Month-to-month,Yes,Electronic check,40.96,1283.49,No
7485-RZCWM,Female,0,Yes,No,1,No,No phone service,No,No internet service,No internet service,No internet service,No internet service,No internet service,No internet service,Two year,No,Electronic check,22.8,33.39,No
7036-NHXEV,Female,0,Yes,No,19,Yes,Yes,Fiber optic,No,Yes,No,No,No,No,Two year,No,Electronic check,71.2,1358.67,Yes
3044-SLTVY,Female,1,No,No,17,Yes,No,Fiber optic,Yes,No,Yes,Yes,No,No,Two year,No,Electronic check,92.54,1576.9,No
9200-CZAGA,Female,0,No,No,53,Yes,No,Fiber optic,Yes,Yes,No,Yes,Yes,No,Month-to-month,Yes,Credit card (automatic),97.8,5192.76,No
2739-BSXGQ,Male,0,Yes,No,35,Yes,No,Fiber optic,No,Yes,No,No,No,Yes,Two year,Yes,Electronic check,78.78,2766.16,Yes
7583-HSBPW,Female,0,Yes,Yes,60,No,No phone service,DSL,No,Yes,No,No,No,No,Month-to-month,Yes,Credit card (automatic),43.56,2611.17,No
5614-TDVCT,Male,0,No,No,59,Yes,No,DSL,No,No,Yes,No,No,No,Month-to-month,No,Credit card (automatic),50.71,2984.26,Yes
1623-WZHBW,Female,0,No,No,35,Yes,Yes,Fiber optic,Yes,Yes,No,Yes,No,No,Two year,No,Credit card (automatic),94.45,3309.12,No
4389-LLJJM,Male,1,Yes,No,43,Yes,No,Fiber optic,No,Yes,No,No,Yes,Yes,Month-to-month,No,Credit card (automatic),87.69,3767.09,Yes
9566-XLLET,Male,0,Yes,Yes,67,Yes,No,Fiber optic,No,Yes,No,No,Yes,Yes,Month-to-month,No,Electronic check,85.59,5736.33,Yes
1138-ZTKKJ,Male,0,No,Yes,65,Yes,No,Fiber optic,No,Yes,Yes,Yes,No,Yes,One year,Yes,Credit card (automatic),97.33,6318.1,No
6455-SMFSA,Female,0,Yes,Yes,43,No,No phone service,Fiber optic,No,No,No,Yes,Yes,Yes,One year,Yes,Mailed check,96.39,4148.66,No
6400-EEGQQ,Male,0,Yes,Yes,28,Yes,No,Fiber optic,Yes,No,Yes,No,No,Yes,One year,Yes,Credit card (automatic),82.42,2294.76,Yes
8272-LKUQX,Male,0,No,No,47,Yes,No,Fiber optic,No,No,No,No,Yes,No,Two year,Yes,Mailed check,79.13,3717.27,No
1713-VUEKT,Female,0,Yes,Yes,35,Yes,Yes,Fiber optic,No,No,No,Yes,No,No,Month-to-month,No,Electronic check,74.39,2616.86,Yes
6842-HSVLS,Male,0,No,No,7,Yes,No,No,No internet service,No internet service,No internet service,No internet service,No internet service,No internet service,One year,Yes,Credit card (automatic),22.07,167.87,No
8133-NQJTW,Female,0,No,Yes,4,Yes,No,No,No internet service,No internet service,No internet service,No internet service,No internet service,No internet service,Month-to-month,Yes,Mailed check,20.51,78.95,No
6113-BDCSN,Female,0,No,Yes,46,Yes,Yes,DSL,Yes,No,No,No,No,No,Month-to-month,Yes,Credit card (automatic),53.14,2436.74,No
2804-LMSWH,Male,0,Yes,No,42,Yes,No,Fiber optic,Yes,No,No,No,No,Yes,Month-to-month,Yes,Credit card (automatic),79.94,3362.45,No
7215-TRWTY,Male,0,Yes,No,9,Yes,Yes,Fiber optic,No,No,No,No,No,Yes,Two year,No,Bank transfer (automatic),86.51,772.69,No
2744-UQXUQ,Female,0,Yes,Yes,9,No,No phone service,No,No internet service,No internet service,No internet service,No internet service,No internet service,No internet service,Two year,Yes,Bank transfer (automatic),19.12,191.73,No
8243-MLTAS,Male,0,Yes,No,5,Yes,Yes,Fiber optic,No,Yes,Yes,No,Yes,No,Month-to-month,No,Bank transfer (automatic),86.61,433.71,No
8855-YZRFE,Female,0,No,Yes,15,Yes,No,Fiber optic,No,Yes,Yes,No,No,No,One year,Yes,Credit card (automatic),82.94,1233.28,No
8988-GUTST,Female,0,Yes,No,59,Yes,No,Fiber optic,No,No,Yes,Yes,Yes,Yes,Month-to-month,Yes,Bank transfer (automatic),88.5,5226.39,No
7770-LQTQD,Female,0,Yes,No,25,Yes,No,DSL,No,No,No,No,No,Yes,Month-to-month,No,Credit card (automatic),51.98,1307.58,Yes
8244-GQLDB,Male,0,Yes,No,20,Yes,Yes,Fiber optic,Yes,Yes,Yes,Yes,Yes,No,One year,Yes,Mailed check,94.53,1878.46,No
9457-YQYUM,Female,0,Yes,No,57,Yes,Yes,Fiber optic,Yes,No,Yes,Yes,Yes,Yes,One year,Yes,Electronic check,92.98,5299.82,No
4674-BQJVW,Male,1,No,No,40,Yes,No,Fiber optic,No,Yes,Yes,No,No,No,Two year,Yes,Bank transfer (automatic),88.18,3521.3,No
8815-SSBNU,Male,0,No,No,29,Yes,Yes,Fiber optic,No,No,No,Yes,Yes,No,One year,Yes,Electronic check,80.34,2319.23,No
6762-FTFAD,Male,0,No,No,4,No,No phone service,No,No internet service,No internet service,No internet service,No internet service,No internet service,No internet service,Two year,Yes,Mailed check,18.25,76.49,No
1533-VSCYA,Male,0,No,No,9,Yes,No,DSL,Yes,Yes,No,Yes,Yes,No,Two year,Yes,Mailed check,76.5,711.94,No
4830-JTYVG,Female,0,No,Yes,10,Yes,No,Fiber optic,Yes,No,No,No,Yes,No,Month-to-month,Yes,Credit card (automatic),82.32,823.71,No
4971-HJBWW,Male,0,Yes,No,62,Yes,No,Fiber optic,No,No,No,Yes,No,Yes,Two year,Yes,Mailed check,83.33,5176.09,No
8553-YQHBQ,Female,1,Yes,Yes,6,Yes,Yes,DSL,No,No,No,No,No,No,Month-to-month,Yes,Credit card (automatic),44.71,272.89,No
7427-TPYAY,Female,0,No,No,58,Yes,No,Fiber optic,No,Yes,No,No,No,No,Month-to-month,Yes,Electronic check,77.96,4526.4,No
8967-DYFDX,Male,1,Yes,No,11,No,No phone service,Fiber optic,No,No,Yes,No,No,No,One year,Yes,Electronic check,74.54,819.56,Yes
4173-WBBDD,Female,0,Yes,No,63,Yes,No,DSL,No,No,No,Yes,Yes,Yes,Month-to-month,Yes,Mailed check,60.53,3814.66,No
9355-QSNJP,Female,0,No,No,40,Yes,No,Fiber optic,No,No,No,No,Yes,No,One year,Yes,Bank transfer (automatic),74.51,2985.31,No
7439-QSLHG,Male,0,Yes,Yes,59,Yes,No,No,No internet service,No internet service,No internet service,No internet service,No internet service,No internet service,Month-to-month,No,Bank transfer (automatic),18.25,1049.43,No
6749-JZPUH,Female,0,No,Yes,71,No,No phone service,DSL,No,Yes,No,No,No,Yes,Month-to-month,No,Electronic check,56.3,3994.67,No
5336-PTLVE,Female,0,No,No,27,Yes,No,No,No internet service,No internet service,No internet service,No internet service,No internet service,No internet service,Two year,No,Mailed check,21.34,578.78,No
9015-TESTJ,Female,0,Yes,No,62,Yes,No,DSL,No,No,No,No,Yes,Yes,One year,Yes,Mailed check,55.15,3392.31,No
5088-PYKYX,Female,0,Yes,No,2,Yes,No,DSL,Yes,No,No,No,Yes,No,Month-to-month,Yes,Bank transfer (automatic),55.5,95.24,Yes
4735-KFXNN,Male,0,No,Yes,31,Yes,No,DSL,No,No,No,Yes,Yes,Yes,Month-to-month,No,Mailed check,55.6,1734.15,No
3893-XHJGS,Female,0,Yes,No,20,Yes,No,DSL,No,No,Yes,Yes,Yes,Yes,One year,Yes,Bank transfer (automatic),69.84,1376.46,No
6639-BFJVC,Female,0,Yes,Yes,54,No,No phone service,Fiber optic,Yes,No,No,No,Yes,Yes,One year,Yes,Mailed check,88.93,4801.67,No
7716-HSPPN,Female,0,No,Yes,17,No,No phone service,Fiber optic,No,No,Yes,No,Yes,Yes,Month-to-month,Yes,Credit card (automatic),85.31,1443.91,Yes
1555-GJUYB,Female,0,Yes,No,52,Yes,No,DSL,No,No,No,Yes,Yes,Yes,Month-to-month,Yes,Credit card (automatic),60.23,3112.06,No
5329-KQUMG,Male,0,Yes,No,60,Yes,No,Fiber optic,No,Yes,No,No,No,Yes,One year,Yes,Bank transfer (automatic),85.62,5150.86,No
1995-XYAVD,Female,0,Yes,Yes,49,Yes,No,Fiber optic,Yes,No,No,No,Yes,Yes,Month-to-month,Yes,Credit card (automatic),93.88,4590.12,No
2461-MRTKF,Male,0,No,No,7,Yes,Yes,DSL,Yes,Yes,No,No,No,No,Two year,No,Bank transfer (automatic),55.12,404.87,No
1156-WDZMH,Female,0,Yes,Yes,11,Yes,No,DSL,Yes,Yes,Yes,No,No,No,One year,No,Bank transfer (automatic),59.71,653.69,No
1518-TCRZP,Male,0,Yes,Yes,50,Yes,No,DSL,Yes,No,No,Yes,Yes,Yes,Month-to-month,Yes,Mailed check,65.69,3278.89,No
9683-PUQJH,Male,1,Yes,No,65,Yes,Yes,DSL,Yes,Yes,No,No,Yes,No,Month-to-month,Yes,Mailed check,55.9,3637.16,No
4240-UZARN,Male,0,Yes,No,40,Yes,Yes,Fiber optic,Yes,Yes,No,No,Yes,No,Month-to-month,Yes,Mailed check,86.85,3447.88,Yes
6512-GGXYM,Male,0,No,Yes,21,Yes,No,DSL,No,Yes,No,Yes,Yes,Yes,Month-to-month,No,Electronic check,56.87,1189.21,No
6252-QZXFK,Male,0,No,Yes,8,Yes,No,Fiber optic,Yes,No,No,No,No,Yes,Month-to-month,No,Credit card (automatic),80.92,641.93,Yes
6141-FGTBE,Female,1,Yes,Yes,10,Yes,Yes,DSL,No,No,No,No,No,Yes,Month-to-month,Yes,Electronic check,50.12,493.47,Yes
8884-XHVME,Female,0,Yes,No,12,Yes,No,Fiber optic,No,No,No,No,No,No,Month-to-month,No,Mailed check,66.18,779.83,No
6619-LRTKY,Female,0,Yes,No,55,Yes,Yes,Fiber optic,No,Yes,Yes,No,Yes,No,Month-to-month,Yes,Bank transfer (automatic),92.87,5105.38,Yes
6464-ZXBPX,Male,1,No,Yes,27,No,No phone service,Fiber optic,No,No,No,No,No,Yes,Two year,No,Credit card (automatic),76.77,2070.14,No
9608-UFLYJ,Female,1,Yes,No,63,Yes,Yes,Fiber optic,Yes,No,Yes,No,No,No,One year,Yes,Mailed check,85.99,5410.52,Yes
8462-EYVXE,Male,1,Yes,Yes,63,Yes,No,Fiber optic,No,No,Yes,Yes,No,Yes,Month-to-month,Yes,Bank transfer (automatic),90.88,5721.44,No
9062-WKHBM,Male,0,No,No,69,Yes,Yes,DSL,Yes,Yes,No,Yes,Yes,No,Month-to-month,Yes,Mailed check,70.63,4868.64,No
7664-TAWAD,Female,0,Yes,Yes,54,Yes,Yes,Fiber optic,No,Yes,Yes,Yes,No,No,Month-to-month,Yes,Credit card (automatic),91.43,4932.45,No
4952-MTMVJ,Female,0,No,No,36,Yes,Yes,Fiber optic,Yes,No,No,No,No,Yes,Month-to-month,No,Bank transfer (automatic),82.48,2978.16,Yes
3830-HMPEN,Male,0,Yes,Yes,32,Yes,Yes,DSL,No,No,Yes,No,No,Yes,Month-to-month,No,Electronic check,59.72,1910.01,Yes
4539-TWQJH,Male,0,Yes,No,24,Yes,Yes,Fiber optic,No,No,Yes,No,Yes,No,Two year,Yes,Bank transfer (automatic),79.63,1903.03,Yes
5477-DYNKA,Female,0,No,Yes,22,Yes,Yes,Fiber optic,Yes,Yes,No,No,Yes,No,Month-to-month,No,Bank transfer (automatic),85.36,1884.17,No
2504-YFWXR,Female,0,Yes,No,59,Yes,No,No,No internet service,No internet service,No internet service,No internet service,No internet service,No internet service,Month-to-month,Yes,Credit card (automatic),19.13,1117.7,No
7304-HLSGC,Female,0,Yes,No,55,Yes,No,Fiber optic,No,No,Yes,Yes,No,No,Two year,Yes,Electronic check,77.53,4267.43,No
6424-YHGAQ,Female,0,Yes,No,62,Yes,Yes,DSL,No,No,Yes,Yes,Yes,No,One year,Yes,Bank transfer (automatic),59.16,3659.36,No
6192-RUSRW,Male,1,No,Yes,7,Yes,No,No,No internet service,No internet service,No internet service,No internet service,No internet service,No internet service,One year,Yes,Mailed check,18.25,133.78,No
1679-WJNLG,Female,0,Yes,No,16,Yes,Yes,DSL,No,No,No,Yes,Yes,No,Month-to-month,No,Bank transfer (automatic),55.86,871.17,Yes
9002-NDVTC,Female,0,No,No,56,No,No phone service,No,No internet service,No internet service,No internet service,No internet service,No internet service,No internet service,Month-to-month,Yes,Bank transfer (automatic),21.56,1216.91,No
9486-SZKBW,Female,0,No,No,61,Yes,Yes,DSL,Yes,Yes,Yes,No,No,Yes,Two year,No,Electronic check,63.0,3839.42,No
1985-VEZVB,Male,0,No,Yes,10,Yes,No,DSL,Yes,Yes,Yes,No,Yes,No,Two year,Yes,Mailed check,63.49,621.68,No
2166-HTXNA,Male,1,No,No,66,Yes,Yes,DSL,No,No,No,Yes,Yes,Yes,Month-to-month,No,Mailed check,62.41,4106.38,No
6648-HXSMS,Male,0,Yes,No,39,Yes,No,Fiber optic,Yes,No,Yes,No,No,No,One year,Yes,Mailed check,76.72,2968.64,No
7997-FDLNP,Male,0,Yes,Yes,39,Yes,Yes,DSL,No,Yes,No,Yes,No,No,Two year,No,Mailed check,53.03,2059.03,No
4410-BEVHZ,Female,0,Yes,No,55,No,No phone service,Fiber optic,No,Yes,Yes,No,No,No,Month-to-month,No,Credit card (automatic),88.72,4881.29,No
4431-CGYVJ,Male,0,Yes,No,52,Yes,No,DSL,Yes,No,Yes,Yes,Yes,No,Month-to-month,No,Electronic check,74.02,3835.33,No
2367-KZBKD,Female,0,Yes,Yes,27,Yes,No,DSL,No,No,No,No,No,No,Two year,No,Mailed check,48.23,1295.96,No
6715-PPFLM,Female,0,Yes,No,41,Yes,No,DSL,No,No,No,No,No,Yes,Two year,Yes,Bank transfer (automatic),53.06,2166.63,No
4551-KEDME,Female,0,No,No,45,Yes,No,DSL,No,Yes,Yes,No,Yes,No,Month-to-month,Yes,Credit card (automatic),54.76,2457.26,No
6914-VGCSU,Female,1,No,Yes,17,Yes,Yes,Fiber optic,No,Yes,Yes,Yes,No,Yes,Month-to-month,No,Bank transfer (automatic),100.79,1719.74,No
9324-BPLBF,Male,0,Yes,No,22,No,No phone service,Fiber optic,Yes,No,No,No,No,Yes,Month-to-month,Yes,Electronic check,81.34,1795.11,Yes
2750-ZAXSS,Male,0,Yes,No,25,Yes,No,Fiber optic,No,No,No,No,Yes,Yes,Month-to-month,Yes,Bank transfer (automatic),90.89,2276.99,Yes
5953-QCVRD,Male,0,Yes,Yes,28,Yes,Yes,Fiber optic,No,No,Yes,Yes,No,No,Two year,Yes,Electronic check,85.47,2399.05,Yes
7304-WDKDJ,Female,0,Yes,Yes,51,Yes,No,DSL,No,Yes,Yes,No,No,No,Month-to-month,No,Bank transfer (automatic),61.62,3147.16,Yes
4701-QSWNV,Female,0,Yes,No,45,Yes,No,DSL,Yes,Yes,No,No,Yes,Yes,Month-to-month,Yes,Bank transfer (automatic),66.42,2987.05,Yes
5617-GXMCE,Female,0,No,No,0,Yes,Yes,No,No internet service,No internet service,No internet service,No internet service,No internet service,No internet service,One year,Yes,Electronic check,18.25, ,No
7410-QATXQ,Female,0,Yes,Yes,62,Yes,Yes,DSL,No,Yes,No,Yes,Yes,Yes,Month-to-month,No,Credit card (automatic),60.04,3708.9,No
5032-QGWZD,Female,0,Yes,Yes,15,No,No phone service,Fiber optic,No,No,Yes,No,No,Yes,Month-to-month,Yes,Mailed check,80.96,1212.09,Yes
2546-PYDEY,Male,0,Yes,No,24,No,No phone service,Fiber optic,Yes,Yes,Yes,Yes,No,Yes,Two year,Yes,Mailed check,91.6,2214.81,No
4616-QBRZE,Female,0,No,No,61,Yes,No,Fiber optic,No,No,No,Yes,Yes,Yes,Two year,No,Electronic check,93.64,5719.75,No
1680-KEAMA,Male,1,No,No,15,Yes,No,No,No internet service,No internet service,No internet service,No internet service,No internet service,No internet service,Two year,No,Credit card (automatic),18.25,283.9,No
7249-RQVWK,Female,0,No,No,68,Yes,No,No,No internet service,No internet service,No internet service,No internet service,No internet service,No internet service,Two year,No,Electronic check,20.28,1378.1,No
9668-VPLRG,Female,0,Yes,No,69,Yes,Yes,No,No internet service,No internet service,No internet service,No internet service,No internet service,No internet service,Month-to-month,No,Credit card (automatic),18.25,1255.48,No
7879-DNWUB,Male,0,Yes,No,33,Yes,Yes,Fiber optic,No,No,Yes,No,Yes,Yes,Two year,Yes,Mailed check,84.98,2799.69,No
6225-GJTUZ,Male,1,Yes,No,52,Yes,No,No,No internet service,No internet service,No internet service,No internet service,No internet service,No internet service,Two year,Yes,Mailed check,27.05,1397.69,No
5954-AXSVV,Female,0,Yes,Yes,22,No,No phone service,Fiber optic,Yes,No,Yes,No,Yes,Yes,Month-to-month,Yes,Mailed check,86.43,1893.11,Yes
7013-VRLCQ,Female,0,No,No,42,Yes,Yes,DSL,Yes,No,Yes,No,No,No,One year,No,Credit card (automatic),56.35,2381.6,No
5802-NBPBB,Female,0,Yes,No,43,Yes,Yes,DSL,No,Yes,Yes,No,Yes,Yes,Month-to-month,Yes,Credit card (automatic),68.66,2945.04,Yes
5887-QUSFT,Female,0,Yes,Yes,31,Yes,Yes,DSL,No,Yes,Yes,No,No,No,Month-to-month,No,Bank transfer (automatic),55.97,1723.73,No
5569-ZHJNY,Male,0,No,Yes,22,Yes,Yes,Fiber optic,Yes,Yes,No,No,No,Yes,Two year,Yes,Mailed check,82.74,1826.7,No
8461-ZHGKH,Female,0,Yes,No,19,Yes,Yes,DSL,Yes,No,No,No,No,Yes,Two year,Yes,Bank transfer (automatic),60.43,1145.05,No
6583-FCLDQ,Male,1,No,No,18,Yes,Yes,Fiber optic,Yes,No,No,Yes,Yes,Yes,Month-to-month,Yes,Electronic check,97.28,1766.83,No
4108-ZRFHW,Female,0,Yes,No,71,Yes,Yes,No,No internet service,No internet service,No internet service,No internet service,No internet service,No internet service,One year,Yes,Mailed check,18.25,1305.87,No
4602-KMMBD,Male,0,Yes,No,28,Yes,No,No,No internet service,No internet service,No internet service,No internet service,No internet service,No internet service,Two year,Yes,Electronic check,18.25,513.66,No
9361-HRNDN,Male,0,Yes,Yes,17,No,No phone service,Fiber optic,No,No,No,No,No,No,Month-to-month,Yes,Electronic check,67.3,1140.59,Yes
9947-BLPEX,Female,0,No,No,68,Yes,No,DSL,No,No,No,Yes,No,Yes,One year,Yes,Bank transfer (automatic),53.79,3643.39,No
1637-UBXAV,Male,0,Yes,Yes,11,No,No phone service,DSL,Yes,Yes,Yes,No,Yes,Yes,Month-to-month,No,Credit card (automatic),71.49,788.95,Yes
8713-HNDXF,Female,0,Yes,Yes,9,Yes,No,DSL,Yes,No,No,No,Yes,Yes,Month-to-month,Yes,Credit card (automatic),66.7,596.73,Yes
7434-UUXKJ,Male,0,Yes,Yes,36,Yes,No,DSL,Yes,Yes,Yes,Yes,Yes,No,One year,Yes,Credit card (automatic),72.33,2584.47,Yes
8482-JRXPE,Female,0,No,No,54,Yes,Yes,Fiber optic,Yes,No,No,No,No,No,Month-to-month,Yes,Electronic check,75.52,4083.17,No
7819-NZLGU,Male,0,No,Yes,3,Yes,No,DSL,No,No,Yes,No,Yes,Yes,One year,Yes,Electronic check,68.03,199.92,Yes
9472-CLSCJ,Female,0,Yes,No,62,Yes,Yes,DSL,No,No,No,No,No,No,Month-to-month,Yes,Mailed check,47.46,2936.26,No
4448-KBJLW,Female,0,Yes,Yes,11,No,No phone service,DSL,No,Yes,No,No,No,No,Month-to-month,No,Mailed check,51.31,560.31,Yes
8595-YVKDN,Male,0,No,No,17,Yes,No,Fiber optic,Yes,Yes,Yes,No,Yes,No,Month-to-month,No,Electronic check,94.71,1610.17,Yes
3889-KCRXQ,Male,1,No,No,7,Yes,Yes,Fiber optic,Yes,No,Yes,No,Yes,No,Month-to-month,No,Electronic check,98.34,692.39,Yes
9105-SRNJR,Male,0,No,No,31,No,No phone service,No,No internet service,No internet service,No internet service,No internet service,No internet service,No internet service,Month-to-month,Yes,Credit card (automatic),18.25,554.31,Yes
4286-ATMFX,Male,0,Yes,No,48,Yes,No,DSL,No,No,Yes,No,No,No,Month-to-month,No,Electronic check,56.1,2680.19,No
2171-DMYMB,Female,0,Yes,No,62,Yes,Yes,Fiber optic,No,Yes,No,No,Yes,No,Month-to-month,No,Credit card (automatic),81.15,5052.81,No
7213-JSNGA,Male,0,No,No,58,Yes,Yes,Fiber optic,Yes,No,No,No,No,No,Month-to-month,No,Mailed check,78.1,4529.91,No
3450-MLJLH,Female,0,No,No,66,Yes,Yes,No,No internet service,No internet service,No internet service,No internet service,No internet service,No internet service,Month-to-month,Yes,Credit card (automatic),18.62,1226.76,No
2075-CPLDD,Male,0,No,No,38,Yes,No,Fiber optic,No,Yes,Yes,Yes,No,Yes,Month-to-month,Yes,Electronic check,92.14,3499.21,Yes
3057-VPXSF,Female,1,Yes,Yes,49,Yes,Yes,Fiber optic,Yes,Yes,Yes,No,No,No,Month-to-month,No,Electronic check,81.73,4012.76,Yes
8523-SRKEK,Female,0,No,No,70,No,No phone service,Fiber optic,Yes,No,No,No,No,Yes,Month-to-month,Yes,Mailed check,79.44,5565.57,No
3476-FYUSM,Female,0,No,No,25,Yes,Yes,DSL,No,Yes,Yes,No,No,No,Month-to-month,No,Electronic check,58.01,1472.16,No
2649-FZVAJ,Female,0,No,No,22,Yes,Yes,Fiber optic,Yes,No,No,No,Yes,Yes,Month-to-month,No,Electronic check,87.0,1925.61,No
7998-DBBJB,Male,0,Yes,No,62,Yes,No,No,No internet service,No internet service,No internet service,No internet service,No internet service,No internet service,One year,Yes,Mailed check,18.71,1159.19,No
3132-FMUGF,Male,0,No,No,65,Yes,Yes,Fiber optic,No,No,No,Yes,Yes,No,Month-to-month,Yes,Bank transfer (automatic),78.16,5088.19,No
4587-RZZFQ,Female,0,No,No,38,Yes,No,No,No internet service,No internet service,No internet service,No internet service,No internet service,No internet service,One year,Yes,Bank transfer (automatic),18.25,704.04,No
8479-HUTJR,Male,1,No,Yes,65,Yes,No,DSL,No,Yes,Yes,No,No,Yes,Month-to-month,Yes,Bank transfer (automatic),60.96,3940.08,No
7914-TCUUC,Male,0,No,Yes,45,Yes,No,DSL,Yes,Yes,No,No,No,No,Month-to-month,Yes,Credit card (automatic),54.21,2434.47,No
3136-FEXSE,Female,0,No,No,14,Yes,No,Fiber optic,No,No,No,No,Yes,Yes,Month-to-month,Yes,Bank transfer (automatic),88.92,1254.27,Yes
6755-AUMHX,Male,0,No,Yes,15,Yes,No,DSL,No,No,No,No,No,No,Two year,Yes,Electronic check,45.28,677.85,No
9777-NWLFW,Male,0,Yes,Yes,71,Yes,No,DSL,No,No,Yes,No,No,Yes,Month-to-month,No,Mailed check,60.94,4322.78,Yes
6869-ATCQL,Male,0,No,No,15,Yes,No,Fiber optic,No,No,Yes,No,No,No,One year,Yes,Credit card (automatic),77.57,1169.98,Yes
2460-EQJHE,Female,0,No,No,38,Yes,No,Fiber optic,No,No,Yes,Yes,Yes,Yes,Month-to-month,Yes,Bank transfer (automatic),88.21,3362.8,No
4181-VFDPB,Male,0,Yes,No,10,Yes,Yes,Fiber optic,Yes,No,No,No,Yes,Yes,One year,Yes,Bank transfer (automatic),100.76,1009.12,Yes
9569-BKWNS,Female,0,Yes,No,35,Yes,No,No,No internet service,No internet service,No internet service,No internet service,No internet service,No internet service,Month-to-month,Yes,Electronic check,21.37,743.86,No
7539-SKDQP,Male,1,Yes,No,17,Yes,Yes,Fiber optic,No,Yes,No,Yes,No,No,Month-to-month,Yes,Mailed check,88.36,1503.09,Yes
7816-RFQCJ,Male,0,No,Yes,22,Yes,Yes,Fiber optic,No,Yes,Yes,No,Yes,Yes,One year,Yes,Credit card (automatic),90.38,1982.51,No
5138-WEFVZ,Male,0,Yes,Yes,48,Yes,No,No,No internet service,No internet service,No internet service,No internet service,No internet service,No internet service,Two year,Yes,Electronic check,25.52,1237.75,No
8653-NXZJQ,Female,0,No,Yes,41,Yes,Yes,Fiber optic,Yes,No,No,No,No,Yes,Month-to-month,No,Credit card (automatic),86.02,3530.68,No
5861-DHERZ,Female,0,No,Yes,43,Yes,No,Fiber optic,No,No,Yes,No,No,No,Month-to-month,No,Bank transfer (automatic),75.52,3235.08,Yes
5657-XBFCG,Male,0,No,No,0,Yes,Yes,DSL,No,No,Yes,No,Yes,No,Two year,No,Mailed check,58.28, ,Yes
7038-MBJRJ,Female,0,Yes,No,6,Yes,No,Fiber optic,No,No,Yes,No,No,Yes,Month-to-month,Yes,Credit card (automatic),80.62,479.09,Yes
2849-FQGDW,Male,0,Yes,No,47,Yes,No,No,No internet service,No internet service,No internet service,No internet service,No internet service,No internet service,Two year,No,Electronic check,23.92,1106.44,No
2087-DPGES,Female,0,Yes,No,15,Yes,No,No,No internet service,No internet service,No internet service,No internet service,No internet service,No internet service,Month-to-month,No,Credit card (automatic),25.03,378.96,Yes
5706-NQFUW,Female,0,Yes,No,47,Yes,No,DSL,No,No,No,No,No,No,Month-to-month,No,Credit card (automatic),42.61,2003.04,No
1458-CBAAP,Male,0,No,No,42,Yes,Yes,Fiber optic,Yes,Yes,No,No,Yes,No,Month-to-month,No,Credit card (automatic),94.13,3949.42,No
3053-ETQUD,Male,0,No,Yes,50,Yes,No,No,No internet service,No internet service,No internet service,No internet service,No internet service,No internet service,Month-to-month,Yes,Mailed check,22.88,1137.63,No
6416-SSELX,Male,0,Yes,No,65,Yes,Yes,DSL,No,Yes,No,No,Yes,Yes,Two year,Yes,Mailed check,66.07,4297.75,No
4055-PEQFV,Male,0,No,No,30,Yes,Yes,No,No internet service,No internet service,No internet service,No internet service,No internet service,No internet service,Two year,Yes,Bank transfer (automatic),22.82,697.61,No
6641-NDZXQ,Female,0,Yes,Yes,38,Yes,No,Fiber optic,No,No,No,Yes,No,Yes,Month-to-month,No,Electronic check,85.5,3247.82,No
5123-AAZPR,Female,0,Yes,No,8,Yes,No,DSL,No,No,Yes,Yes,No,No,One year,Yes,Electronic check,52.91,425.29,No
6802-KUFBF,Female,0,No,No,40,Yes,Yes,Fiber optic,No,No,No,Yes,Yes,Yes,Month-to-month,No,Mailed check,81.83,3295.65,No
5409-WKDUL,Male,0,Yes,Yes,62,Yes,No,No,No internet service,No internet service,No internet service,No internet service,No internet service,No internet service,One year,No,Bank transfer (automatic),18.25,1134.58,No
7990-GTKJR,Male,0,No,No,13,Yes,No,DSL,Yes,Yes,No,No,Yes,No,Month-to-month,Yes,Mailed check,67.17,875.86,No
4884-SEUKP,Female,0,No,Yes,57,Yes,Yes,Fiber optic,No,No,Yes,Yes,Yes,Yes,Month-to-month,Yes,Electronic check,96.2,5493.58,Yes
2331-JKDUJ,Male,0,No,No,63,No,No phone service,No,No internet service,No internet service,No internet service,No internet service,No internet service,No internet service,Month-to-month,No,Electronic check,18.25,1150.74,No
8966-JLGWG,Female,0,Yes,No,27,No,No phone service,DSL,No,Yes,No,No,No,Yes,Month-to-month,No,Bank transfer (automatic),61.53,1683.7,No
4307-QEBYJ,Female,0,Yes,Yes,3,Yes,No,Fiber optic,No,Yes,Yes,No,No,Yes,Month-to-month,Yes,Credit card (automatic),92.35,285.06,Yes
7713-YTPEW,Female,0,Yes,Yes,33,Yes,Yes,Fiber optic,No,No,No,No,Yes,Yes,Month-to-month,Yes,Mailed check,77.11,2530.22,Yes
8185-BUBYW,Female,0,No,No,3,Yes,Yes,DSL,Yes,No,No,Yes,Yes,Yes,Month-to-month,Yes,Electronic check,66.04,192.84,Yes
7307-SYJDU,Female,0,Yes,No,69,Yes,No,DSL,No,No,No,No,Yes,Yes,Month-to-month,Yes,Bank transfer (automatic),60.9,4195.61,No
9248-LQXVN,Male,0,Yes,No,57,Yes,No,Fiber optic,No,No,No,No,Yes,No,Month-to-month,Yes,Mailed check,76.61,4379.08,No
3001-DFWXT,Male,0,No,No,3,Yes,No,Fiber optic,No,No,No,Yes,No,Yes,Two year,Yes,Bank transfer (automatic),86.81,250.38,No
2147-VRKDD,Male,0,No,No,49,Yes,No,DSL,Yes,No,No,Yes,Yes,No,Month-to-month,No,Credit card (automatic),56.86,2782.67,Yes
9122-WJFHQ,Female,0,No,Yes,4,Yes,No,DSL,No,No,No,Yes,No,No,One year,Yes,Mailed check,49.13,184.44,Yes
9179-MWHSD,Female,0,No,No,44,Yes,No,No,No internet service,No internet service,No internet service,No internet service,No internet service,No internet service,Month-to-month,No,Credit card (automatic),22.54,988.58,No
7787-CRUXM,Female,0,Yes,No,34,No,No phone service,No,No internet service,No internet service,No internet service,No internet service,No internet service,No internet service,One year,No,Mailed check,19.25,646.04,No
1298-GKAPF,Female,1,Yes,No,26,Yes,Yes,Fiber optic,No,No,No,Yes,No,Yes,Month-to-month,Yes,Mailed check,81.71,2139.85,Yes
1129-GYRNQ,Male,0,Yes,Yes,1,Yes,Yes,DSL,Yes,No,Yes,No,Yes,No,Two year,Yes,Bank transfer (automatic),55.95,54.94,No
5129-CTTQJ,Male,0,Yes,Yes,53,Yes,No,DSL,Yes,No,No,No,No,No,One year,No,Bank transfer (automatic),48.76,2600.66,Yes
7893-LWLYB,Female,0,No,No,71,Yes,No,DSL,No,No,No,No,No,No,Two year,No,Mailed check,47.87,3396.41,No
8629-LFRNW,Female,0,Yes,Yes,47,Yes,No,Fiber optic,Yes,Yes,Yes,No,No,Yes,Two year,Yes,Credit card (automatic),93.09,4382.33,Yes
6460-BALRM,Female,0,No,No,48,Yes,No,Fiber optic,No,No,Yes,Yes,Yes,No,Month-to-month,No,Bank transfer (automatic),89.54,4280.18,No
2578-NEFMX,Male,0,Yes,No,0,Yes,Yes,DSL,No,Yes,No,No,No,No,Month-to-month,No,Mailed check,53.29, ,Yes
1860-LMUBA,Male,0,Yes,Yes,32,Yes,Yes,DSL,Yes,No,No,Yes,No,No,Month-to-month,No,Bank transfer (automatic),54.17,1714.86,No
9281-LJSBM,Male,1,No,No,34,No,No phone service,Fiber optic,Yes,Yes,Yes,No,No,No,Month-to-month,No,Electronic check,91.35,3094.7,Yes
1832-CKVQE,Female,0,Yes,No,53,Yes,Yes,Fiber optic,Yes,No,Yes,No,Yes,Yes,Two year,No,Bank transfer (automatic),88.06,4670.29,No
5225-YPHWH,Female,0,No,Yes,55,Yes,No,Fiber optic,No,No,Yes,No,Yes,No,Month-to-month,No,Bank transfer (automatic),80.87,4459.14,Yes
9040-JSQTQ,Male,0,No,No,14,Yes,No,Fiber optic,No,Yes,Yes,Yes,Yes,No,One year,Yes,Electronic check,93.04,1303.98,Yes
6397-GKMRV,Female,0,No,Yes,68,Yes,Yes,Fiber optic,Yes,No,No,No,Yes,Yes,One year,No,Bank transfer (automatic),91.64,6236.64,No
2694-RGVEE,Male,0,Yes,Yes,3,Yes,Yes,Fiber optic,No,No,Yes,Yes,No,Yes,Month-to-month,Yes,Electronic check,83.77,234.75,No
3180-JLEWG,Female,0,No,Yes,63,Yes,No,DSL,No,No,No,No,Yes,Yes,Month-to-month,No,Electronic check,57.8,3626.11,No
7556-TLKPX,Male,1,Yes,No,21,Yes,Yes,DSL,Yes,No,Yes,Yes,No,Yes,Month-to-month,No,Bank transfer (automatic),62.47,1302.7,No
6214-HWWFD,Female,0,No,No,23,Yes,No,DSL,Yes,Yes,No,Yes,Yes,Yes,Month-to-month,No,Electronic check,78.58,1819.4,Yes
3113-NZWWC,Male,0,Yes,No,46,Yes,No,No,No internet service,No internet service,No internet service,No internet service,No internet service,No internet service,Two year,No,Electronic check,20.34,926.99,No
7240-RXLTM,Male,1,Yes,Yes,5,Yes,Yes,DSL,Yes,Yes,Yes,Yes,Yes,No,Month-to-month,No,Credit card (automatic),80.82,384.27,Yes
7051-KYPPX,Male,0,No,No,26,Yes,No,DSL,No,No,Yes,No,No,No,Month-to-month,Yes,Credit card (automatic),52.26,1369.22,Yes
3532-WFQHD,Male,0,Yes,No,9,Yes,No,DSL,Yes,No,No,Yes,Yes,No,One year,No,Electronic check,55.1,496.14,No
3022-XSAKF,Male,0,No,No,38,Yes,No,DSL,No,Yes,No,Yes,Yes,No,Two year,No,Credit card (automatic),65.36,2491.48,No
2630-MVUYR,Male,0,Yes,Yes,36,Yes,No,No,No internet service,No internet service,No internet service,No internet service,No internet service,No internet service,Two year,Yes,Bank transfer (automatic),18.65,661.42,No
6558-PJWEW,Female,0,No,Yes,53,Yes,Yes,DSL,No,Yes,Yes,No,No,No,Month-to-month,No,Mailed check,63.81,3371.83,No
6877-VLDJR,Female,0,No,No,50,Yes,No,Fiber optic,No,No,No,Yes,No,Yes,Two year,Yes,Mailed check,89.46,4471.27,No
7140-RVKZC,Female,0,Yes,Yes,59,Yes,Yes,Fiber optic,No,No,Yes,Yes,Yes,No,Two year,No,Electronic check,86.62,5101.94,No
9390-SWHJQ,Male,0,No,Yes,71,Yes,No,DSL,Yes,Yes,Yes,Yes,No,Yes,Month-to-month,Yes,Electronic check,74.94,5293.05,No
6952-YTHMM,Male,0,No,No,50,Yes,Yes,No,No internet service,No internet service,No internet service,No internet service,No internet service,No internet service,Two year,Yes,Electronic check,21.68,1075.13,No
4477-MPBUU,Female,0,No,No,61,Yes,Yes,DSL,No,No,No,Yes,Yes,Yes,Month-to-month,Yes,Electronic check,66.68,4056.72,No
4298-XYGQB,Male,1,Yes,No,48,Yes,No,DSL,Yes,Yes,No,Yes,Yes,No,Month-to-month,Yes,Bank transfer (automatic),75.05,3580.99,Yes
1975-QHQNS,Male,0,No,Yes,50,Yes,Yes,DSL,Yes,Yes,Yes,No,No,No,Two year,No,Credit card (automatic),66.73,3330.99,No
2204-VWLXC,Male,0,Yes,No,27,Yes,No,DSL,No,No,No,No,Yes,No,Month-to-month,No,Mailed check,50.5,1350.01,No
1881-CTLUV,Male,0,Yes,No,35,Yes,No,Fiber optic,No,No,No,No,Yes,Yes,Month-to-month,No,Mailed check,83.82,2928.18,No
7570-SFTFB,Male,0,Yes,No,24,Yes,No,Fiber optic,No,Yes,Yes,No,No,No,Month-to-month,Yes,Credit card (automatic),83.05,1987.49,No
5782-CUGWH,Female,0,No,Yes,35,Yes,No,Fiber optic,No,No,No,No,Yes,No,Month-to-month,No,Bank transfer (automatic),73.44,2567.32,No
3770-AUDPS,Female,0,No,No,59,Yes,Yes,DSL,No,Yes,Yes,No,No,Yes,Month-to-month,Yes,Electronic check,60.97,3584.06,No
2191-TSTCP,Female,0,Yes,No,6,Yes,No,Fiber optic,Yes,Yes,Yes,No,Yes,No,Month-to-month,No,Mailed check,86.46,524.11,Yes
9244-EJUVB,Female,0,No,No,64,Yes,No,DSL,No,No,Yes,No,No,Yes,One year,Yes,Credit card (automatic),55.16,3529.99,No
9787-REYCG,Female,0,No,No,72,Yes,Yes,No,No internet service,No internet service,No internet service,No internet service,No internet service,No internet service,Two year,No,Bank transfer (automatic),18.25,1307.69,No
4349-BPDPF,Male,0,Yes,Yes,35,No,No phone service,No,No internet service,No internet service,No internet service,No internet service,No internet service,No internet service,Month-to-month,No,Mailed check,19.47,676.79,No
3204-PMXNV,Male,0,No,Yes,72,Yes,No,DSL,No,Yes,Yes,Yes,No,No,Two year,No,Mailed check,71.95,5187.34,No
1133-FYTXN,Male,0,Yes,Yes,29,Yes,Yes,Fiber optic,No,No,Yes,Yes,Yes,Yes,Two year,No,Credit card (automatic),95.97,2795.92,No
1307-KHLSN,Male,0,Yes,No,46,Yes,No,No,No internet service,No internet service,No internet service,No internet service,No internet service,No internet service,One year,Yes,Bank transfer (automatic),20.14,918.59,No
3514-LZBAA,Female,0,Yes,No,28,Yes,Yes,DSL,No,Yes,Yes,Yes,No,No,Month-to-month,Yes,Mailed check,59.45,1668.85,No
2894-JXAWT,Female,1,No,No,4,Yes,No,DSL,No,Yes,No,No,No,No,Two year,Yes,Bank transfer (automatic),47.88,182.96,Yes
6687-GKWGE,Female,0,No,Yes,64,Yes,Yes,Fiber optic,Yes,Yes,Yes,No,Yes,Yes,Month-to-month,No,Bank transfer (automatic),104.21,6672.76,No
7481-DCDTS,Male,0,Yes,No,68,Yes,No,DSL,Yes,No,No,Yes,No,Yes,Month-to-month,Yes,Mailed check,59.61,4045.91,Yes
8463-QTCTN,Female,0,Yes,Yes,62,Yes,Yes,No,No internet service,No internet service,No internet service,No internet service,No internet service,No internet service,One year,Yes,Bank transfer (automatic),20.16,1227.88,No
5183-PMQDJ,Male,0,No,No,55,Yes,No,No,No internet service,No internet service,No internet service,No internet service,No internet service,No internet service,Two year,Yes,Mailed check,20.51,1135.55,No
3584-MRVWU,Female,0,No,Yes,16,Yes,Yes,No,No internet service,No internet service,No internet service,No internet service,No internet service,No internet service,One year,Yes,Mailed check,18.25,299.66,No
7863-MEMQT,Female,0,No,No,50,Yes,No,DSL,No,No,No,No,No,No,Month-to-month,Yes,Electronic check,45.18,2263.99,No
8890-KQADG,Male,0,No,No,36,Yes,Yes,DSL,No,Yes,No,No,Yes,Yes,Two year,No,Electronic check,62.13,2237.4,No
1198-MRWWR,Male,0,No,No,8,Yes,No,Fiber optic,Yes,No,No,No,No,Yes,One year,No,Credit card (automatic),78.3,639.54,Yes
5885-TCAZX,Female,1,No,No,37,Yes,No,No,No internet service,No internet service,No internet service,No internet service,No internet service,No internet service,Two year,Yes,Electronic check,22.96,867.72,No
5514-EMFSC,Female,1,No,Yes,52,Yes,Yes,Fiber optic,No,No,No,No,Yes,Yes,One year,No,Electronic check,83.33,4327.2,Yes
1490-DBVHX,Male,0,Yes,No,12,Yes,Yes,No,No internet service,No internet service,No internet service,No internet service,No internet service,No internet service,Month-to-month,No,Mailed check,20.78,256.21,No
4881-QGQRR,Female,0,No,No,52,Yes,No,No,No internet service,No internet service,No internet service,No internet service,No internet service,No internet service,Month-to-month,Yes,Mailed check,18.25,954.65,No
2849-RTBWA,Female,0,Yes,No,48,Yes,Yes,Fiber optic,Yes,No,Yes,Yes,No,No,One year,Yes,Electronic check,87.36,4208.01,No
5416-LMTMU,Male,1,Yes,Yes,69,Yes,No,DSL,No,No,Yes,No,Yes,Yes,Month-to-month,Yes,Credit card (automatic),70.77,4880.77,No
5920-ZFZUZ,Female,0,Yes,No,34,Yes,No,DSL,Yes,No,No,Yes,Yes,Yes,Month-to-month,Yes,Electronic check,66.45,2244.79,No
5496-LAWTV,Male,0,No,Yes,15,Yes,Yes,Fiber optic,Yes,No,Yes,Yes,No,Yes,Month-to-month,Yes,Bank transfer (automatic),87.93,1313.74,No
9834-EBPNB,Female,1,No,No,12,Yes,No,No,No internet service,No internet service,No internet service,No internet service,No internet service,No internet service,Month-to-month,Yes,Bank transfer (automatic),20.27,249.29,Yes
3244-DKXTJ,Male,0,No,Yes,10,Yes,Yes,Fiber optic,Yes,No,No,No,No,No,Two year,Yes,Bank transfer (automatic),75.01,746.54,Yes
3731-HAUAF,Female,0,Yes,No,1,Yes,No,No,No internet service,No internet service,No internet service,No internet service,No internet service,No internet service,One year,Yes,Credit card (automatic),24.69,9.8,Yes
8587-QEXWQ,Male,0,No,No,18,Yes,No,Fiber optic,Yes,No,Yes,Yes,No,Yes,Two year,Yes,Credit card (automatic),89.83,1626.77,Yes
4607-GRUBR,Female,1,Yes,Yes,44,No,No phone service,DSL,No,Yes,No,Yes,No,No,Two year,Yes,Electronic check,57.08,2496.6,No
7607-SSJUU,Male,0,No,No,45,Yes,Yes,No,No internet service,No internet service,No internet service,No internet service,No internet service,No internet service,Month-to-month,No,Credit card (automatic),22.61,1012.45,No
8829-WVJKU,Female,0,Yes,No,46,Yes,Yes,Fiber optic,No,Yes,Yes,No,No,Yes,Month-to-month,Yes,Mailed check,85.71,3935.79,Yes
4829-PMGMT,Female,0,No,Yes,48,Yes,No,DSL,No,No,No,No,No,Yes,Month-to-month,No,Bank transfer (automatic),51.97,2495.33,Yes
3205-QJJVS,Female,0,No,Yes,41,Yes,Yes,No,No internet service,No internet service,No internet service,No internet service,No internet service,No internet service,Month-to-month,Yes,Electronic check,18.51,757.09,No
3036-ZTWFN,Female,0,No,No,32,Yes,Yes,Fiber optic,No,No,Yes,No,Yes,No,Two year,Yes,Bank transfer (automatic),81.49,2613.43,No
1361-RRXPF,Female,0,No,No,40,Yes,Yes,Fiber optic,Yes,Yes,No,No,Yes,Yes,Month-to-month,No,Credit card (automatic),90.27,3620.89,No
1921-VZZKT,Female,1,No,No,68,Yes,No,DSL,No,No,Yes,No,No,Yes,Month-to-month,No,Electronic check,59.31,4032.91,No
8160-UWFKY,Female,0,Yes,No,18,Yes,Yes,Fiber optic,No,No,No,Yes,No,Yes,One year,Yes,Electronic check,86.49,1558.17,No
8912-KLLCL,Female,1,No,No,38,No,No phone service,Fiber optic,Yes,Yes,No,No,Yes,No,Month-to-month,No,Mailed check,85.73,3273.0,Yes
7137-XUCJE,Female,0,Yes,Yes,6,Yes,Yes,DSL,No,No,No,Yes,No,No,Month-to-month,Yes,Bank transfer (automatic),50.52,298.36,Yes
4809-FJUGK,Male,0,Yes,No,38,Yes,No,DSL,Yes,Yes,No,No,Yes,No,Month-to-month,Yes,Mailed check,63.42,2412.18,Yes
8390-LAUJJ,Male,0,Yes,No,33,Yes,Yes,DSL,Yes,No,Yes,No,No,Yes,One year,No,Bank transfer (automatic),67.65,2221.72,No
7239-FKJDF,Female,0,No,No,43,Yes,Yes,Fiber optic,Yes,Yes,No,Yes,Yes,No,Month-to-month,Yes,Mailed check,91.93,3961.82,Yes
6631-PWDYZ,Male,0,Yes,No,68,Yes,No,No,No internet service,No internet service,No internet service,No internet service,No internet service,No internet service,One year,Yes,Credit card (automatic),18.25,1240.07,No
5481-SYLKY,Female,0,Yes,No,67,Yes,Yes,Fiber optic,No,Yes,Yes,Yes,No,Yes,Month-to-month,No,Mailed check,98.02,6582.7,No
7388-WFRLK,Female,0,No,Yes,62,No,No phone service,DSL,Yes,No,Yes,No,Yes,Yes,Two year,Yes,Mailed check,73.02,4531.95,No
6716-YARWU,Male,0,No,No,70,Yes,No,DSL,No,Yes,No,Yes,Yes,Yes,Month-to-month,No,Mailed check,65.29,4560.52,Yes
7499-ZNAMU,Female,1,Yes,No,47,Yes,Yes,DSL,No,Yes,No,No,No,Yes,Two year,Yes,Bank transfer (automatic),56.13,2636.19,No
7179-JDMHW,Female,0,No,No,2,Yes,Yes,Fiber optic,Yes,No,No,Yes,Yes,No,One year,Yes,Credit card (automatic),85.57,187.02,No
1555-XWUNU,Male,0,Yes,Yes,33,Yes,Yes,No,No internet service,No internet service,No internet service,No internet service,No internet service,No internet service,Month-to-month,Yes,Credit card (automatic),18.25,633.11,No
3300-VAPEQ,Male,0,No,No,8,Yes,No,DSL,No,Yes,No,No,Yes,Yes,Two year,Yes,Electronic check,66.8,542.71,No
2458-JHCDM,Female,0,No,No,60,Yes,Yes,Fiber optic,Yes,No,No,No,Yes,Yes,Month-to-month,Yes,Credit card (automatic),84.83,5064.2,No
1663-HSKCU,Male,0,No,Yes,19,Yes,Yes,DSL,No,No,No,No,No,No,One year,Yes,Electronic check,45.68,875.07,No
1161-TTGXL,Male,0,No,Yes,39,Yes,Yes,DSL,No,Yes,Yes,No,No,No,Two year,No,Credit card (automatic),57.88,2274.0,No
9007-AARML,Female,0,Yes,No,11,Yes,No,DSL,Yes,No,Yes,No,Yes,No,Month-to-month,No,Credit card (automatic),59.22,655.99,Yes
6772-LWUMP,Male,1,Yes,Yes,27,Yes,No,Fiber optic,No,Yes,Yes,No,Yes,No,Month-to-month,No,Mailed check,87.33,2386.08,No
6103-HTESB,Male,0,No,No,47,Yes,No,DSL,Yes,No,Yes,Yes,No,Yes,Two year,Yes,Credit card (automatic),63.83,2996.63,No
8723-ALAAG,Female,0,Yes,No,6,Yes,No,DSL,Yes,Yes,No,No,Yes,No,Month-to-month,Yes,Bank transfer (automatic),61.76,374.12,No
8022-UTELW,Male,0,No,No,13,Yes,No,Fiber optic,No,No,No,No,No,No,One year,Yes,Electronic check,68.43,864.9,No
3063-GHFQG,Male,0,Yes,No,18,No,No phone service,Fiber optic,No,No,Yes,No,Yes,No,Two year,Yes,Electronic check,83.8,1507.52,Yes
7218-UZTXJ,Female,0,Yes,No,53,Yes,No,DSL,No,No,Yes,No,Yes,Yes,Month-to-month,Yes,Electronic check,67.48,3566.85,Yes
1246-WWVUT,Female,0,No,No,59,Yes,Yes,DSL,No,No,Yes,No,No,No,Month-to-month,Yes,Credit card (automatic),53.08,3126.92,No
7136-AHYTG,Female,1,Yes,No,66,Yes,Yes,Fiber optic,Yes,Yes,No,No,No,No,One year,Yes,Bank transfer (automatic),84.69,5602.62,No
2874-MWLZG,Male,0,Yes,No,33,Yes,No,Fiber optic,No,No,No,No,Yes,No,Month-to-month,No,Mailed check,79.51,2628.46,No
7158-UHUAX,Female,0,Yes,No,40,Yes,Yes,Fiber optic,Yes,No,No,No,Yes,No,One year,Yes,Electronic check,83.38,3339.99,Yes
7390-UVLLM,Female,1,No,No,30,Yes,No,DSL,Yes,Yes,Yes,Yes,Yes,Yes,Two year,Yes,Credit card (automatic),69.11,2074.84,No
5282-ZJUJQ,Male,0,Yes,No,38,Yes,No,DSL,Yes,Yes,No,Yes,No,Yes,Two year,Yes,Electronic check,62.32,2367.75,No
5408-WFLJW,Female,0,Yes,No,51,Yes,Yes,Fiber optic,No,No,Yes,No,No,No,Month-to-month,No,Mailed check,77.23,3945.4,No
8256-DCMHL,Female,0,Yes,No,46,Yes,No,Fiber optic,Yes,No,No,No,Yes,No,Two year,No,Electronic check,79.63,3662.31,No
2161-BEUDT,Female,0,Yes,No,19,Yes,No,Fiber optic,Yes,No,No,No,Yes,Yes,One year,Yes,Bank transfer (automatic),79.94,1525.73,Yes
6050-JSQER,Female,0,Yes,No,51,No,No phone service,Fiber optic,Yes,No,No,No,No,Yes,One year,Yes,Electronic check,74.75,3809.98,No
9636-EVYFR,Male,0,No,No,70,Yes,No,Fiber optic,No,Yes,No,No,Yes,No,One year,No,Bank transfer (automatic),69.64,4880.19,Yes
1060-JTZXH,Female,0,No,No,61,Yes,No,Fiber optic,Yes,No,No,Yes,No,Yes,Month-to-month,No,Bank transfer (automatic),84.54,5157.46,No
3108-RTULR,Female,0,Yes,Yes,4,No,No phone service,Fiber optic,Yes,Yes,No,No,No,Yes,Two year,No,Credit card (automatic),86.73,348.7,No
9958-GUVHT,Male,1,No,No,56,Yes,No,Fiber optic,Yes,Yes,Yes,Yes,Yes,Yes,Month-to-month,Yes,Bank transfer (automatic),103.6,5784.38,No
9684-BTLRX,Female,0,No,No,3,Yes,No,DSL,No,No,Yes,No,No,No,Two year,No,Mailed check,53.37,140.3,No
6603-CXAWK,Male,0,Yes,Yes,10,Yes,No,No,No internet service,No internet service,No internet service,No internet service,No internet service,No internet service,Month-to-month,No,Mailed check,21.96,226.09,Yes
9009-XLGUN,Male,0,Yes,No,18,Yes,No,DSL,No,No,No,Yes,No,Yes,Two year,No,Electronic check,53.16,958.87,No
7112-HYSZC,Male,0,No,Yes,26,Yes,Yes,No,No internet service,No internet service,No internet service,No internet service,No internet service,No internet service,Month-to-month,No,Bank transfer (automatic),18.25,471.93,No
6699-GMXMF,Female,0,No,No,28,No,No phone service,Fiber optic,Yes,Yes,Yes,Yes,No,No,Month-to-month,Yes,Electronic check,96.28,2685.64,No
1342-QANJA,Male,0,Yes,No,17,Yes,No,Fiber optic,Yes,No,No,No,No,No,Month-to-month,Yes,Electronic check,73.7,1258.22,No
2406-YSQUF,Male,0,Yes,Yes,36,Yes,No,DSL,No,No,No,Yes,Yes,Yes,Month-to-month,Yes,Electronic check,61.82,2216.97,Yes
6530-XTDLK,Male,0,Yes,Yes,60,Yes,No,Fiber optic,No,No,No,No,Yes,Yes,One year,Yes,Bank transfer (automatic),80.73,4837.62,No
7463-ATZSB,Female,0,Yes,No,46,Yes,Yes,No,No internet service,No internet service,No internet service,No internet service,No internet service,No internet service,One year,No,Bank transfer (automatic),20.5,935.9,No
7854-UBQVN,Female,0,No,Yes,19,Yes,No,DSL,No,Yes,No,No,No,Yes,Month-to-month,Yes,Electronic check,67.2,1263.43,Yes
4239-RSXVC,Female,0,No,Yes,69,Yes,Yes,Fiber optic,No,No,Yes,Yes,No,No,Month-to-month,Yes,Electronic check,85.72,5922.94,Yes
1064-CCYRV,Female,0,No,Yes,48,No,No phone service,Fiber optic,No,No,No,No,No,Yes,One year,No,Credit card (automatic),74.13,3556.85,No
7064-YDYER,Female,0,Yes,Yes,14,No,No phone service,DSL,Yes,Yes,Yes,No,No,No,Two year,No,Bank transfer (automatic),58.98,825.69,No
8439-DLHTQ,Female,0,Yes,Yes,17,Yes,Yes,Fiber optic,No,No,No,No,Yes,Yes,Two year,Yes,Electronic check,82.87,1382.67,Yes
8213-DZJWA,Female,0,Yes,No,37,Yes,Yes,No,No internet service,No internet service,No internet service,No internet service,No internet service,No internet service,Two year,No,Mailed check,23.2,862.61,No
5587-TTZWJ,Male,0,No,No,21,Yes,No,DSL,No,No,No,Yes,Yes,Yes,Month-to-month,Yes,Electronic check,70.44,1476.61,Yes
4904-YRSHM,Male,1,No,Yes,59,Yes,Yes,Fiber optic,No,No,No,Yes,No,Yes,Two year,Yes,Electronic check,78.07,4607.47,No
1314-REQCD,Male,1,Yes,Yes,65,Yes,Yes,DSL,No,No,Yes,No,No,Yes,Month-to-month,No,Mailed check,49.64,3215.9,No
8832-HWTEA,Male,1,Yes,No,25,Yes,No,No,No internet service,No internet service,No internet service,No internet service,No internet service,No internet service,One year,Yes,Credit card (automatic),20.56,523.76,No
9628-PGYPQ,Female,0,No,Yes,63,Yes,Yes,Fiber optic,No,Yes,No,Yes,No,No,Two year,No,Credit card (automatic),89.22,5622.59,No
1745-VYCKL,Male,0,No,No,57,Yes,Yes,No,No internet service,No internet service,No internet service,No internet service,No internet service,No internet service,Month-to-month,Yes,Bank transfer (automatic),18.25,1040.66,No
8529-WTSUU,Male,0,Yes,Yes,2,Yes,No,DSL,No,Yes,No,Yes,Yes,No,Month-to-month,Yes,Mailed check,66.51,140.35,No
3387-UQAAG,Male,1,Yes,Yes,29,Yes,Yes,No,No internet service,No internet service,No internet service,No internet service,No internet service,No internet service,Two year,Yes,Bank transfer (automatic),18.25,515.33,No
5316-SKPTX,Male,0,Yes,Yes,18,Yes,Yes,Fiber optic,No,No,Yes,No,No,No,One year,No,Credit card (automatic),76.06,1386.12,No
6115-PNZHS,Female,0,No,Yes,9,Yes,Yes,DSL,No,No,No,No,No,No,Month-to-month,No,Credit card (automatic),45.25,406.35,Yes
5824-GUQVS,Female,0,No,No,45,Yes,Yes,Fiber optic,No,No,No,No,Yes,No,Month-to-month,No,Electronic check,79.88,3580.78,Yes
2194-XSAKF,Female,0,No,Yes,18,Yes,No,Fiber optic,No,No,Yes,No,No,Yes,Two year,Yes,Mailed check,87.04,1547.06,No
9778-KRVQR,Male,0,No,No,57,Yes,No,No,No internet service,No internet service,No internet service,No internet service,No internet service,No internet service,Month-to-month,Yes,Bank transfer (automatic),26.06,1492.07,No
2738-UHUFJ,Female,0,No,No,5,Yes,Yes,DSL,No,Yes,No,Yes,No,Yes,One year,No,Credit card (automatic),56.07,288.46,No
1396-KVFMD,Male,0,Yes,No,50,Yes,No,No,No internet service,No internet service,No internet service,No internet service,No internet service,No internet service,Month-to-month,Yes,Electronic check,18.25,922.79,No
2643-BHQZG,Female,0,Yes,Yes,13,Yes,Yes,Fiber optic,No,No,No,Yes,Yes,Yes,One year,Yes,Bank transfer (automatic),89.21,1157.37,No
2687-WNBNA,Female,0,Yes,Yes,57,Yes,No,Fiber optic,No,Yes,No,No,No,No,Month-to-month,No,Electronic check,75.44,4285.14,Yes
8941-KPEMG,Female,0,Yes,No,7,Yes,No,DSL,No,Yes,No,No,No,No,Month-to-month,Yes,Electronic check,51.26,360.8,Yes
1459-ZJZMH,Female,1,No,Yes,1,Yes,Yes,Fiber optic,No,No,Yes,No,No,Yes,Month-to-month,No,Credit card (automatic),80.13,89.65,No
8521-XNKBG,Female,0,No,No,17,Yes,Yes,No,No internet service,No internet service,No internet service,No internet service,No internet service,No internet service,Month-to-month,No,Bank transfer (automatic),21.5,357.82,No
1352-HUXBD,Male,0,No,No,56,Yes,No,No,No internet service,No internet service,No internet service,No internet service,No internet service,No internet service,Two year,No,Bank transfer (automatic),18.45,1024.81,No
4074-EHXPH,Female,0,Yes,No,34,Yes,No,Fiber optic,No,Yes,No,No,Yes,No,Month-to-month,Yes,Electronic check,78.49,2681.06,No
7542-CQJRG,Male,0,Yes,Yes,65,Yes,No,No,No internet service,No internet service,No internet service,No internet service,No internet service,No internet service,Month-to-month,Yes,Electronic check,25.65,1666.81,No
1605-RMLDY,Male,0,Yes,No,55,Yes,No,No,No internet service,No internet service,No internet service,No internet service,No internet service,No internet service,Two year,No,Mailed check,27.42,1502.19,No
1597-BFZTC,Male,0,No,No,42,Yes,No,No,No internet service,No internet service,No internet service,No internet service,No internet service,No internet service,Month-to-month,Yes,Credit card (automatic),18.25,761.61,No
4216-MRHAQ,Male,0,Yes,No,72,Yes,Yes,Fiber optic,Yes,Yes,No,No,No,No,Two year,No,Mailed check,85.13,6124.47,No
8223-CCYUK,Male,0,Yes,Yes,71,Yes,No,No,No internet service,No internet service,No internet service,No internet service,No internet service,No internet service,One year,Yes,Mailed check,18.92,1341.59,No
2318-HQFKC,Female,0,Yes,No,7,No,No phone service,DSL,No,No,Yes,No,Yes,No,Month-to-month,Yes,Electronic check,54.6,381.74,No
9337-JPMPX,Female,0,No,No,4,Yes,No,Fiber optic,No,Yes,No,No,No,No,Two year,No,Credit card (automatic),73.67,304.43,No
1851-XMBSW,Female,0,No,No,12,Yes,Yes,DSL,No,No,No,No,No,No,Month-to-month,Yes,Bank transfer (automatic),45.11,543.59,No
1847-JHPBZ,Female,0,No,No,6,Yes,Yes,DSL,No,Yes,Yes,No,No,No,Month-to-month,Yes,Mailed check,62.01,380.84,Yes
4506-JLWLH,Male,0,No,No,20,Yes,No,Fiber optic,Yes,Yes,No,No,Yes,Yes,Month-to-month,No,Electronic check,94.36,1879.34,Yes
6800-QHGLE,Female,0,No,Yes,36,No,No phone service,No,No internet service,No internet service,No internet service,No internet service,No internet service,No internet service,One year,Yes,Mailed check,22.37,812.22,No
9018-EMSZG,Female,0,Yes,No,44,Yes,No,DSL,Yes,Yes,Yes,No,Yes,Yes,Month-to-month,Yes,Electronic check,71.73,3155.82,Yes
3175-CKGFQ,Male,0,Yes,No,51,Yes,No,DSL,No,No,Yes,No,Yes,No,Two year,Yes,Mailed check,53.81,2737.66,No
3921-PFQQA,Male,0,No,Yes,47,Yes,No,DSL,Yes,Yes,No,Yes,Yes,Yes,Month-to-month,Yes,Electronic check,72.69,3406.45,No
4730-XEARR,Female,0,No,No,61,Yes,Yes,Fiber optic,Yes,Yes,No,No,No,No,Month-to-month,No,Electronic check,86.14,5259.0,Yes
7622-NDRQQ,Female,0,Yes,No,50,Yes,No,DSL,Yes,No,Yes,Yes,No,No,Month-to-month,No,Credit card (automatic),58.66,2936.56,No
8833-UHCJD,Male,0,Yes,Yes,3,Yes,No,DSL,No,Yes,Yes,No,No,No,One year,Yes,Mailed check,64.06,185.45,Yes
5675-BRHLG,Female,0,No,Yes,55,Yes,Yes,DSL,No,No,No,No,Yes,Yes,Month-to-month,Yes,Credit card (automatic),53.78,2957.56,No
6087-WDRWZ,Female,1,Yes,No,33,Yes,Yes,DSL,Yes,No,Yes,No,Yes,Yes,Month-to-month,No,Electronic check,71.36,2344.97,Yes
9317-PEKPT,Female,0,No,No,44,Yes,Yes,Fiber optic,Yes,Yes,Yes,No,No,Yes,Month-to-month,Yes,Bank transfer (automatic),87.96,3874.58,No
2652-TLUTY,Female,0,Yes,No,15,Yes,No,DSL,No,Yes,No,No,Yes,Yes,Two year,Yes,Mailed check,64.13,972.53,No
9445-CLVRF,Male,0,Yes,Yes,8,Yes,No,Fiber optic,No,No,No,No,Yes,Yes,Month-to-month,Yes,Credit card (automatic),87.01,684.17,Yes
5449-KHZEK,Male,0,Yes,Yes,15,Yes,No,Fiber optic,No,No,No,Yes,No,No,Month-to-month,No,Credit card (automatic),73.99,1103.71,No
3500-GRCSK,Male,0,No,No,30,Yes,No,DSL,Yes,No,Yes,No,Yes,Yes,Two year,Yes,Mailed check,62.52,1895.78,No
7707-QMNTK,Female,0,No,No,12,Yes,Yes,Fiber optic,No,Yes,Yes,No,Yes,Yes,Two year,Yes,Credit card (automatic),98.22,1180.67,No
1188-MLRVE,Female,0,Yes,Yes,4,Yes,No,DSL,Yes,No,No,Yes,Yes,No,Month-to-month,No,Mailed check,56.11,248.75,Yes
4169-MRZSB,Female,0,No,No,46,Yes,No,No,No internet service,No internet service,No internet service,No internet service,No internet service,No internet service,One year,No,Bank transfer (automatic),23.14,1077.69,No
8618-EHYND,Female,0,Yes,No,38,Yes,No,No,No internet service,No internet service,No internet service,No internet service,No internet service,No internet service,Month-to-month,Yes,Electronic check,23.75,892.55,No
3097-MLGPP,Female,0,Yes,Yes,17,Yes,Yes,Fiber optic,No,No,No,No,Yes,Yes,Two year,Yes,Mailed check,80.12,1353.01,No
6041-JRCHW,Male,0,No,Yes,19,No,No phone service,Fiber optic,No,No,No,No,No,No,Month-to-month,No,Bank transfer (automatic),67.99,1287.35,No
9094-WGHBE,Female,0,Yes,Yes,1,Yes,Yes,Fiber optic,No,No,Yes,No,Yes,No,Month-to-month,Yes,Mailed check,81.37,60.22,No
5753-ZKTRN,Female,0,No,No,39,Yes,Yes,Fiber optic,No,Yes,No,No,No,No,Month-to-month,No,Mailed check,75.07,2934.7,No
4248-HKPLU,Male,0,No,Yes,29,Yes,No,DSL,No,No,No,No,No,No,Month-to-month,No,Credit card (automatic),50.39,1446.33,Yes
3321-LUKWH,Female,0,No,No,9,Yes,No,Fiber optic,Yes,Yes,Yes,No,Yes,Yes,Month-to-month,Yes,Mailed check,107.74,972.14,Yes
9241-VUGBG,Male,1,No,No,63,Yes,No,Fiber optic,Yes,No,No,No,No,No,Month-to-month,No,Bank transfer (automatic),71.32,4497.57,No
7174-SEMGP,Male,0,No,No,41,Yes,No,DSL,No,Yes,Yes,No,No,No,Month-to-month,No,Mailed check,58.06,2394.03,No
4711-MVSXT,Male,0,Yes,Yes,52,Yes,No,Fiber optic,No,No,No,No,No,No,Month-to-month,Yes,Bank transfer (automatic),65.83,3435.87,No
4743-HWCWW,Male,0,Yes,No,52,Yes,Yes,Fiber optic,Yes,No,No,Yes,No,No,Two year,No,Credit card (automatic),84.08,4364.22,No
4610-QZUMW,Male,0,Yes,No,39,No,No phone service,Fiber optic,Yes,No,No,No,Yes,No,Month-to-month,Yes,Mailed check,81.06,3164.07,Yes
5420-QMTNK,Female,0,No,No,15,Yes,Yes,Fiber optic,Yes,No,Yes,No,Yes,Yes,One year,No,Electronic check,96.64,1439.12,No
7792-DCJSS,Male,0,Yes,No,47,Yes,Yes,No,No internet service,No internet service,No internet service,No internet service,No internet service,No internet service,Two year,No,Mailed check,18.25,853.0,No
8559-PWNCL,Male,0,Yes,No,60,Yes,Yes,DSL,No,No,Yes,No,Yes,Yes,Two year,Yes,Credit card (automatic),59.56,3563.82,No
8275-VXZVJ,Female,1,No,No,37,Yes,No,DSL,Yes,No,Yes,No,Yes,No,Two year,Yes,Electronic check,59.54,2169.98,No
9067-HCMVE,Female,0,No,Yes,43,No,No phone service,Fiber optic,No,Yes,Yes,No,Yes,Yes,Month-to-month,Yes,Bank transfer (automatic),92.87,4001.45,No
7575-VQXSL,Male,0,No,No,14,Yes,Yes,DSL,No,No,Yes,No,Yes,No,Month-to-month,Yes,Electronic check,54.95,771.39,Yes
7307-KKFPE,Female,1,No,No,60,Yes,No,Fiber optic,No,Yes,Yes,No,No,Yes,Month-to-month,No,Mailed check,90.02,5403.1,Yes
9640-URFAE,Female,0,Yes,No,6,Yes,Yes,Fiber optic,Yes,No,No,Yes,Yes,No,Month-to-month,Yes,Bank transfer (automatic),79.91,492.39,Yes
6915-KFQSN,Male,0,No,Yes,29,Yes,Yes,Fiber optic,Yes,Yes,No,No,Yes,Yes,Month-to-month,No,Mailed check,98.34,2837.24,Yes
8553-QRYSA,Male,0,Yes,Yes,35,No,No phone service,DSL,No,No,Yes,No,Yes,Yes,One year,Yes,Electronic check,60.91,2149.99,No
9548-XBCYK,Female,1,Yes,No,10,Yes,No,DSL,Yes,Yes,No,No,No,Yes,One year,Yes,Credit card (automatic),65.93,644.42,No
6035-GTLQX,Male,0,No,Yes,69,Yes,No,No,No internet service,No internet service,No internet service,No internet service,No internet service,No internet service,One year,Yes,Credit card (automatic),18.26,1253.41,No
8816-DRVFU,Male,0,No,No,28,Yes,Yes,Fiber optic,Yes,No,Yes,No,Yes,Yes,Two year,No,Credit card (automatic),101.96,2870.53,No
2497-LNDUU,Female,0,No,No,5,Yes,No,DSL,No,No,No,Yes,Yes,No,Two year,Yes,Electronic check,55.05,289.84,No
6824-RPJBY,Male,0,No,No,50,Yes,No,No,No internet service,No internet service,No internet service,No internet service,No internet service,No internet service,One year,Yes,Bank transfer (automatic),18.25,903.75,No
6361-UVUMM,Male,0,No,Yes,37,Yes,Yes,DSL,No,Yes,Yes,No,No,No,Two year,No,Electronic check,54.18,1993.28,No
6303-WHTEW,Male,0,Yes,Yes,72,No,No phone service,No,No internet service,No internet service,No internet service,No internet service,No internet service,No internet service,One year,No,Bank transfer (automatic),20.39,1451.3,No
7419-EZMRS,Male,0,No,No,21,Yes,No,No,No internet service,No internet service,No internet service,No internet service,No internet service,No internet service,Two year,Yes,Mailed check,21.21,442.54,No
5158-QRXHK,Male,1,No,No,53,Yes,Yes,No,No internet service,No internet service,No internet service,No internet service,No internet service,No internet service,Month-to-month,Yes,Electronic check,20.32,1093.28,No
8746-LPZHR,Female,0,No,No,39,Yes,Yes,Fiber optic,Yes,Yes,No,No,No,Yes,Two year,Yes,Bank transfer (automatic),87.29,3418.45,No
6025-CGXJW,Female,1,Yes,No,6,Yes,No,Fiber optic,No,No,Yes,No,Yes,Yes,Month-to-month,No,Bank transfer (automatic),88.78,541.35,No
7559-LSNYZ,Male,0,Yes,No,39,Yes,Yes,DSL,Yes,No,No,Yes,No,Yes,One year,No,Mailed check,62.85,2438.94,No
6722-CAEPN,Female,0,No,Yes,23,No,No phone service,Fiber optic,Yes,Yes,No,No,Yes,No,Month-to-month,Yes,Electronic check,85.43,1952.27,No
3514-JLBKP,Male,0,Yes,No,40,Yes,No,Fiber optic,No,Yes,No,No,No,Yes,One year,No,Mailed check,79.13,3154.68,No
1144-SMGHC,Male,0,No,Yes,50,Yes,Yes,DSL,Yes,Yes,No,No,Yes,No,Two year,No,Bank transfer (automatic),59.29,2950.33,No
1818-LKRED,Male,1,Yes,Yes,38,Yes,No,Fiber optic,No,No,No,Yes,Yes,No,Two year,No,Credit card (automatic),86.23,3285.22,No
8300-QAXRM,Male,0,Yes,No,42,Yes,Yes,No,No internet service,No internet service,No internet service,No internet service,No internet service,No internet service,Two year,No,Electronic check,21.02,888.11,No
1904-HWRDS,Male,0,No,No,68,Yes,Yes,Fiber optic,No,No,No,No,Yes,No,Month-to-month,No,Electronic check,75.96,5161.98,Yes
1349-JHJNK,Female,0,Yes,No,58,No,No phone service,DSL,Yes,No,No,Yes,Yes,No,Two year,Yes,Credit card (automatic),68.19,3955.63,No
3255-EHYRL,Female,0,No,No,24,Yes,No,DSL,No,No,No,Yes,Yes,No,Month-to-month,No,Bank transfer (automatic),62.14,1470.21,No
1625-HTCRM,Male,0,Yes,Yes,24,Yes,No,Fiber optic,No,No,Yes,No,Yes,No,One year,Yes,Bank transfer (automatic),75.9,1806.09,No
2864-EBSZR,Female,0,Yes,No,72,Yes,No,Fiber optic,No,No,No,No,No,No,Two year,No,Electronic check,65.07,4703.77,No
5129-AXFBH,Male,0,Yes,No,23,Yes,No,DSL,Yes,No,No,Yes,No,No,Two year,Yes,Electronic check,55.24,1273.83,No
9945-SGRNQ,Female,0,No,Yes,61,Yes,No,Fiber optic,Yes,No,Yes,No,Yes,No,Two year,Yes,Bank transfer (automatic),89.2,5450.58,No
7938-NPTHA,Male,0,Yes,No,42,Yes,No,Fiber optic,No,Yes,No,No,Yes,Yes,Month-to-month,Yes,Credit card (automatic),85.67,3604.6,Yes
7336-XQGWC,Female,0,No,No,58,Yes,Yes,Fiber optic,No,Yes,Yes,No,Yes,No,Month-to-month,No,Electronic check,97.94,5676.31,Yes
3759-QQFUX,Male,0,No,No,53,Yes,No,No,No internet service,No internet service,No internet service,No internet service,No internet service,No internet service,Month-to-month,Yes,Electronic check,18.25,977.81,No
8302-FZZAB,Male,0,No,No,25,Yes,No,Fiber optic,No,No,No,No,Yes,No,One year,Yes,Credit card (automatic),75.3,1871.43,No
3643-NRTKP,Female,0,No,No,53,Yes,Yes,DSL,Yes,Yes,Yes,No,No,No,Two year,Yes,Electronic check,70.67,3753.07,No
8334-WUHWL,Female,0,Yes,No,60,Yes,Yes,No,No internet service,No internet service,No internet service,No internet service,No internet service,No internet service,Month-to-month,No,Bank transfer (automatic),22.54,1352.61,No
8298-FEURJ,Male,0,Yes,No,43,Yes,No,DSL,Yes,No,No,No,No,Yes,Two year,Yes,Mailed check,51.18,2213.33,No
8763-RPXFZ,Female,0,No,No,8,No,No phone service,No,No internet service,No internet service,No internet service,No internet service,No internet service,No internet service,Month-to-month,Yes,Mailed check,19.56,145.92,Yes
6659-PFZVU,Male,0,Yes,No,41,No,No phone service,No,No internet service,No internet service,No internet service,No internet service,No internet service,No internet service,Two year,No,Credit card (automatic),18.25,748.94,No
6841-CUKUS,Female,0,No,No,28,Yes,No,No,No internet service,No internet service,No internet service,No internet service,No internet service,No internet service,Month-to-month,Yes,Electronic check,24.22,676.39,No
8468-DMNVY,Female,0,No,Yes,57,Yes,No,No,No internet service,No internet service,No internet service,No internet service,No internet service,No internet service,Two year,Yes,Electronic check,19.83,1141.44,No
7104-MUGWK,Male,0,Yes,No,62,Yes,Yes,DSL,No,No,No,No,No,Yes,Month-to-month,No,Electronic check,50.72,3142.08,No
7623-AFFZY,Female,0,No,No,48,Yes,Yes,DSL,Yes,Yes,Yes,No,No,Yes,Month-to-month,Yes,Mailed check,67.45,3252.91,Yes
5675-MSDSZ,Female,0,No,Yes,10,Yes,No,DSL,Yes,No,No,No,Yes,No,Two year,Yes,Bank transfer (automatic),53.52,544.54,No
2759-AUDTG,Male,0,Yes,No,53,Yes,Yes,No,No internet service,No internet service,No internet service,No internet service,No internet service,No internet service,Two year,Yes,Electronic check,19.76,1052.53,No
8518-XNYTT,Female,0,No,Yes,29,Yes,Yes,DSL,No,No,No,No,Yes,Yes,Month-to-month,No,Electronic check,61.47,1777.17,Yes
1322-XZJWP,Male,0,Yes,Yes,65,Yes,Yes,Fiber optic,No,No,No,Yes,No,Yes,Month-to-month,Yes,Electronic check,83.57,5418.66,No
3440-WYMWG,Male,0,No,No,64,No,No phone service,DSL,Yes,Yes,No,Yes,Yes,No,Month-to-month,Yes,Bank transfer (automatic),77.73,4971.3,No
4266-DPRGB,Male,0,No,No,57,Yes,Yes,Fiber optic,Yes,No,Yes,No,Yes,No,One year,Yes,Bank transfer (automatic),84.16,4793.61,No
6159-LYVVX,Male,0,No,No,56,Yes,Yes,DSL,Yes,No,Yes,Yes,No,No,Two year,Yes,Credit card (automatic),64.06,3584.18,No
4687-PNLMC,Male,0,No,Yes,36,Yes,Yes,Fiber optic,Yes,Yes,No,No,Yes,No,One year,No,Electronic check,82.07,2947.81,Yes
3818-QSKTJ,Female,0,No,No,53,No,No phone service,No,No internet service,No internet service,No internet service,No internet service,No internet service,No internet service,Month-to-month,Yes,Bank transfer (automatic),18.25,966.34,No
5842-VBMZT,Male,0,No,Yes,72,No,No phone service,Fiber optic,No,No,No,No,Yes,No,Month-to-month,Yes,Electronic check,73.85,5300.99,No
8701-EGRRY,Male,0,No,No,68,Yes,Yes,DSL,Yes,Yes,No,No,Yes,Yes,Two year,No,Bank transfer (automatic),73.03,4969.94,No
4418-NAWSF,Female,0,No,No,23,Yes,Yes,No,No internet service,No internet service,No internet service,No internet service,No internet service,No internet service,Month-to-month,Yes,Bank transfer (automatic),19.37,448.02,No
4210-DSKCM,Female,1,No,No,62,Yes,Yes,DSL,Yes,Yes,Yes,No,No,Yes,Two year,Yes,Mailed check,69.54,4306.01,No
6416-CUUPB,Female,0,No,Yes,50,Yes,Yes,Fiber optic,No,No,No,No,Yes,No,Month-to-month,Yes,Bank transfer (automatic),81.13,4055.27,Yes
9832-JSQRL,Male,0,No,No,14,Yes,No,Fiber optic,No,No,No,No,Yes,No,Month-to-month,Yes,Credit card (automatic),75.96,1077.41,Yes
2536-ZJNQZ,Male,0,No,No,46,Yes,No,Fiber optic,No,No,Yes,No,Yes,No,One year,Yes,Electronic check,80.74,3721.27,Yes
7058-PMDBA,Male,0,No,Yes,72,Yes,No,Fiber optic,No,No,Yes,No,No,No,Month-to-month,Yes,Bank transfer (automatic),71.14,5121.05,No
8528-YRNCQ,Female,0,Yes,Yes,45,Yes,No,Fiber optic,No,Yes,Yes,No,No,Yes,Month-to-month,Yes,Credit card (automatic),89.68,4039.91,Yes
1609-XHQPK,Male,0,No,No,29,Yes,No,DSL,Yes,Yes,No,Yes,No,Yes,One year,Yes,Credit card (automatic),64.97,1874.33,Yes
2362-FXERP,Female,0,No,No,19,Yes,Yes,Fiber optic,Yes,Yes,No,No,No,No,One year,Yes,Electronic check,74.21,1401.17,No
5130-JHJML,Male,0,No,No,56,Yes,No,DSL,Yes,Yes,No,No,No,Yes,One year,Yes,Bank transfer (automatic),65.66,3675.53,No
1192-FFCFZ,Female,0,Yes,Yes,48,Yes,No,Fiber optic,No,No,No,No,Yes,No,Two year,Yes,Mailed check,77.08,3716.29,No
8160-JCZPJ,Male,0,No,No,55,Yes,Yes,Fiber optic,No,Yes,No,Yes,No,Yes,Month-to-month,No,Bank transfer (automatic),90.77,4995.51,Yes
5402-RZSKM,Male,1,Yes,No,55,Yes,No,No,No internet service,No internet service,No internet service,No internet service,No internet service,No internet service,Month-to-month,No,Electronic check,18.25,1029.41,No
7898-CMVYB,Male,0,Yes,No,24,Yes,No,Fiber optic,No,No,Yes,No,No,Yes,Month-to-month,Yes,Credit card (automatic),86.54,2070.9,No
5230-YKTCZ,Female,0,No,No,8,Yes,No,No,No internet service,No internet service,No internet service,No internet service,No internet service,No internet service,Month-to-month,Yes,Credit card (automatic),21.78,173.7,No
7660-PYPBU,Female,0,No,No,21,Yes,No,Fiber optic,Yes,Yes,Yes,No,No,No,Two year,Yes,Mailed check,78.63,1636.84,Yes
3982-JEEZS,Male,0,Yes,No,36,Yes,Yes,Fiber optic,No,Yes,Yes,No,No,No,Month-to-month,Yes,Mailed check,80.95,2894.05,No
4691-ZDMTS,Male,1,No,No,27,Yes,Yes,Fiber optic,No,Yes,No,No,Yes,Yes,One year,Yes,Electronic check,86.25,2312.84,Yes
1158-YAHMG,Male,0,Yes,No,13,Yes,Yes,Fiber optic,Yes,No,No,No,No,No,Two year,Yes,Bank transfer (automatic),74.13,972.63,No
8777-USVWS,Female,0,Yes,Yes,29,No,No phone service,Fiber optic,No,No,No,Yes,No,Yes,One year,Yes,Electronic check,81.67,2377.1,Yes
5808-LJNCV,Male,0,Yes,No,38,No,No phone service,No,No internet service,No internet service,No internet service,No internet service,No internet service,No internet service,Month-to-month,Yes,Mailed check,21.14,806.09,No
1640-FZYHP,Male,0,No,Yes,56,No,No phone service,Fiber optic,Yes,Yes,Yes,Yes,Yes,Yes,Two year,No,Mailed check,97.73,5473.95,No
9763-EMLFA,Male,0,Yes,No,4,Yes,No,DSL,Yes,No,Yes,No,No,No,Month-to-month,Yes,Electronic check,54.65,221.24,Yes
9765-SVJDQ,Male,0,Yes,No,11,Yes,Yes,DSL,No,No,No,No,Yes,Yes,Month-to-month,Yes,Credit card (automatic),56.5,606.44,Yes
9012-QPSXE,Female,0,No,No,34,Yes,Yes,Fiber optic,No,No,No,No,No,Yes,One year,No,Bank transfer (automatic),76.25,2592.53,No
2206-DVLXT,Female,0,Yes,Yes,40,Yes,No,DSL,No,No,No,No,Yes,No,Month-to-month,Yes,Electronic check,45.95,1838.21,No
7209-HPNFR,Male,0,No,Yes,62,Yes,No,No,No internet service,No internet service,No internet service,No internet service,No internet service,No internet service,Two year,Yes,Mailed check,20.34,1272.58,No
1194-DQAZE,Male,1,No,Yes,41,Yes,No,DSL,Yes,Yes,Yes,No,Yes,No,Month-to-month,Yes,Electronic check,63.3,2587.41,Yes
4960-GGCAM,Female,0,No,Yes,64,Yes,No,DSL,Yes,Yes,No,Yes,Yes,No,Two year,Yes,Electronic check,75.59,4840.01,No
8765-RSLPF,Female,0,Yes,No,64,Yes,Yes,Fiber optic,Yes,No,Yes,No,No,Yes,Month-to-month,Yes,Electronic check,85.25,5445.99,No
8716-GBQVA,Male,0,No,No,42,Yes,No,DSL,No,Yes,No,No,No,No,Month-to-month,No,Electronic check,45.41,1914.97,No
6546-KNFTX,Female,0,No,Yes,59,Yes,No,No,No internet service,No internet service,No internet service,No internet service,No internet service,No internet service,Month-to-month,Yes,Electronic check,18.25,1084.41,No
4736-UZHEZ,Female,0,Yes,Yes,19,Yes,Yes,No,No internet service,No internet service,No internet service,No internet service,No internet service,No internet service,Month-to-month,Yes,Bank transfer (automatic),20.98,403.78,Yes
4342-ZEMKL,Male,0,Yes,No,62,Yes,Yes,Fiber optic,No,No,No,Yes,Yes,No,Month-to-month,No,Electronic check,84.2,5220.64,Yes
4771-NASGH,Female,0,No,No,23,No,No phone service,No,No internet service,No internet service,No internet service,No internet service,No internet service,No internet service,Two year,Yes,Bank transfer (automatic),22.19,507.08,No
7734-YHNPB,Female,1,Yes,No,71,Yes,Yes,DSL,No,No,No,Yes,Yes,Yes,Two year,Yes,Bank transfer (automatic),68.88,4911.93,No
6607-ZFBDJ,Male,0,No,Yes,34,Yes,No,DSL,No,Yes,No,Yes,No,Yes,Month-to-month,Yes,Electronic check,60.62,2074.33,Yes
2080-BHMDD,Male,0,No,No,40,Yes,No,No,No internet service,No internet service,No internet service,No internet service,No internet service,No internet service,Month-to-month,No,Electronic check,18.25,732.88,No
7275-SBFRA,Female,1,Yes,No,15,Yes,Yes,DSL,Yes,No,No,No,No,Yes,Month-to-month,Yes,Bank transfer (automatic),59.4,884.01,Yes
9416-MCMPR,Male,1,Yes,Yes,5,Yes,Yes,Fiber optic,Yes,Yes,No,Yes,Yes,Yes,Month-to-month,No,Electronic check,107.15,537.23,Yes
8366-EYGHE,Female,0,No,Yes,19,No,No phone service,Fiber optic,No,No,Yes,No,No,No,Month-to-month,No,Electronic check,70.78,1353.9,Yes
6962-BKEGQ,Male,0,Yes,No,55,Yes,No,DSL,No,Yes,No,No,No,No,Two year,Yes,Bank transfer (automatic),47.02,2594.1,No
5359-NMDVF,Female,0,No,No,7,Yes,Yes,Fiber optic,Yes,Yes,No,No,Yes,Yes,Month-to-month,Yes,Credit card (automatic),92.84,647.25,Yes
6617-KPFPF,Male,1,Yes,Yes,5,Yes,No,Fiber optic,Yes,Yes,Yes,Yes,No,No,Month-to-month,No,Bank transfer (automatic),90.76,447.95,Yes
5654-DANJN,Female,1,No,No,7,Yes,No,Fiber optic,No,Yes,No,No,No,No,One year,No,Electronic check,76.33,532.55,Yes
1859-RUGMJ,Female,0,No,Yes,61,Yes,Yes,No,No internet service,No internet service,No internet service,No internet service,No internet service,No internet service,One year,Yes,Credit card (automatic),18.25,1105.43,No
8756-JUGXG,Female,0,Yes,No,13,Yes,No,Fiber optic,Yes,No,Yes,Yes,Yes,No,Two year,Yes,Mailed check,85.67,1101.02,No
8787-WBYGH,Male,0,Yes,No,2,Yes,No,DSL,No,No,No,No,No,No,Month-to-month,Yes,Electronic check,45.36,92.25,Yes
6753-XEZZP,Male,0,No,No,1,Yes,Yes,DSL,No,No,Yes,Yes,No,Yes,Month-to-month,Yes,Electronic check,65.61,79.62,Yes
3053-XJFYT,Female,0,No,No,21,Yes,No,No,No internet service,No internet service,No internet service,No internet service,No internet service,No internet service,Two year,Yes,Credit card (automatic),18.25,388.57,No
7169-PYRGQ,Female,1,Yes,No,69,Yes,No,Fiber optic,No,Yes,No,No,No,No,One year,No,Mailed check,69.01,4774.39,No
9314-ZZVUK,Male,0,No,Yes,70,Yes,Yes,DSL,No,No,No,No,Yes,Yes,Month-to-month,Yes,Mailed check,55.76,3914.08,No
8386-REMUG,Male,0,Yes,No,5,Yes,Yes,Fiber optic,No,No,No,No,No,No,Month-to-month,No,Credit card (automatic),75.15,373.15,No
7549-TALJD,Male,0,No,No,49,Yes,No,DSL,Yes,No,Yes,Yes,Yes,No,Month-to-month,Yes,Mailed check,75.91,3716.01,No
1842-MMRGV,Male,0,No,No,43,Yes,Yes,DSL,Yes,No,No,No,Yes,No,One year,No,Mailed check,58.61,2517.03,No
2480-VUHHM,Male,0,Yes,No,7,Yes,No,Fiber optic,No,Yes,No,Yes,No,Yes,One year,Yes,Bank transfer (automatic),84.57,592.89,No
9074-CVTKE,Male,0,Yes,No,23,Yes,No,No,No internet service,No internet service,No internet service,No internet service,No internet service,No internet service,One year,Yes,Credit card (automatic),18.25,437.84,No
3439-JHCLK,Female,0,Yes,No,26,Yes,No,Fiber optic,No,No,Yes,Yes,No,No,One year,Yes,Credit card (automatic),75.49,1978.27,No
4301-FVCBR,Male,0,No,Yes,52,Yes,No,No,No internet service,No internet service,No internet service,No internet service,No internet service,No internet service,Two year,No,Bank transfer (automatic),19.12,1000.21,No
2395-HHGKU,Female,0,Yes,No,50,Yes,Yes,DSL,No,No,No,Yes,No,No,Two year,Yes,Credit card (automatic),56.08,2801.69,No
6593-FBGYC,Male,0,Yes,No,27,Yes,No,Fiber optic,Yes,No,No,No,Yes,Yes,One year,Yes,Credit card (automatic),82.55,2243.7,No
9424-RBJXH,Male,0,No,No,58,Yes,No,DSL,No,No,Yes,No,No,Yes,One year,No,Bank transfer (automatic),52.21,3029.88,No
6834-UVWCP,Female,0,Yes,No,68,Yes,No,DSL,Yes,Yes,No,No,No,No,Month-to-month,Yes,Mailed check,55.93,3804.8,No
6241-HBBXU,Female,0,No,No,72,Yes,No,Fiber optic,Yes,No,No,Yes,No,Yes,Month-to-month,Yes,Electronic check,90.34,6494.68,No
8776-BNTXJ,Male,0,Yes,No,24,Yes,No,Fiber optic,No,Yes,No,No,Yes,Yes,One year,No,Bank transfer (automatic),87.98,2106.75,Yes
2907-VLFVK,Female,0,Yes,No,43,Yes,Yes,DSL,No,No,Yes,Yes,Yes,Yes,Two year,Yes,Mailed check,73.57,3149.57,No
7703-LXVGL,Female,0,Yes,No,46,Yes,No,DSL,No,Yes,Yes,No,Yes,No,Month-to-month,Yes,Credit card (automatic),60.48,2780.31,No
9297-CGPZJ,Female,1,No,No,12,Yes,Yes,Fiber optic,No,No,Yes,Yes,No,No,One year,No,Electronic check,86.39,1042.17,Yes
8095-GGUXK,Female,0,No,No,52,Yes,Yes,DSL,No,Yes,Yes,No,Yes,Yes,One year,No,Credit card (automatic),64.51,3342.6,No
6182-WEFTJ,Male,0,No,Yes,52,Yes,Yes,Fiber optic,No,Yes,No,Yes,No,Yes,Two year,No,Credit card (automatic),89.96,4682.47,No
6800-VZQNQ,Female,0,Yes,No,36,Yes,Yes,No,No internet service,No internet service,No internet service,No internet service,No internet service,No internet service,One year,Yes,Electronic check,19.09,680.54,No
5195-ASKUJ,Male,0,Yes,No,62,Yes,No,No,No internet service,No internet service,No internet service,No internet service,No internet service,No internet service,Two year,Yes,Credit card (automatic),18.8,1165.29,No
5279-WMHYH,Male,0,No,No,65,Yes,Yes,DSL,No,Yes,No,No,No,Yes,One year,Yes,Bank transfer (automatic),56.87,3711.57,No
1014-AFPCH,Male,1,Yes,No,39,Yes,No,No,No internet service,No internet service,No internet service,No internet service,No internet service,No internet service,One year,Yes,Electronic check,21.94,858.42,No
4716-QDGNG,Male,0,Yes,Yes,60,Yes,No,Fiber optic,Yes,No,No,Yes,Yes,No,Month-to-month,Yes,Bank transfer (automatic),89.19,5336.93,No
6034-QQXJF,Female,0,Yes,No,5,Yes,No,DSL,Yes,No,No,No,No,No,One year,Yes,Credit card (automatic),49.53,245.5,Yes
4761-JMTQT,Female,0,No,No,24,Yes,No,Fiber optic,Yes,Yes,Yes,No,No,Yes,One year,No,Mailed check,90.05,2146.27,No
5990-XUYCR,Male,1,No,No,45,Yes,No,No,No internet service,No internet service,No internet service,No internet service,No internet service,No internet service,Two year,No,Bank transfer (automatic),20.6,931.02,No
3889-NDZEU,Male,0,Yes,Yes,30,Yes,Yes,DSL,Yes,Yes,Yes,No,No,No,Month-to-month,No,Electronic check,55.59,1671.89,No
4911-ALFDF,Male,0,Yes,No,62,Yes,No,DSL,No,Yes,Yes,No,Yes,Yes,Month-to-month,Yes,Electronic check,66.47,4126.35,No
4050-HFUBL,Male,0,No,No,67,Yes,Yes,Fiber optic,Yes,Yes,No,Yes,No,No,Two year,Yes,Credit card (automatic),90.51,6046.98,No
9972-AKDMW,Female,0,No,No,38,Yes,No,DSL,Yes,Yes,No,Yes,No,No,Month-to-month,No,Electronic check,58.73,2248.98,No
4525-UHNVQ,Male,1,Yes,No,35,Yes,No,DSL,Yes,Yes,No,No,No,No,Month-to-month,Yes,Mailed check,57.82,2028.28,Yes
2198-ZAPQE,Female,0,No,No,6,Yes,No,Fiber optic,No,Yes,Yes,No,Yes,No,One year,Yes,Electronic check,88.87,542.14,Yes
1084-YMDQY,Male,0,Yes,No,65,Yes,Yes,Fiber optic,Yes,No,No,No,No,Yes,One year,No,Credit card (automatic),74.19,4834.18,Yes
1146-SZCHP,Male,1,Yes,No,54,Yes,No,Fiber optic,No,Yes,No,Yes,No,No,Month-to-month,No,Bank transfer (automatic),84.68,4583.91,Yes
6752-PNKKG,Male,1,Yes,Yes,71,Yes,Yes,Fiber optic,Yes,No,No,Yes,No,Yes,Two year,No,Electronic check,83.87,5956.94,No
9044-RQKYX,Male,0,Yes,Yes,41,Yes,No,Fiber optic,Yes,No,No,Yes,No,No,Month-to-month,No,Credit card (automatic),76.0,3106.19,Yes
6522-LBULV,Female,1,Yes,No,26,Yes,No,No,No internet service,No internet service,No internet service,No internet service,No internet service,No internet service,Month-to-month,Yes,Mailed check,19.6,497.93,No
1358-VXDHZ,Female,0,No,No,1,Yes,Yes,Fiber optic,No,No,Yes,No,Yes,Yes,One year,Yes,Credit card (automatic),87.48,70.64,Yes
2787-TBVHW,Female,0,Yes,No,69,Yes,No,Fiber optic,Yes,No,Yes,Yes,Yes,No,Month-to-month,No,Electronic check,82.45,5690.01,No
2273-VPKDY,Male,1,Yes,No,3,Yes,Yes,Fiber optic,No,No,No,Yes,No,No,Month-to-month,No,Mailed check,74.31,223.03,No
4004-CBQAE,Male,0,Yes,No,20,Yes,No,No,No internet service,No internet service,No internet service,No internet service,No internet service,No internet service,Month-to-month,Yes,Electronic check,22.39,445.32,Yes
9489-EXHJS,Female,0,No,No,0,Yes,No,Fiber optic,No,Yes,No,Yes,No,No,Two year,Yes,Bank transfer (automatic),79.21, ,Yes
4248-RZWHA,Female,0,No,No,37,Yes,Yes,No,No internet service,No internet service,No internet service,No internet service,No internet service,No internet service,Month-to-month,No,Electronic check,19.33,710.95,Yes
1124-QUCMZ,Male,0,Yes,Yes,59,Yes,No,Fiber optic,No,Yes,No,No,No,Yes,Month-to-month,Yes,Bank transfer (automatic),84.89,5003.01,No
6219-QVCLT,Male,0,Yes,No,13,Yes,Yes,Fiber optic,No,No,No,No,Yes,Yes,Month-to-month,No,Bank transfer (automatic),80.55,1047.16,Yes
2664-DFSWU,Female,0,Yes,Yes,16,Yes,Yes,DSL,No,No,Yes,Yes,No,No,Month-to-month,Yes,Electronic check,53.13,851.21,Yes
2776-UEBBF,Male,0,Yes,No,72,Yes,No,No,No internet service,No internet service,No internet service,No internet service,No internet service,No internet service,Month-to-month,Yes,Electronic check,18.96,1372.29,No
5690-PPKBR,Male,0,Yes,No,46,Yes,Yes,DSL,No,No,Yes,No,No,Yes,Month-to-month,Yes,Bank transfer (automatic),57.1,2634.15,No
4646-GRPZC,Female,0,No,Yes,55,No,No phone service,Fiber optic,No,No,Yes,Yes,No,No,Two year,No,Mailed check,80.27,4416.61,No
8178-KRQCF,Male,1,No,No,52,Yes,No,Fiber optic,No,No,No,Yes,No,Yes,Month-to-month,No,Bank transfer (automatic),84.19,4375.1,No
7891-RENFH,Female,0,No,No,17,Yes,Yes,No,No internet service,No internet service,No internet service,No internet service,No internet service,No internet service,Month-to-month,Yes,Mailed check,22.75,369.74,Yes
7253-QVPHL,Male,0,Yes,No,68,Yes,No,Fiber optic,No,No,No,No,No,No,One year,Yes,Mailed check,67.93,4620.0,No
7798-MQMXU,Female,0,Yes,No,47,Yes,No,DSL,No,Yes,Yes,No,Yes,Yes,Month-to-month,Yes,Electronic check,72.67,3417.73,No
6178-PSDAY,Male,0,No,No,8,Yes,No,No,No internet service,No internet service,No internet service,No internet service,No internet service,No internet service,Month-to-month,No,Bank transfer (automatic),19.82,162.4,No
3562-GMZGK,Female,1,No,No,53,No,No phone service,Fiber optic,No,No,Yes,No,No,No,Month-to-month,No,Bank transfer (automatic),74.15,3940.11,No
7876-YVUSR,Female,0,Yes,No,34,Yes,No,DSL,No,Yes,No,Yes,No,No,Month-to-month,Yes,Bank transfer (automatic),59.84,2025.76,Yes
4335-NZSEX,Female,0,No,No,45,Yes,No,No,No internet service,No internet service,No internet service,No internet service,No internet service,No internet service,One year,Yes,Mailed check,18.25,824.94,No
7704-TKFUS,Female,0,Yes,No,0,Yes,No,No,No internet service,No internet service,No internet service,No internet service,No internet service,No internet service,Month-to-month,Yes,Mailed check,25.66, ,No
9912-EPLXE,Male,0,Yes,No,40,Yes,No,Fiber optic,No,Yes,Yes,Yes,No,Yes,Two year,No,Credit card (automatic),89.55,3577.31,No
2986-LJETE,Male,0,Yes,No,72,Yes,No,DSL,Yes,Yes,No,No,No,No,Month-to-month,Yes,Electronic check,57.59,4161.92,No
1747-JYQHR,Female,0,No,No,31,Yes,No,No,No internet service,No internet service,No internet service,No internet service,No internet service,No internet service,Month-to-month,Yes,Mailed check,19.27,593.31,Yes
2263-KWLYE,Male,0,Yes,Yes,39,Yes,No,DSL,No,No,No,No,No,Yes,Two year,Yes,Electronic check,51.96,2030.16,No
9095-LRDAB,Male,0,No,No,10,Yes,No,Fiber optic,No,No,No,No,No,Yes,Month-to-month,No,Bank transfer (automatic),73.8,733.07,Yes
5883-UZJPC,Male,0,Yes,No,61,No,No phone service,Fiber optic,Yes,Yes,No,Yes,Yes,Yes,Month-to-month,No,Credit card (automatic),93.2,5685.4,No
2604-JMMEC,Male,0,Yes,No,45,Yes,Yes,No,No internet service,No internet service,No internet service,No internet service,No internet service,No internet service,Month-to-month,Yes,Mailed check,21.76,977.11,No
1905-ZVFER,Male,0,No,No,47,Yes,Yes,No,No internet service,No internet service,No internet service,No internet service,No internet service,No internet service,Month-to-month,No,Bank transfer (automatic),20.23,938.64,No
4886-MCZKK,Female,0,Yes,Yes,42,Yes,No,No,No internet service,No internet service,No internet service,No internet service,No internet service,No internet service,Month-to-month,No,Mailed check,18.25,771.5,No
4066-DXVKU,Female,0,Yes,No,50,Yes,No,DSL,Yes,No,No,No,No,Yes,One year,No,Bank transfer (automatic),58.73,2924.8,No
8281-JCJLU,Female,0,Yes,No,60,Yes,No,Fiber optic,No,No,Yes,Yes,No,No,Month-to-month,Yes,Bank transfer (automatic),79.76,4785.55,No
9656-MHEZY,Female,0,No,No,41,Yes,No,Fiber optic,No,No,Yes,No,No,No,One year,No,Bank transfer (automatic),73.89,3044.32,No
1648-CCGXT,Male,0,No,Yes,25,Yes,Yes,DSL,Yes,Yes,No,No,No,Yes,Month-to-month,Yes,Electronic check,54.85,1370.88,Yes
3375-NJKKK,Male,0,Yes,Yes,10,Yes,Yes,No,No internet service,No internet service,No internet service,No internet service,No internet service,No internet service,Two year,Yes,Electronic check,23.51,234.16,Yes
4852-RPKDK,Female,0,Yes,No,24,Yes,No,DSL,No,Yes,No,Yes,Yes,No,Two year,Yes,Bank transfer (automatic),64.72,1537.33,No
8981-MQHZZ,Male,0,No,Yes,39,Yes,Yes,Fiber optic,No,Yes,Yes,No,No,No,Month-to-month,Yes,Electronic check,86.13,3372.44,No
7868-BUXKR,Male,0,Yes,No,24,Yes,No,Fiber optic,Yes,No,No,Yes,Yes,Yes,Month-to-month,No,Electronic check,99.86,2398.49,Yes
9920-JTCGY,Female,0,Yes,Yes,51,Yes,Yes,No,No internet service,No internet service,No internet service,No internet service,No internet service,No internet service,Month-to-month,Yes,Electronic check,18.25,952.74,No
5069-FTSGT,Male,0,Yes,No,2,Yes,No,Fiber optic,No,No,Yes,Yes,No,Yes,One year,Yes,Mailed check,93.05,169.84,No
6785-TFAET,Female,0,No,No,38,Yes,Yes,Fiber optic,No,Yes,No,No,Yes,Yes,Two year,Yes,Electronic check,88.07,3345.3,No
2841-MHGDC,Female,0,Yes,No,34,Yes,Yes,Fiber optic,No,No,Yes,Yes,Yes,Yes,One year,Yes,Credit card (automatic),98.14,3337.61,No
6627-JZGHQ,Male,1,No,No,39,Yes,Yes,Fiber optic,No,No,Yes,Yes,Yes,Yes,Two year,No,Bank transfer (automatic),91.98,3593.31,No
9404-MNGWL,Male,0,No,No,21,Yes,No,DSL,No,No,No,No,Yes,No,Month-to-month,Yes,Electronic check,49.7,1037.76,No
9134-MHPRD,Female,0,No,Yes,61,Yes,No,DSL,Yes,No,Yes,Yes,Yes,No,One year,Yes,Credit card (automatic),65.0,3952.51,No
1397-EUYHW,Female,0,No,No,18,Yes,Yes,Fiber optic,Yes,No,No,Yes,Yes,No,Two year,No,Electronic check,85.67,1544.29,No
4021-DHTKX,Male,0,Yes,No,13,Yes,Yes,DSL,No,No,No,Yes,Yes,No,One year,No,Credit card (automatic),57.11,739.51,Yes
3318-GSGNN,Female,0,No,Yes,49,Yes,No,DSL,No,Yes,Yes,Yes,No,No,Month-to-month,No,Mailed check,64.19,3159.06,No
4449-WTCGL,Female,1,No,Yes,61,Yes,No,No,No internet service,No internet service,No internet service,No internet service,No internet service,No internet service,One year,Yes,Mailed check,18.25,1117.87,No
5357-DJDNJ,Female,0,No,Yes,42,Yes,Yes,DSL,Yes,Yes,No,No,No,Yes,Month-to-month,No,Mailed check,54.71,2299.09,No
4939-NCDGW,Male,0,Yes,No,54,Yes,No,DSL,Yes,Yes,No,Yes,No,No,Month-to-month,Yes,Electronic check,62.49,3374.96,No
2617-YZDET,Female,0,Yes,No,39,No,No phone service,Fiber optic,Yes,No,No,No,Yes,Yes,Two year,Yes,Bank transfer (automatic),84.61,3308.09,No
6944-AQZGN,Male,1,No,Yes,11,Yes,No,Fiber optic,No,No,Yes,No,No,Yes,Month-to-month,Yes,Mailed check,82.74,921.77,Yes
3218-EWZTV,Female,0,Yes,Yes,64,Yes,Yes,Fiber optic,No,No,No,No,Yes,No,Month-to-month,Yes,Electronic check,79.04,5051.6,No
8969-NWMED,Male,0,Yes,No,33,Yes,No,DSL,No,Yes,No,No,No,Yes,One year,No,Electronic check,60.99,2014.41,Yes
7183-LSZMR,Female,0,No,No,22,Yes,Yes,Fiber optic,No,Yes,No,Yes,No,No,Two year,Yes,Bank transfer (automatic),85.17,1864.36,No
2417-SWFQB,Male,1,No,No,70,Yes,No,DSL,Yes,No,Yes,No,Yes,Yes,Month-to-month,No,Electronic check,61.15,4288.38,No
3164-EFHVM,Male,0,Yes,No,6,Yes,No,Fiber optic,Yes,No,No,Yes,No,No,Month-to-month,Yes,Bank transfer (automatic),78.17,469.61,Yes
5807-BZNFV,Male,0,No,No,64,Yes,Yes,Fiber optic,No,Yes,No,No,Yes,No,Month-to-month,No,Electronic check,81.45,5212.74,No
4274-UDPTM,Female,0,No,No,17,Yes,Yes,No,No internet service,No internet service,No internet service,No internet service,No internet service,No internet service,Month-to-month,Yes,Bank transfer (automatic),18.25,310.05,No
1177-GRNBD,Female,0,Yes,No,7,Yes,Yes,DSL,Yes,Yes,No,Yes,Yes,Yes,Two year,No,Mailed check,84.44,573.82,No
6378-GPGSB,Female,0,No,Yes,41,No,No phone service,Fiber optic,No,No,Yes,No,No,Yes,Month-to-month,Yes,Electronic check,82.83,3384.26,No
7689-FJRPY,Male,0,No,No,0,Yes,No,No,No internet service,No internet service,No internet service,No internet service,No internet service,No internet service,One year,Yes,Bank transfer (automatic),18.25, ,No
6304-VEFPJ,Female,0,No,No,14,No,No phone service,No,No internet service,No internet service,No internet service,No internet service,No internet service,No internet service,Month-to-month,No,Bank transfer (automatic),20.96,306.71,No
2796-UUEMA,Male,0,No,No,27,Yes,No,No,No internet service,No internet service,No internet service,No internet service,No internet service,No internet service,Month-to-month,Yes,Bank transfer (automatic),18.62,511.22,No
3134-VFZSE,Female,0,No,No,35,Yes,Yes,DSL,No,No,No,No,No,Yes,Two year,No,Credit card (automatic),46.13,1614.35,No
8651-RNPGL,Male,0,Yes,No,45,Yes,Yes,Fiber optic,No,No,Yes,Yes,No,Yes,Month-to-month,Yes,Mailed check,88.34,3959.04,Yes
8028-ZKZTK,Male,0,Yes,No,20,Yes,Yes,DSL,No,No,No,Yes,No,No,Month-to-month,No,Credit card (automatic),54.6,1082.01,No
6966-PLXDX,Male,0,Yes,No,48,Yes,Yes,No,No internet service,No internet service,No internet service,No internet service,No internet service,No internet service,Month-to-month,Yes,Electronic check,18.25,875.85,Yes
3559-PPKLW,Female,0,No,No,38,Yes,Yes,DSL,No,No,Yes,No,Yes,Yes,One year,No,Credit card (automatic),67.07,2558.51,No
6241-SSKTZ,Female,0,No,No,37,Yes,No,No,No internet service,No internet service,No internet service,No internet service,No internet service,No internet service,One year,No,Mailed check,18.25,689.28,No
4189-RDKSD,Female,0,Yes,No,8,Yes,No,Fiber optic,Yes,No,No,No,Yes,No,One year,Yes,Mailed check,82.12,650.5,Yes
2909-NLMEA,Male,1,Yes,Yes,19,Yes,No,No,No internet service,No internet service,No internet service,No internet service,No internet service,No internet service,Month-to-month,No,Credit card (automatic),24.88,470.56,No
3045-SXZYK,Male,0,Yes,No,7,Yes,No,DSL,No,Yes,Yes,No,Yes,No,One year,Yes,Bank transfer (automatic),65.86,442.97,No
8370-CRVCK,Female,0,Yes,No,13,Yes,No,Fiber optic,Yes,Yes,Yes,No,Yes,No,Month-to-month,Yes,Mailed check,95.81,1229.09,No
1737-VYBDR,Female,0,Yes,No,61,No,No phone service,DSL,No,No,No,No,Yes,No,One year,Yes,Mailed check,49.15,2980.51,No
5802-NSCRQ,Female,0,Yes,Yes,34,Yes,No,Fiber optic,No,No,No,No,No,Yes,One year,Yes,Bank transfer (automatic),74.56,2532.17,No
8861-MRLYN,Male,0,No,No,54,Yes,No,No,No internet service,No internet service,No internet service,No internet service,No internet service,No internet service,Month-to-month,No,Electronic check,18.25,987.67,No
8819-ELVCC,Male,0,Yes,Yes,44,Yes,No,Fiber optic,Yes,No,Yes,No,No,No,Month-to-month,No,Electronic check,81.41,3593.48,No
4289-UFGGL,Male,0,No,No,20,Yes,No,Fiber optic,No,No,No,Yes,No,No,One year,No,Electronic check,79.47,1599.73,No
5065-FZQSQ,Male,0,No,No,52,Yes,No,DSL,No,No,No,Yes,Yes,Yes,One year,Yes,Mailed check,66.67,3467.41,No
4306-AVBUB,Male,0,No,No,53,Yes,No,Fiber optic,No,Yes,Yes,No,No,No,Two year,Yes,Electronic check,81.26,4300.83,No
1108-UXGQR,Female,0,Yes,Yes,42,Yes,Yes,Fiber optic,Yes,No,No,Yes,Yes,No,Month-to-month,No,Credit card (automatic),96.36,4042.32,No
6697-WZEMR,Male,0,No,No,5,Yes,No,Fiber optic,No,No,Yes,Yes,No,No,Month-to-month,No,Electronic check,84.81,419.96,No
9452-EKCHH,Male,0,No,Yes,54,Yes,Yes,DSL,No,Yes,Yes,No,Yes,Yes,Two year,No,Bank transfer (automatic),68.32,3686.7,No
1023-VANQQ,Male,1,Yes,No,43,Yes,Yes,Fiber optic,No,Yes,No,Yes,Yes,No,Month-to-month,Yes,Electronic check,88.55,3808.72,Yes
4050-RPWJK,Male,0,Yes,No,67,No,No phone service,Fiber optic,No,No,Yes,No,No,No,Month-to-month,Yes,Bank transfer (automatic),77.72,5210.74,Yes
9852-DQJJM,Male,0,Yes,No,3,No,No phone service,No,No internet service,No internet service,No internet service,No internet service,No internet service,No internet service,Month-to-month,No,Mailed check,21.65,67.11,Yes
4350-WKUZR,Female,0,No,No,62,Yes,No,Fiber optic,No,No,Yes,Yes,No,Yes,One year,Yes,Mailed check,84.85,5254.79,No
2076-GCNTU,Male,0,No,No,57,Yes,No,Fiber optic,No,Yes,Yes,No,Yes,No,Two year,Yes,Mailed check,90.98,5202.39,No
9298-BQZUP,Male,0,Yes,No,53,Yes,Yes,No,No internet service,No internet service,No internet service,No internet service,No internet service,No internet service,One year,Yes,Electronic check,18.25,956.62,No
9950-QZRTR,Male,0,Yes,No,37,Yes,No,DSL,No,Yes,No,Yes,No,No,Month-to-month,Yes,Electronic check,57.04,2087.62,No
6337-GZXKX,Female,0,No,No,59,No,No phone service,DSL,Yes,Yes,No,No,No,No,Two year,No,Mailed check,54.88,3258.32,No
5443-AHTMY,Female,0,No,No,51,Yes,No,No,No internet service,No internet service,No internet service,No internet service,No internet service,No internet service,One year,No,Bank transfer (automatic),18.69,965.39,No
1308-DXLML,Female,1,No,Yes,28,Yes,No,Fiber optic,No,No,Yes,Yes,No,No,Two year,Yes,Electronic check,79.85,2262.14,No
3374-TWAWF,Male,0,No,No,39,Yes,No,DSL,Yes,No,Yes,No,No,Yes,Month-to-month,Yes,Credit card (automatic),50.88,1998.68,No
9481-GBTXH,Female,1,No,No,70,Yes,No,Fiber optic,Yes,No,No,No,No,Yes,Month-to-month,Yes,Credit card (automatic),89.55,6290.82,Yes
6152-XRJPX,Male,0,No,No,7,Yes,Yes,Fiber optic,Yes,No,No,Yes,Yes,No,Month-to-month,No,Electronic check,82.96,576.51,Yes
3176-TFCTE,Male,0,Yes,No,34,Yes,No,Fiber optic,Yes,No,No,No,Yes,Yes,Two year,No,Electronic check,92.5,3138.59,No
7790-TAERY,Female,0,Yes,No,15,Yes,No,Fiber optic,No,No,Yes,No,No,No,Month-to-month,Yes,Electronic check,73.68,1100.21,No
6773-KZCNE,Male,0,No,No,17,Yes,Yes,Fiber optic,Yes,Yes,Yes,Yes,No,Yes,Two year,Yes,Mailed check,108.82,1842.04,No
3697-KCVAH,Male,1,Yes,No,58,Yes,No,No,No internet service,No internet service,No internet service,No internet service,No internet service,No internet service,Month-to-month,No,Credit card (automatic),19.93,1149.38,No
9860-YKYHZ,Male,0,Yes,No,33,Yes,No,DSL,No,Yes,Yes,No,No,Yes,Month-to-month,No,Bank transfer (automatic),65.64,2154.6,Yes
3918-UXABG,Female,0,No,No,3,Yes,Yes,Fiber optic,No,Yes,Yes,Yes,No,No,Month-to-month,No,Credit card (automatic),88.14,261.23,Yes
9819-RPANG,Male,1,No,No,68,Yes,No,Fiber optic,No,Yes,Yes,No,Yes,Yes,Month-to-month,No,Electronic check,95.3,6507.18,No
6849-BWUCB,Male,0,No,No,64,No,No phone service,DSL,No,No,Yes,Yes,No,No,Month-to-month,Yes,Bank transfer (automatic),57.79,3684.59,No
2799-VHLAD,Female,0,No,No,60,Yes,Yes,No,No internet service,No internet service,No internet service,No internet service,No internet service,No internet service,Month-to-month,Yes,Mailed check,18.25,1107.74,No
6239-HFVJV,Male,0,No,No,45,Yes,No,Fiber optic,No,No,Yes,No,No,Yes,Month-to-month,Yes,Bank transfer (automatic),76.31,3432.67,No
4901-ZTCPL,Male,0,Yes,No,20,No,No phone service,DSL,No,Yes,Yes,No,No,No,Month-to-month,No,Bank transfer (automatic),58.75,1169.16,No
6091-HEEUZ,Female,0,No,No,37,Yes,No,Fiber optic,Yes,Yes,No,No,No,No,One year,Yes,Electronic check,79.67,2944.03,No
9089-VFUZB,Male,0,Yes,No,72,Yes,No,No,No internet service,No internet service,No internet service,No internet service,No internet service,No internet service,One year,Yes,Electronic check,23.31,1658.76,No
3389-MHKBE,Male,0,Yes,No,59,No,No phone service,No,No internet service,No internet service,No internet service,No internet service,No internet service,No internet service,Month-to-month,Yes,Electronic check,24.46,1458.1,Yes
8408-HZYBB,Male,0,Yes,No,35,Yes,No,Fiber optic,No,No,No,No,No,No,Two year,Yes,Electronic check,66.35,2318.17,No
8111-VXLEN,Male,0,No,No,5,Yes,Yes,Fiber optic,No,No,No,No,No,No,Month-to-month,Yes,Bank transfer (automatic),65.31,314.7,Yes
3164-XTGEB,Male,1,Yes,No,38,Yes,No,Fiber optic,Yes,No,Yes,Yes,No,Yes,Month-to-month,No,Bank transfer (automatic),93.5,3555.41,No
6311-VKCMG,Female,0,No,No,28,Yes,Yes,DSL,Yes,No,No,Yes,No,Yes,Two year,No,Electronic check,66.63,1873.87,No
8070-DGCUM,Female,0,Yes,Yes,26,Yes,No,Fiber optic,No,Yes,No,No,Yes,No,Month-to-month,Yes,Credit card (automatic),81.82,2127.53,Yes
7776-JTWAS,Female,0,Yes,No,68,Yes,No,No,No internet service,No internet service,No internet service,No internet service,No internet service,No internet service,Month-to-month,Yes,Bank transfer (automatic),18.25,1246.2,No
8049-VAGCT,Female,0,No,Yes,8,Yes,Yes,Fiber optic,No,Yes,Yes,No,No,No,Two year,Yes,Credit card (automatic),82.95,650.1,No
3410-PYAAU,Male,0,No,No,23,Yes,Yes,Fiber optic,No,No,No,No,No,No,Month-to-month,Yes,Bank transfer (automatic),70.77,1624.96,Yes
1211-UUJLN,Male,0,Yes,No,62,Yes,No,No,No internet service,No internet service,No internet service,No internet service,No internet service,No internet service,One year,No,Bank transfer (automatic),22.47,1379.84,No
5482-DSZSA,Male,1,No,No,18,Yes,No,DSL,No,Yes,No,Yes,Yes,Yes,Two year,No,Credit card (automatic),67.04,1206.82,No
6100-MFSMK,Male,0,No,No,29,Yes,Yes,DSL,No,No,Yes,No,No,No,One year,Yes,Credit card (automatic),48.53,1408.4,No
6211-QGTUE,Male,0,No,No,57,No,No phone service,DSL,No,No,No,No,Yes,No,Month-to-month,Yes,Electronic check,47.66,2710.76,No
4154-DRTSH,Female,0,No,Yes,39,Yes,No,Fiber optic,No,No,No,Yes,No,Yes,Two year,No,Bank transfer (automatic),78.18,3066.79,Yes
7639-DWQNH,Female,0,Yes,No,67,Yes,No,No,No internet service,No internet service,No internet service,No internet service,No internet service,No internet service,Month-to-month,No,Mailed check,18.25,1219.62,No
4801-FSFGJ,Male,0,No,No,31,No,No phone service,Fiber optic,Yes,No,Yes,Yes,No,Yes,One year,No,Electronic check,100.14,3109.08,No
3134-RNULA,Male,0,Yes,No,64,Yes,No,DSL,No,Yes,Yes,Yes,No,Yes,One year,No,Electronic check,69.81,4480.76,Yes
5875-ARATF,Male,0,Yes,No,33,Yes,No,DSL,Yes,No,Yes,No,No,Yes,One year,No,Electronic check,65.47,2151.66,No
6026-QJQBA,Female,1,No,No,30,Yes,No,No,No internet service,No internet service,No internet service,No internet service,No internet service,No internet service,Month-to-month,Yes,Credit card (automatic),18.81,572.64,No
8083-LWNYX,Male,0,Yes,No,58,Yes,Yes,Fiber optic,No,No,No,Yes,Yes,No,Two year,Yes,Electronic check,76.58,4448.58,No
6211-ARKBR,Male,0,Yes,No,25,Yes,No,No,No internet service,No internet service,No internet service,No internet service,No internet service,No internet service,Month-to-month,No,Credit card (automatic),21.36,536.48,No
5283-HVBLT,Male,0,No,Yes,21,No,No phone service,No,No internet service,No internet service,No internet service,No internet service,No internet service,No internet service,Month-to-month,No,Credit card (automatic),23.0,491.63,No
4741-WVDJG,Female,0,No,No,33,No,No phone service,Fiber optic,No,No,No,No,No,No,Month-to-month,Yes,Mailed check,68.63,2256.43,Yes
6593-LRLGM,Male,0,No,Yes,12,Yes,No,Fiber optic,No,Yes,Yes,No,No,No,Two year,No,Bank transfer (automatic),79.89,968.02,No
6038-KDRPZ,Female,0,No,No,54,Yes,No,Fiber optic,No,No,No,No,No,Yes,Month-to-month,Yes,Mailed check,78.71,4254.67,No
8281-ALFVZ,Female,0,Yes,No,7,Yes,Yes,Fiber optic,Yes,No,Yes,No,Yes,Yes,Month-to-month,No,Electronic check,101.86,720.14,Yes
1059-HFTWP,Female,0,No,Yes,61,Yes,Yes,DSL,No,Yes,No,Yes,No,No,One year,Yes,Bank transfer (automatic),53.02,3231.51,No
6568-UVKET,Female,0,No,No,21,No,No phone service,DSL,No,Yes,No,No,Yes,No,Two year,Yes,Mailed check,55.25,1154.36,No
7735-JHJKJ,Female,0,Yes,No,55,Yes,Yes,Fiber optic,No,Yes,Yes,No,No,Yes,Month-to-month,No,Credit card (automatic),98.5,5406.2,No
6372-ENFCE,Female,0,Yes,Yes,20,Yes,Yes,No,No internet service,No internet service,No internet service,No internet service,No internet service,No internet service,One year,Yes,Credit card (automatic),19.42,386.52,No
8528-EAFFA,Male,0,Yes,Yes,48,Yes,No,Fiber optic,No,No,Yes,No,No,No,Month-to-month,Yes,Credit card (automatic),78.23,3750.82,No
2997-XQCSV,Male,0,No,Yes,5,Yes,No,DSL,Yes,No,Yes,Yes,Yes,No,Month-to-month,Yes,Bank transfer (automatic),74.36,363.92,Yes
5144-CNPMA,Male,0,Yes,Yes,34,Yes,No,No,No internet service,No internet service,No internet service,No internet service,No internet service,No internet service,Month-to-month,Yes,Mailed check,20.91,724.66,No
7850-NLLVC,Female,0,No,Yes,26,Yes,No,Fiber optic,Yes,No,No,No,No,Yes,One year,No,Mailed check,88.2,2301.14,Yes
8700-CMMLK,Male,0,Yes,No,39,Yes,No,Fiber optic,No,No,Yes,No,Yes,Yes,Month-to-month,No,Mailed check,83.76,3278.42,No
9717-KJDZU,Female,0,Yes,No,13,Yes,Yes,Fiber optic,No,No,Yes,No,Yes,Yes,Two year,No,Bank transfer (automatic),90.36,1166.65,Yes
1755-HHBMU,Female,0,Yes,No,51,Yes,No,No,No internet service,No internet service,No internet service,No internet service,No internet service,No internet service,Two year,Yes,Electronic check,19.91,1022.99,No
8600-YGYQT,Female,0,Yes,No,39,Yes,No,Fiber optic,Yes,No,No,Yes,Yes,Yes,Month-to-month,No,Credit card (automatic),87.16,3392.76,No
6189-GVACY,Male,0,Yes,No,42,Yes,No,DSL,No,Yes,Yes,No,No,Yes,Month-to-month,No,Electronic check,61.92,2595.08,No
1495-JMEVW,Female,0,Yes,No,57,Yes,No,DSL,Yes,No,No,No,No,Yes,Month-to-month,Yes,Bank transfer (automatic),60.33,3441.67,No
1842-AKZRQ,Female,0,Yes,No,2,Yes,Yes,DSL,Yes,Yes,No,No,No,No,Two year,No,Electronic check,58.02,121.23,Yes
9849-EYKVA,Male,0,No,No,14,Yes,No,No,No internet service,No internet service,No internet service,No internet service,No internet service,No internet service,Month-to-month,No,Credit card (automatic),19.6,267.26,No
9209-SMAGW,Male,0,No,No,44,Yes,No,Fiber optic,No,Yes,No,Yes,Yes,No,Month-to-month,No,Bank transfer (automatic),88.74,3902.93,No
3528-VJCKQ,Female,0,No,No,10,Yes,Yes,No,No internet service,No internet service,No internet service,No internet service,No internet service,No internet service,Month-to-month,Yes,Bank transfer (automatic),19.62,185.4,No
5087-KUWVH,Female,0,No,No,38,Yes,No,DSL,No,No,No,No,Yes,Yes,One year,Yes,Bank transfer (automatic),51.92,1975.78,No
7597-VNJAR,Male,0,No,Yes,18,Yes,No,DSL,Yes,No,Yes,No,Yes,No,Month-to-month,Yes,Electronic check,63.64,1129.78,Yes
8102-BZKSD,Male,0,No,No,19,Yes,No,Fiber optic,Yes,No,No,No,Yes,No,One year,No,Electronic check,83.35,1587.7,No
8573-PQMNQ,Male,0,Yes,No,70,Yes,Yes,DSL,No,No,No,No,No,No,Month-to-month,No,Mailed check,47.17,3309.18,Yes
4680-QBWFU,Female,0,No,No,55,Yes,No,Fiber optic,No,No,No,No,No,No,Month-to-month,Yes,Electronic check,67.98,3731.27,No
2779-LUASZ,Male,0,No,Yes,3,Yes,Yes,Fiber optic,No,No,No,No,No,Yes,Two year,No,Electronic check,76.8,227.44,Yes
8109-JZDYT,Male,0,No,Yes,8,Yes,Yes,DSL,No,No,No,No,No,Yes,One year,Yes,Electronic check,55.92,444.82,No
9829-YJMEN,Male,0,No,No,24,Yes,No,No,No internet service,No internet service,No internet service,No internet service,No internet service,No internet service,One year,Yes,Mailed check,18.25,443.81,No
3278-SXFFE,Female,0,Yes,Yes,46,Yes,No,Fiber optic,No,Yes,Yes,Yes,No,No,Month-to-month,Yes,Electronic check,86.58,3968.84,No
7664-BZZBF,Male,0,No,No,48,Yes,No,Fiber optic,No,No,No,Yes,Yes,No,Month-to-month,No,Bank transfer (automatic),76.1,3638.1,No
5329-KFSUD,Male,0,Yes,No,26,Yes,No,Fiber optic,No,No,Yes,No,No,No,Two year,No,Electronic check,76.01,1971.6,No
6884-VRUSW,Male,0,Yes,No,27,No,No phone service,Fiber optic,Yes,No,Yes,No,No,Yes,Month-to-month,Yes,Credit card (automatic),83.51,2284.41,No
2142-GVZFE,Male,0,Yes,Yes,61,Yes,No,DSL,No,No,No,Yes,Yes,No,Month-to-month,No,Mailed check,58.75,3591.89,No
6793-CXDPS,Male,0,Yes,No,15,Yes,No,DSL,No,No,No,No,Yes,Yes,Month-to-month,Yes,Mailed check,51.99,790.25,No
5828-NHBQM,Female,0,Yes,Yes,45,Yes,Yes,Fiber optic,No,Yes,Yes,Yes,Yes,No,Month-to-month,No,Electronic check,100.7,4525.88,No
3488-PPLYU,Female,0,Yes,No,45,Yes,No,DSL,No,Yes,No,No,No,Yes,Month-to-month,Yes,Mailed check,54.27,2442.64,No
9759-WPHAB,Female,0,No,No,39,Yes,Yes,No,No internet service,No internet service,No internet service,No internet service,No internet service,No internet service,One year,Yes,Credit card (automatic),18.25,713.28,No
2239-SRLSN,Male,1,Yes,No,33,Yes,Yes,DSL,No,Yes,No,No,Yes,No,Two year,Yes,Bank transfer (automatic),64.17,2143.75,No
1738-QPCWM,Female,1,No,No,9,Yes,Yes,Fiber optic,Yes,Yes,Yes,No,No,No,Two year,Yes,Credit card (automatic),89.71,808.69,No
4370-CCGKM,Female,0,No,No,0,Yes,No,DSL,No,Yes,No,No,No,No,Month-to-month,No,Credit card (automatic),49.98, ,No
4578-JABQG,Female,1,No,No,65,Yes,Yes,Fiber optic,No,No,No,Yes,No,Yes,Month-to-month,Yes,Bank transfer (automatic),79.17,5146.47,No
6608-RDNEW,Male,0,Yes,Yes,16,Yes,Yes,DSL,No,No,No,No,No,Yes,Month-to-month,Yes,Electronic check,55.4,881.46,Yes
3706-HTNWV,Male,0,No,No,46,Yes,No,No,No internet service,No internet service,No internet service,No internet service,No internet service,No internet service,One year,No,Electronic check,23.13,1073.63,No
8189-ZZFSG,Female,0,Yes,Yes,23,Yes,No,DSL,Yes,No,No,Yes,Yes,No,One year,No,Bank transfer (automatic),63.76,1458.56,No
9804-YMMRP,Female,0,Yes,No,49,Yes,No,No,No internet service,No internet service,No internet service,No internet service,No internet service,No internet service,Two year,Yes,Bank transfer (automatic),23.0,1129.15,No
1948-JLYTU,Male,0,No,No,28,Yes,No,DSL,No,Yes,No,Yes,No,No,Month-to-month,Yes,Bank transfer (automatic),50.98,1433.99,No
4271-QWZHX,Male,1,No,Yes,71,Yes,No,Fiber optic,Yes,Yes,No,Yes,Yes,No,Month-to-month,No,Bank transfer (automatic),90.98,6448.36,No
1654-AWNBU,Female,0,No,No,12,Yes,No,Fiber optic,Yes,No,No,Yes,Yes,Yes,Month-to-month,No,Credit card (automatic),87.1,1055.62,No
7107-WHVDQ,Male,0,Yes,Yes,63,Yes,Yes,Fiber optic,Yes,Yes,No,No,No,No,Two year,No,Mailed check,84.16,5316.67,No
8623-QRCCP,Female,0,Yes,Yes,27,Yes,No,Fiber optic,No,No,Yes,No,No,No,Month-to-month,Yes,Bank transfer (automatic),75.57,2040.08,No
2964-SZNXP,Male,0,Yes,No,4,Yes,Yes,No,No internet service,No internet service,No internet service,No internet service,No internet service,No internet service,Month-to-month,No,Electronic check,19.29,83.59,Yes
8595-BFSHC,Female,0,No,No,8,Yes,No,Fiber optic,No,No,Yes,Yes,No,Yes,Month-to-month,Yes,Mailed check,81.49,659.02,Yes
1632-GDBNP,Female,0,Yes,Yes,13,No,No phone service,DSL,Yes,Yes,No,No,Yes,No,Month-to-month,Yes,Electronic check,59.04,758.66,Yes
2269-VQTJB,Male,0,No,No,9,No,No phone service,Fiber optic,Yes,No,Yes,No,No,Yes,Month-to-month,No,Credit card (automatic),88.55,814.48,No
7556-CDNMJ,Female,0,Yes,No,32,Yes,No,No,No internet service,No internet service,No internet service,No internet service,No internet service,No internet service,Month-to-month,No,Electronic check,20.15,641.46,Yes
8157-HSRXQ,Female,0,Yes,No,39,Yes,No,Fiber optic,No,Yes,Yes,No,Yes,No,One year,Yes,Electronic check,96.98,3781.21,No
1274-MHCEA,Female,0,Yes,No,5,Yes,No,DSL,No,No,No,No,No,No,Month-to-month,Yes,Electronic check,48.02,243.02,Yes
5724-VPVDA,Male,1,Yes,Yes,16,No,No phone service,Fiber optic,Yes,Yes,No,No,No,No,One year,No,Bank transfer (automatic),83.89,1347.21,Yes
6020-ALPME,Male,0,No,Yes,35,Yes,No,Fiber optic,Yes,No,No,Yes,No,No,Two year,No,Electronic check,84.91,2966.28,No
3212-TNYZQ,Male,0,No,Yes,69,Yes,Yes,DSL,No,No,Yes,No,No,Yes,Month-to-month,Yes,Electronic check,63.67,4391.88,No
1046-SAWVF,Female,0,Yes,Yes,60,Yes,No,Fiber optic,No,No,Yes,Yes,No,Yes,Month-to-month,Yes,Bank transfer (automatic),93.78,5634.65,Yes
2201-VXFGP,Male,0,Yes,Yes,48,Yes,No,DSL,No,Yes,No,No,No,Yes,Month-to-month,Yes,Mailed check,55.89,2671.31,No
9791-DJUQQ,Female,1,No,No,68,Yes,No,DSL,No,No,No,No,Yes,No,One year,Yes,Credit card (automatic),54.29,3699.94,No
1415-RXTTD,Female,0,No,No,70,No,No phone service,No,No internet service,No internet service,No internet service,No internet service,No internet service,No internet service,Month-to-month,No,Credit card (automatic),18.25,1290.15,No
2204-SDRNA,Male,0,No,No,23,Yes,No,Fiber optic,No,No,No,Yes,Yes,No,Month-to-month,Yes,Mailed check,80.17,1841.69,No
7192-XHBSL,Male,0,Yes,No,50,Yes,No,DSL,No,No,No,Yes,Yes,Yes,Month-to-month,Yes,Electronic check,58.49,2930.78,No
3816-RVJAB,Female,1,Yes,Yes,41,Yes,No,DSL,No,No,Yes,No,No,No,Month-to-month,Yes,Mailed check,55.26,2270.32,No
2156-TRXXE,Female,0,Yes,Yes,18,Yes,Yes,DSL,No,Yes,Yes,Yes,No,Yes,One year,No,Credit card (automatic),68.92,1247.4,No
6221-TGJUM,Male,0,Yes,No,61,Yes,No,No,No internet service,No internet service,No internet service,No internet service,No internet service,No internet service,Month-to-month,Yes,Bank transfer (automatic),20.72,1281.81,Yes
7496-TTTYL,Male,0,No,Yes,66,Yes,No,Fiber optic,No,No,No,No,Yes,Yes,One year,Yes,Credit card (automatic),83.13,5469.49,No
1133-JCUEX,Male,0,Yes,No,29,Yes,Yes,DSL,No,Yes,No,No,Yes,No,Two year,Yes,Mailed check,61.04,1760.25,No
7810-SAQSB,Female,0,No,No,37,Yes,No,No,No internet service,No internet service,No internet service,No internet service,No internet service,No internet service,Two year,Yes,Electronic check,20.24,737.49,No
6772-SUYJD,Female,0,Yes,No,5,Yes,Yes,Fiber optic,No,Yes,Yes,No,No,Yes,Month-to-month,Yes,Credit card (automatic),91.36,445.59,Yes
6469-DCJVM,Female,0,No,No,21,Yes,Yes,Fiber optic,No,Yes,Yes,No,No,No,Month-to-month,No,Electronic check,86.76,1823.34,Yes
3534-LZHBU,Female,0,Yes,Yes,10,Yes,Yes,DSL,Yes,No,No,No,No,Yes,Month-to-month,Yes,Electronic check,57.32,572.85,No
1000-VPBXH,Female,0,Yes,No,71,Yes,Yes,Fiber optic,Yes,No,Yes,Yes,No,No,Month-to-month,Yes,Electronic check,81.92,5817.9,No
7818-PQGPU,Male,0,No,No,28,Yes,No,No,No internet service,No internet service,No internet service,No internet service,No internet service,No internet service,Two year,Yes,Electronic check,21.09,572.23,No
4801-ARGWX,Male,0,Yes,No,7,Yes,No,Fiber optic,No,No,No,No,No,Yes,Month-to-month,Yes,Mailed check,71.99,498.82,Yes
5083-MCTGL,Female,0,Yes,No,34,Yes,No,Fiber optic,No,Yes,Yes,Yes,Yes,Yes,Month-to-month,No,Credit card (automatic),103.87,3546.26,Yes
9344-KDKGK,Female,0,Yes,Yes,71,Yes,No,DSL,Yes,No,Yes,Yes,No,No,Month-to-month,Yes,Electronic check,53.03,3765.48,No
8144-HDFEK,Male,0,No,No,71,Yes,No,No,No internet service,No internet service,No internet service,No internet service,No internet service,No internet service,One year,Yes,Bank transfer (automatic),21.43,1524.77,No
4837-QKZEU,Male,0,No,No,44,Yes,Yes,No,No internet service,No internet service,No internet service,No internet service,No internet service,No internet service,Month-to-month,No,Electronic check,18.25,809.13,No
2207-KXXHM,Male,0,No,No,32,Yes,No,Fiber optic,No,Yes,No,Yes,Yes,No,Two year,Yes,Electronic check,80.42,2570.47,No
5889-WJRXB,Male,0,No,No,4,Yes,No,Fiber optic,Yes,No,No,No,No,No,Month-to-month,Yes,Electronic check,77.77,304.33,Yes
3926-RPECR,Female,0,No,Yes,61,No,No phone service,Fiber optic,No,Yes,No,No,Yes,Yes,Two year,Yes,Mailed check,88.03,5369.01,No
1319-FGLXZ,Male,0,No,Yes,36,Yes,Yes,No,No internet service,No internet service,No internet service,No internet service,No internet service,No internet service,Month-to-month,No,Credit card (automatic),19.37,703.23,No
7998-TMZGX,Female,0,No,No,16,Yes,No,Fiber optic,Yes,Yes,No,Yes,Yes,Yes,Month-to-month,Yes,Bank transfer (automatic),93.25,1495.01,Yes
6148-TWLNA,Male,0,No,No,21,Yes,No,DSL,No,No,No,No,Yes,Yes,Two year,Yes,Credit card (automatic),45.48,961.26,No
5122-MKSVC,Male,0,Yes,No,31,Yes,Yes,DSL,No,No,Yes,Yes,No,Yes,Month-to-month,Yes,Credit card (automatic),57.46,1774.09,No
2471-STNTW,Male,1,No,No,13,Yes,No,No,No internet service,No internet service,No internet service,No internet service,No internet service,No internet service,Two year,No,Electronic check,19.82,260.64,No
3587-PHSEP,Female,0,No,No,19,Yes,Yes,No,No internet service,No internet service,No internet service,No internet service,No internet service,No internet service,Month-to-month,Yes,Mailed check,19.47,376.21,No
9258-XHEKH,Female,0,Yes,No,21,Yes,No,Fiber optic,No,Yes,Yes,No,No,No,One year,Yes,Bank transfer (automatic),78.72,1651.41,No
4069-TYQWP,Male,0,Yes,No,29,Yes,No,DSL,No,No,Yes,No,No,Yes,Month-to-month,No,Credit card (automatic),58.31,1682.93,Yes
6555-DYFRR,Female,0,Yes,No,53,Yes,No,Fiber optic,No,Yes,No,Yes,No,Yes,One year,Yes,Bank transfer (automatic),90.23,4793.05,No
8013-HCDPE,Female,0,Yes,Yes,32,Yes,No,Fiber optic,No,No,Yes,No,No,Yes,Month-to-month,Yes,Credit card (automatic),78.88,2514.97,No
2924-LSEGH,Male,1,Yes,No,4,Yes,Yes,DSL,Yes,Yes,No,No,No,Yes,One year,Yes,Mailed check,68.58,288.02,No
9537-MGYEZ,Male,0,Yes,No,17,Yes,No,No,No internet service,No internet service,No internet service,No internet service,No internet service,No internet service,Two year,Yes,Bank transfer (automatic),18.25,309.94,Yes
4119-PVHBW,Female,0,Yes,Yes,62,Yes,Yes,Fiber optic,Yes,No,Yes,No,No,No,Month-to-month,Yes,Mailed check,88.64,5486.56,No
3864-PFTNC,Female,0,No,No,45,Yes,Yes,Fiber optic,No,Yes,No,No,Yes,Yes,Month-to-month,No,Electronic check,86.98,3910.41,Yes
5240-XYFQF,Female,0,Yes,No,6,Yes,No,Fiber optic,No,No,Yes,Yes,No,No,One year,No,Electronic check,82.08,481.91,No
5859-FGMHU,Male,0,Yes,No,28,Yes,Yes,Fiber optic,No,No,No,No,Yes,No,Month-to-month,Yes,Credit card (automatic),78.4,2174.95,Yes
2628-ZGBSP,Male,0,Yes,No,56,Yes,No,DSL,No,Yes,No,No,No,Yes,Month-to-month,Yes,Electronic check,58.75,3274.99,No
2593-RRXUG,Female,0,No,No,46,Yes,No,Fiber optic,No,No,No,No,No,No,Month-to-month,Yes,Credit card (automatic),63.1,2891.84,No
6376-UYBKZ,Male,1,Yes,No,8,Yes,Yes,DSL,No,Yes,No,Yes,No,No,Month-to-month,Yes,Mailed check,60.98,512.16,Yes
8970-HZQDH,Male,0,Yes,No,58,Yes,Yes,No,No internet service,No internet service,No internet service,No internet service,No internet service,No internet service,Two year,Yes,Mailed check,20.32,1181.91,No
9707-BGSBU,Female,0,No,Yes,70,Yes,No,No,No internet service,No internet service,No internet service,No internet service,No internet service,No internet service,Two year,No,Electronic check,18.25,1270.73,No
1844-TMJGC,Female,1,Yes,No,70,Yes,Yes,DSL,Yes,Yes,Yes,No,No,No,One year,No,Electronic check,61.6,4329.86,No
9441-QZVLM,Male,0,Yes,No,42,Yes,No,DSL,No,Yes,Yes,No,Yes,Yes,Month-to-month,No,Bank transfer (automatic),65.63,2744.69,Yes
6032-PSVXY,Male,0,Yes,No,58,Yes,Yes,Fiber optic,No,Yes,Yes,No,No,No,Month-to-month,Yes,Mailed check,85.52,4965.45,Yes
2367-AVHZJ,Female,0,No,Yes,5,Yes,Yes,Fiber optic,No,No,No,No,No,Yes,Month-to-month,Yes,Electronic check,76.95,381.62,Yes
4235-HKTGR,Male,0,No,No,52,Yes,No,No,No internet service,No internet service,No internet service,No internet service,No internet service,No internet service,Two year,Yes,Electronic check,30.44,1583.95,No
7321-ZYZBU,Male,0,No,No,63,Yes,No,Fiber optic,No,No,Yes,Yes,Yes,Yes,One year,Yes,Electronic check,98.43,6199.22,No
1427-VSYMY,Female,0,Yes,No,3,Yes,No,No,No internet service,No internet service,No internet service,No internet service,No internet service,No internet service,Month-to-month,Yes,Credit card (automatic),18.25,52.78,No
5048-PPHXA,Female,0,No,No,0,Yes,No,DSL,Yes,Yes,Yes,No,Yes,No,Month-to-month,No,Bank transfer (automatic),67.34, ,Yes
6135-ECXDY,Male,0,Yes,Yes,69,Yes,No,Fiber optic,No,No,No,Yes,Yes,Yes,Two year,No,Electronic check,94.91,6558.35,No
5771-BWXDV,Male,1,Yes,No,30,Yes,No,Fiber optic,No,No,No,No,Yes,No,Month-to-month,No,Bank transfer (automatic),80.51,2406.2,No
3956-FDEZF,Male,0,Yes,No,64,Yes,No,Fiber optic,No,Yes,No,Yes,No,No,Month-to-month,Yes,Mailed check,82.59,5284.46,No
9022-RBSWA,Female,0,No,No,68,Yes,Yes,No,No internet service,No internet service,No internet service,No internet service,No internet service,No internet service,One year,Yes,Bank transfer (automatic),18.25,1237.29,No
4614-KJHPX,Male,0,Yes,No,18,Yes,No,No,No internet service,No internet service,No internet service,No internet service,No internet service,No internet service,Two year,No,Electronic check,19.67,357.16,Yes
9773-XQKXR,Male,0,No,No,68,Yes,Yes,No,No internet service,No internet service,No internet service,No internet service,No internet service,No internet service,Month-to-month,Yes,Electronic check,18.25,1227.16,No
1961-SJYAT,Female,0,No,Yes,68,Yes,No,Fiber optic,No,Yes,No,Yes,No,Yes,Two year,No,Mailed check,93.38,6353.16,No
6667-PTTYL,Female,0,Yes,No,48,Yes,No,Fiber optic,Yes,Yes,No,No,No,No,Two year,Yes,Bank transfer (automatic),78.92,3778.84,Yes
6607-JDVEN,Male,0,Yes,No,30,Yes,No,DSL,No,No,Yes,No,No,Yes,Month-to-month,No,Bank transfer (automatic),60.43,1801.75,No
3133-DFCAQ,Female,0,Yes,Yes,59,Yes,No,DSL,No,No,No,No,Yes,No,Two year,No,Mailed check,55.12,3234.31,No
5087-ZEXQF,Female,0,Yes,No,70,Yes,No,Fiber optic,No,No,Yes,Yes,No,Yes,Two year,Yes,Mailed check,96.9,6795.27,No
3416-CCJXX,Male,0,Yes,No,54,Yes,No,DSL,No,Yes,Yes,No,Yes,No,Month-to-month,Yes,Mailed check,58.59,3163.12,No
4780-ZHZUV,Female,0,No,No,37,Yes,No,DSL,Yes,No,No,No,No,Yes,Two year,Yes,Mailed check,52.59,1956.93,No
2232-MYLXL,Female,0,Yes,Yes,32,Yes,Yes,Fiber optic,Yes,Yes,Yes,No,No,No,Month-to-month,Yes,Credit card (automatic),95.96,3072.82,Yes
1893-VBMVT,Male,0,No,No,5,Yes,Yes,DSL,No,No,Yes,Yes,Yes,No,Month-to-month,Yes,Mailed check,67.59,338.43,No
9807-BVYJL,Female,0,Yes,No,12,Yes,No,Fiber optic,No,No,Yes,No,Yes,No,Two year,Yes,Electronic check,87.19,1048.16,Yes
2518-GELDW,Male,0,No,No,19,Yes,No,Fiber optic,Yes,No,No,No,No,No,Month-to-month,Yes,Electronic check,74.87,1417.47,No
3815-PCMXV,Male,1,No,No,36,Yes,No,Fiber optic,No,No,Yes,No,No,No,Month-to-month,No,Electronic check,78.35,2838.33,No
9342-JKESY,Female,0,No,Yes,44,Yes,No,Fiber optic,No,Yes,No,No,No,No,Month-to-month,Yes,Electronic check,74.98,3306.63,No
6179-CDSKV,Female,0,No,No,72,Yes,Yes,Fiber optic,No,No,No,No,No,No,Two year,No,Mailed check,68.32,4919.25,No
8315-SFNEF,Female,0,Yes,No,58,Yes,No,Fiber optic,No,Yes,No,Yes,Yes,No,Month-to-month,No,Mailed check,88.62,5139.53,Yes
7152-GBWNR,Male,1,Yes,No,51,Yes,No,DSL,Yes,Yes,Yes,No,Yes,No,Month-to-month,Yes,Electronic check,75.04,3840.41,Yes
5484-YRZTC,Female,0,No,No,17,Yes,Yes,Fiber optic,No,No,No,No,No,No,Month-to-month,Yes,Electronic check,68.71,1157.42,Yes
4991-SUTVK,Male,0,No,No,24,No,No phone service,Fiber optic,Yes,Yes,Yes,No,Yes,No,One year,No,Credit card (automatic),87.63,2126.56,No
4850-VUPGW,Female,0,No,No,0,No,No phone service,DSL,No,No,No,No,No,Yes,Month-to-month,No,Credit card (automatic),51.64, ,Yes
7657-XMCFV,Female,0,Yes,No,40,Yes,No,Fiber optic,No,Yes,Yes,No,Yes,Yes,Two year,No,Credit card (automatic),86.83,3494.07,No
9891-SKEKR,Female,0,Yes,No,17,Yes,No,No,No internet service,No internet service,No internet service,No internet service,No internet service,No internet service,One year,No,Bank transfer (automatic),18.5,336.22,No
1298-GAEYY,Male,0,Yes,No,0,Yes,Yes,Fiber optic,No,No,No,No,Yes,Yes,One year,No,Mailed check,90.14, ,No
5437-TTCAF,Female,0,No,No,38,Yes,Yes,DSL,No,Yes,No,No,No,Yes,Two year,No,Credit card (automatic),64.83,2456.97,Yes
1413-HTFBV,Female,0,No,No,30,Yes,No,DSL,No,No,Yes,No,No,No,Month-to-month,No,Mailed check,48.65,1457.52,No
3740-UTNPB,Male,0,No,Yes,70,Yes,No,DSL,Yes,No,No,No,No,No,One year,Yes,Electronic check,48.36,3369.79,No
7737-QQXJL,Male,1,No,No,37,No,No phone service,DSL,No,No,No,Yes,Yes,Yes,Two year,No,Electronic check,70.32,2601.32,No
4486-HDPBN,Female,0,No,Yes,7,Yes,No,DSL,No,No,Yes,No,Yes,No,One year,Yes,Electronic check,50.34,356.27,Yes
9980-KVBBT,Female,0,No,No,33,Yes,No,Fiber optic,Yes,No,Yes,Yes,No,Yes,Month-to-month,No,Mailed check,96.33,3184.94,No
6443-XKHLR,Female,0,Yes,No,72,Yes,No,Fiber optic,No,Yes,Yes,No,No,No,Month-to-month,Yes,Bank transfer (automatic),77.19,5558.5,No
9040-GQKHQ,Male,1,No,Yes,26,Yes,No,Fiber optic,No,Yes,Yes,Yes,No,Yes,Month-to-month,No,Electronic check,88.75,2323.36,Yes
2655-BXFCQ,Male,1,Yes,No,40,Yes,Yes,Fiber optic,No,No,Yes,No,No,No,Two year,Yes,Electronic check,77.86,3099.58,No
9904-JKYXP,Male,0,No,No,6,Yes,No,DSL,No,Yes,Yes,No,Yes,Yes,Two year,No,Electronic check,60.5,365.16,No
5212-FXEVX,Male,0,Yes,Yes,31,Yes,Yes,DSL,No,No,Yes,Yes,Yes,Yes,Month-to-month,Yes,Electronic check,63.89,1992.58,No
8126-PPRMR,Female,0,No,No,72,Yes,Yes,Fiber optic,No,No,Yes,Yes,No,No,Two year,Yes,Bank transfer (automatic),86.06,6208.71,No
5423-DEYTM,Male,1,No,No,15,Yes,No,Fiber optic,Yes,No,No,Yes,Yes,Yes,Month-to-month,No,Electronic check,91.02,1385.34,Yes
8588-YRNJM,Male,0,No,No,1,Yes,No,DSL,Yes,Yes,No,No,No,Yes,Month-to-month,Yes,Mailed check,56.56,62.02,No
1321-GCALH,Male,0,No,No,42,No,No phone service,DSL,Yes,No,No,No,No,Yes,Month-to-month,No,Electronic check,57.23,2399.33,No
7183-HGVQR,Female,0,No,Yes,30,Yes,No,DSL,Yes,No,No,Yes,Yes,Yes,Two year,No,Credit card (automatic),67.02,2018.64,Yes
5097-UNVUJ,Female,1,No,Yes,46,Yes,Yes,Fiber optic,Yes,Yes,No,Yes,Yes,No,Two year,Yes,Credit card (automatic),93.54,4291.54,No
5270-WLQWU,Male,0,Yes,No,32,Yes,No,Fiber optic,No,Yes,No,No,No,No,Month-to-month,No,Mailed check,71.77,2294.19,Yes
5741-HPGKJ,Male,0,No,No,16,Yes,Yes,Fiber optic,No,No,No,Yes,Yes,Yes,Month-to-month,Yes,Credit card (automatic),86.67,1384.22,No
4170-TEFGX,Female,0,Yes,No,53,Yes,Yes,No,No internet service,No internet service,No internet service,No internet service,No internet service,No internet service,Two year,Yes,Credit card (automatic),20.22,1072.15,No
1636-UZGZU,Female,0,No,No,53,Yes,Yes,No,No internet service,No internet service,No internet service,No internet service,No internet service,No internet service,Month-to-month,No,Bank transfer (automatic),19.46,1023.52,No
4243-DALDR,Female,0,No,No,50,Yes,No,DSL,Yes,No,No,Yes,No,Yes,Month-to-month,Yes,Mailed check,66.77,3343.94,No
6618-JKZSP,Female,1,No,No,51,Yes,No,Fiber optic,No,Yes,Yes,No,No,Yes,Two year,Yes,Electronic check,82.9,4220.63,Yes
1721-YMXTW,Female,1,No,No,6,Yes,No,DSL,No,Yes,Yes,Yes,No,No,One year,Yes,Mailed check,64.7,399.91,No
6834-CAFQJ,Female,1,No,Yes,53,Yes,No,Fiber optic,Yes,No,No,No,No,Yes,One year,Yes,Credit card (automatic),84.6,4478.63,No
3076-KEHZB,Female,0,No,Yes,10,Yes,No,Fiber optic,No,Yes,Yes,No,No,No,Month-to-month,No,Mailed check,80.99,815.59,Yes
7915-VYPDC,Female,0,No,No,61,Yes,No,Fiber optic,Yes,No,No,No,No,No,Month-to-month,Yes,Mailed check,74.52,4564.71,No
1640-XRWGA,Male,1,No,No,29,Yes,No,DSL,Yes,No,Yes,No,Yes,Yes,Month-to-month,Yes,Mailed check,71.03,2061.34,No
1535-RXYQL,Male,0,No,Yes,56,Yes,No,Fiber optic,Yes,No,No,No,Yes,No,One year,No,Bank transfer (automatic),86.68,4870.73,No
2416-EJZXG,Male,0,Yes,No,45,Yes,No,No,No internet service,No internet service,No internet service,No internet service,No internet service,No internet service,Two year,No,Mailed check,20.17,909.21,No
8704-ERZLJ,Male,1,No,No,69,Yes,No,DSL,No,No,Yes,No,Yes,Yes,One year,No,Mailed check,69.81,4830.99,No
3999-YYCUK,Male,0,No,Yes,65,Yes,Yes,Fiber optic,No,Yes,No,Yes,No,Yes,Month-to-month,No,Electronic check,84.05,5475.62,No
9616-NBKNG,Male,0,No,No,54,Yes,Yes,No,No internet service,No internet service,No internet service,No internet service,No internet service,No internet service,One year,Yes,Bank transfer (automatic),18.25,987.34,No
3739-GNXWD,Female,0,No,Yes,57,Yes,No,DSL,No,Yes,No,No,Yes,Yes,Month-to-month,Yes,Mailed check,64.22,3658.58,No
1388-UAELC,Female,0,Yes,No,9,Yes,Yes,DSL,No,Yes,No,Yes,Yes,Yes,Month-to-month,Yes,Bank transfer (automatic),72.09,647.56,Yes
8995-MFBRQ,Male,0,Yes,Yes,3,Yes,Yes,Fiber optic,Yes,Yes,No,Yes,Yes,Yes,Two year,No,Bank transfer (automatic),104.22,310.36,No
4653-JPBKR,Male,0,No,No,72,Yes,No,DSL,No,No,Yes,Yes,No,No,Month-to-month,Yes,Electronic check,57.51,4131.65,No
3673-WFKBU,Female,0,No,Yes,61,Yes,No,No,No internet service,No internet service,No internet service,No internet service,No internet service,No internet service,One year,Yes,Bank transfer (automatic),21.01,1285.58,No
3977-MTEZQ,Female,0,No,No,42,Yes,No,Fiber optic,No,No,No,Yes,Yes,Yes,Month-to-month,No,Bank transfer (automatic),90.86,3800.85,Yes
5785-QABWC,Female,0,Yes,No,41,Yes,Yes,Fiber optic,No,Yes,No,No,Yes,No,Month-to-month,Yes,Bank transfer (automatic),85.94,3535.75,No
1622-FZQXT,Male,0,No,No,23,Yes,No,DSL,No,No,Yes,No,Yes,No,Month-to-month,No,Mailed check,53.16,1229.86,No
8160-VXRWX,Female,1,No,No,4,Yes,No,DSL,No,Yes,Yes,Yes,No,Yes,Month-to-month,Yes,Bank transfer (automatic),73.34,297.22,Yes
9549-KCRUW,Male,0,Yes,No,67,Yes,No,Fiber optic,No,No,No,No,Yes,No,Month-to-month,Yes,Mailed check,72.46,4858.64,Yes
3931-KGCKN,Male,0,Yes,Yes,44,Yes,Yes,Fiber optic,No,No,No,No,No,No,Two year,No,Electronic check,73.21,3201.83,Yes
4431-DBSSN,Female,0,Yes,No,58,Yes,No,Fiber optic,No,No,Yes,No,No,No,Month-to-month,Yes,Bank transfer (automatic),77.7,4504.18,No
4769-BHHUP,Female,1,Yes,No,64,Yes,Yes,No,No internet service,No internet service,No internet service,No internet service,No internet service,No internet service,One year,Yes,Electronic check,19.89,1276.81,No
7011-PDZDL,Male,0,Yes,No,62,Yes,Yes,Fiber optic,No,No,No,Yes,Yes,Yes,One year,Yes,Electronic check,91.62,5701.5,No
4844-GMYXN,Female,0,Yes,No,66,Yes,Yes,DSL,No,Yes,No,No,No,Yes,Month-to-month,Yes,Electronic check,54.11,3581.6,No
6507-AZBKC,Female,1,No,No,48,Yes,Yes,No,No internet service,No internet service,No internet service,No internet service,No internet service,No internet service,Month-to-month,Yes,Credit card (automatic),21.36,1023.15,No
7674-ZJBLQ,Male,0,Yes,No,31,Yes,No,Fiber optic,No,Yes,No,No,Yes,No,Month-to-month,No,Electronic check,77.86,2394.39,No
4919-SPEPE,Female,1,Yes,No,49,Yes,No,No,No internet service,No internet service,No internet service,No internet service,No internet service,No internet service,Month-to-month,No,Mailed check,23.22,1144.51,No
1291-BSGWG,Male,1,Yes,No,57,Yes,Yes,DSL,Yes,No,No,No,Yes,No,Month-to-month,Yes,Mailed check,52.39,2987.45,No
6347-HPVPZ,Male,1,Yes,No,51,Yes,No,DSL,No,No,Yes,Yes,Yes,No,Month-to-month,No,Electronic check,66.41,3392.24,Yes
4717-PYCDZ,Female,0,No,No,22,Yes,Yes,Fiber optic,No,No,Yes,No,No,Yes,Month-to-month,Yes,Electronic check,84.67,1872.87,Yes
3130-VLHAS,Male,0,Yes,No,29,Yes,No,Fiber optic,No,Yes,No,No,No,Yes,One year,No,Electronic check,89.9,2613.77,Yes
1263-NQPDW,Male,1,No,No,69,Yes,Yes,No,No internet service,No internet service,No internet service,No internet service,No internet service,No internet service,Month-to-month,Yes,Electronic check,22.22,1532.74,Yes
2617-TMSJS,Female,0,No,No,70,Yes,Yes,DSL,No,No,Yes,No,Yes,Yes,One year,Yes,Electronic check,60.5,4247.98,No
3383-SADCY,Female,0,Yes,No,29,No,No phone service,DSL,Yes,No,No,No,Yes,No,Month-to-month,Yes,Bank transfer (automatic),54.19,1557.64,Yes
9260-QSBPR,Female,0,No,No,36,Yes,No,Fiber optic,No,Yes,Yes,No,No,Yes,Month-to-month,Yes,Electronic check,94.41,3393.31,No
7709-FVZMR,Male,0,No,No,47,Yes,Yes,DSL,No,No,No,No,No,Yes,Two year,No,Credit card (automatic),51.91,2448.4,No
6332-BKWNH,Male,0,Yes,Yes,31,Yes,No,DSL,Yes,Yes,No,Yes,No,Yes,Month-to-month,Yes,Mailed check,64.67,2007.75,No
1718-KQJDX,Female,0,No,Yes,69,Yes,Yes,DSL,No,Yes,No,Yes,No,No,Two year,No,Electronic check,60.3,4133.63,No
5917-ZCQSU,Male,0,No,No,34,Yes,No,DSL,Yes,No,No,Yes,No,Yes,One year,Yes,Electronic check,65.45,2202.99,No
5312-CMLAA,Female,0,No,No,67,Yes,Yes,Fiber optic,Yes,No,No,No,Yes,No,Month-to-month,Yes,Bank transfer (automatic),85.4,5724.02,No
2121-GAFAV,Female,0,Yes,No,31,Yes,Yes,No,No internet service,No internet service,No internet service,No internet service,No internet service,No internet service,One year,No,Electronic check,19.21,581.93,No
5190-BXNUC,Male,0,No,No,58,Yes,No,Fiber optic,Yes,Yes,No,Yes,No,No,Month-to-month,Yes,Electronic check,87.91,5096.6,No
3109-NCVHM,Female,0,Yes,No,34,Yes,No,Fiber optic,No,Yes,No,No,No,No,Two year,Yes,Credit card (automatic),81.46,2767.82,No
7494-WENAX,Male,0,Yes,No,15,Yes,No,Fiber optic,Yes,No,No,No,No,No,Month-to-month,No,Mailed check,76.66,1136.53,Yes
7451-ATAUN,Male,0,Yes,No,51,No,No phone service,Fiber optic,No,Yes,Yes,No,Yes,No,Month-to-month,No,Credit card (automatic),85.99,4379.17,No
4593-ZZTJR,Female,0,No,Yes,65,Yes,Yes,No,No internet service,No internet service,No internet service,No internet service,No internet service,No internet service,Month-to-month,Yes,Credit card (automatic),20.62,1334.86,No
2228-CVBRP,Male,0,No,No,5,Yes,Yes,Fiber optic,No,No,No,No,No,Yes,One year,No,Mailed check,76.42,379.69,Yes
3957-TAKVL,Female,0,Yes,No,13,Yes,No,DSL,No,No,Yes,No,Yes,No,Two year,Yes,Electronic check,53.35,682.49,No
2839-TMAET,Male,0,Yes,No,28,No,No phone service,No,No internet service,No internet service,No internet service,No internet service,No internet service,No internet service,One year,Yes,Mailed check,19.86,541.56,No
4471-XYJAB,Male,0,No,No,25,Yes,No,Fiber optic,No,No,Yes,No,No,No,Two year,Yes,Credit card (automatic),73.78,1862.02,No
6206-ZWZMT,Male,0,No,No,17,Yes,No,DSL,Yes,Yes,No,No,Yes,No,Month-to-month,Yes,Credit card (automatic),64.36,1096.42,No
3491-XBFEZ,Female,0,Yes,Yes,3,Yes,No,Fiber optic,Yes,Yes,Yes,Yes,No,No,Month-to-month,Yes,Mailed check,85.16,261.81,Yes
1325-YBCFV,Male,1,No,Yes,56,Yes,No,Fiber optic,Yes,No,No,No,No,No,One year,Yes,Credit card (automatic),76.92,4291.79,No
5062-RKYSZ,Female,0,Yes,Yes,52,Yes,Yes,DSL,No,Yes,No,No,No,Yes,Month-to-month,No,Mailed check,57.0,2950.29,Yes
6958-HEQUT,Male,1,No,No,24,Yes,Yes,Fiber optic,Yes,No,No,No,No,No,One year,Yes,Electronic check,74.91,1788.14,No
4926-UNCGF,Male,0,No,Yes,46,Yes,Yes,Fiber optic,No,No,No,No,No,No,Month-to-month,No,Electronic check,66.79,3060.0,Yes
6213-QPFQU,Female,0,Yes,Yes,51,Yes,No,No,No internet service,No internet service,No internet service,No internet service,No internet service,No internet service,Month-to-month,Yes,Mailed check,20.28,1020.36,No
3654-NLJWB,Female,0,No,No,33,Yes,No,No,No internet service,No internet service,No internet service,No internet service,No internet service,No internet service,Month-to-month,Yes,Mailed check,21.7,707.34,No
9419-GVHTJ,Female,0,No,No,15,Yes,No,DSL,Yes,No,No,No,Yes,No,One year,Yes,Credit card (automatic),64.38,965.34,Yes
7929-MBZTH,Female,0,Yes,No,35,No,No phone service,Fiber optic,No,Yes,No,No,No,No,Month-to-month,No,Bank transfer (automatic),78.35,2732.75,Yes
3974-WQBTS,Female,0,Yes,No,27,Yes,No,No,No internet service,No internet service,No internet service,No internet service,No internet service,No internet service,Month-to-month,No,Electronic check,18.88,526.96,Yes
7779-MWDFM,Male,0,Yes,No,64,Yes,Yes,Fiber optic,No,No,No,No,No,Yes,Month-to-month,Yes,Electronic check,76.8,4911.54,No
7557-QHCSG,Male,0,Yes,Yes,71,Yes,Yes,Fiber optic,No,No,No,Yes,No,Yes,Month-to-month,Yes,Bank transfer (automatic),86.95,6175.46,No
5053-DHDUN,Female,0,No,No,52,Yes,Yes,DSL,No,No,Yes,No,No,Yes,Two year,Yes,Mailed check,55.66,2901.78,No
5752-WKKUM,Male,0,Yes,No,41,Yes,No,No,No internet service,No internet service,No internet service,No internet service,No internet service,No internet service,Month-to-month,No,Electronic check,22.41,919.59,No
6716-NUWAS,Male,1,No,No,18,Yes,No,Fiber optic,No,Yes,No,Yes,No,Yes,Two year,No,Electronic check,85.05,1548.48,No
3092-WDGSB,Male,0,Yes,No,43,Yes,No,DSL,No,Yes,No,No,Yes,Yes,Month-to-month,Yes,Electronic check,63.24,2713.67,No
2258-BPUPK,Female,0,No,No,29,Yes,No,No,No internet service,No internet service,No internet service,No internet service,No internet service,No internet service,Month-to-month,Yes,Credit card (automatic),18.25,528.05,No
4214-RCHPE,Male,0,Yes,No,43,Yes,Yes,No,No internet service,No internet service,No internet service,No internet service,No internet service,No internet service,Month-to-month,Yes,Electronic check,20.7,892.42,No
4388-GGWZL,Male,0,Yes,No,26,No,No phone service,Fiber optic,No,No,No,Yes,Yes,No,One year,Yes,Mailed check,77.91,2001.96,Yes
9608-WRDDW,Male,0,Yes,No,72,Yes,No,Fiber optic,No,No,No,No,Yes,Yes,Month-to-month,No,Electronic check,77.98,5604.83,No
1600-CZXLS,Female,0,No,No,33,Yes,Yes,Fiber optic,Yes,Yes,No,No,Yes,No,One year,Yes,Credit card (automatic),90.91,2985.69,No
8784-PTWQY,Male,0,Yes,No,23,Yes,No,Fiber optic,Yes,No,No,No,Yes,Yes,Month-to-month,No,Mailed check,96.42,2224.15,Yes
9658-PTEKQ,Male,1,Yes,No,55,Yes,Yes,Fiber optic,Yes,Yes,Yes,Yes,Yes,No,Month-to-month,Yes,Credit card (automatic),85.83,4700.28,No
7097-RAMKQ,Female,0,No,Yes,6,Yes,Yes,No,No internet service,No internet service,No internet service,No internet service,No internet service,No internet service,Month-to-month,Yes,Electronic check,18.25,122.35,Yes
9330-ENMLF,Female,1,No,No,67,Yes,Yes,Fiber optic,Yes,Yes,Yes,No,Yes,No,Two year,Yes,Mailed check,92.51,6193.01,No
9461-XTLXG,Male,1,No,Yes,50,Yes,No,Fiber optic,Yes,No,No,No,No,No,Month-to-month,Yes,Bank transfer (automatic),69.65,3480.77,Yes
9100-SVKUF,Male,1,Yes,No,7,Yes,Yes,DSL,Yes,No,Yes,No,Yes,Yes,Month-to-month,Yes,Credit card (automatic),69.15,459.21,No
1890-KMSUU,Female,0,Yes,No,55,Yes,Yes,DSL,No,Yes,No,No,No,Yes,Month-to-month,No,Electronic check,65.08,3582.26,No
6493-VBLYW,Female,0,No,No,57,Yes,Yes,Fiber optic,Yes,No,Yes,No,No,No,Month-to-month,Yes,Mailed check,74.18,4243.34,No
4990-DALMY,Female,0,No,No,68,Yes,Yes,No,No internet service,No internet service,No internet service,No internet service,No internet service,No internet service,Month-to-month,Yes,Credit card (automatic),21.49,1450.08,No
6166-NSYGK,Female,0,Yes,No,7,No,No phone service,Fiber optic,Yes,No,No,No,No,Yes,Month-to-month,No,Electronic check,81.7,571.06,Yes
8131-BRNEX,Female,0,Yes,No,65,Yes,No,Fiber optic,No,No,No,No,Yes,Yes,One year,No,Credit card (automatic),78.64,5132.93,No
8960-AGSBF,Female,0,No,No,23,Yes,No,Fiber optic,Yes,No,Yes,Yes,Yes,Yes,Two year,Yes,Bank transfer (automatic),89.12,2041.31,No
4185-FNZGX,Female,0,Yes,No,41,Yes,Yes,Fiber optic,No,Yes,No,No,No,Yes,Month-to-month,Yes,Mailed check,78.12,3208.4,Yes
5043-ZRSVE,Male,0,No,Yes,53,Yes,No,No,No internet service,No internet service,No internet service,No internet service,No internet service,No internet service,Month-to-month,Yes,Electronic check,21.2,1135.03,No
2227-UDXZW,Female,0,Yes,No,15,Yes,No,No,No internet service,No internet service,No internet service,No internet service,No internet service,No internet service,Month-to-month,Yes,Mailed check,22.21,350.17,No
1389-DJQPD,Female,0,No,No,3,Yes,Yes,DSL,No,No,No,No,No,No,Two year,Yes,Bank transfer (automatic),43.51,116.35,No
9086-ASLAQ,Male,0,No,Yes,58,Yes,No,No,No internet service,No internet service,No internet service,No internet service,No internet service,No internet service,One year,No,Bank transfer (automatic),21.78,1277.9,No
6625-JVDMF,Female,0,Yes,No,45,Yes,Yes,Fiber optic,Yes,Yes,No,No,Yes,No,Month-to-month,No,Electronic check,81.71,3652.53,Yes
6675-MEQUZ,Female,0,Yes,Yes,12,Yes,No,No,No internet service,No internet service,No internet service,No internet service,No internet service,No internet service,Month-to-month,No,Bank transfer (automatic),19.28,225.67,No
9764-SWRWA,Male,0,No,No,36,No,No phone service,No,No internet service,No internet service,No internet service,No internet service,No internet service,No internet service,One year,Yes,Credit card (automatic),20.8,747.93,No
2592-AVFBX,Female,0,Yes,Yes,53,Yes,Yes,Fiber optic,Yes,No,No,No,No,Yes,One year,Yes,Mailed check,79.05,4189.69,No
2856-RYZMR,Male,0,No,No,48,Yes,No,Fiber optic,No,Yes,Yes,Yes,Yes,No,One year,Yes,Electronic check,106.29,5081.3,Yes
5440-EYXNM,Male,0,No,No,57,Yes,No,No,No internet service,No internet service,No internet service,No internet service,No internet service,No internet service,Month-to-month,Yes,Bank transfer (automatic),18.25,1032.92,No
8048-UBRMF,Male,0,No,No,18,Yes,No,Fiber optic,Yes,Yes,Yes,No,No,No,Month-to-month,No,Electronic check,88.15,1586.47,Yes
8459-EGRMN,Male,0,Yes,No,17,Yes,Yes,DSL,Yes,Yes,Yes,No,No,No,One year,No,Credit card (automatic),65.7,1111.28,Yes
9914-XQVXZ,Female,0,Yes,No,59,Yes,No,Fiber optic,No,No,Yes,No,Yes,No,Month-to-month,Yes,Mailed check,87.33,5165.3,No
8741-UEGQP,Male,0,No,No,16,Yes,No,Fiber optic,No,No,No,No,No,No,Month-to-month,No,Bank transfer (automatic),70.93,1132.24,Yes
4424-PDGPD,Male,0,Yes,No,10,Yes,No,No,No internet service,No internet service,No internet service,No internet service,No internet service,No internet service,Month-to-month,Yes,Mailed check,18.25,192.96,Yes
6967-SELZJ,Female,0,No,No,14,Yes,No,DSL,Yes,No,No,No,Yes,No,Month-to-month,Yes,Mailed check,53.36,741.4,No
2637-TNTBV,Male,1,No,Yes,71,No,No phone service,No,No internet service,No internet service,No internet service,No internet service,No internet service,No internet service,Two year,Yes,Bank transfer (automatic),18.25,1303.24,No
2526-KQCCN,Male,0,Yes,Yes,16,Yes,No,Fiber optic,Yes,No,Yes,No,No,Yes,Month-to-month,Yes,Credit card (automatic),80.92,1289.16,No
8905-UFSVG,Male,0,Yes,No,4,Yes,No,Fiber optic,No,No,No,No,No,Yes,Month-to-month,No,Bank transfer (automatic),79.17,309.55,Yes
6990-UBRSA,Male,0,Yes,No,60,Yes,Yes,No,No internet service,No internet service,No internet service,No internet service,No internet service,No internet service,One year,No,Credit card (automatic),23.36,1405.51,Yes
1046-KUPGJ,Female,0,No,Yes,3,Yes,No,DSL,No,Yes,No,Yes,Yes,Yes,Month-to-month,No,Credit card (automatic),67.01,195.92,Yes
5789-TKGEE,Male,0,Yes,Yes,55,No,No phone service,DSL,No,Yes,No,No,Yes,Yes,Two year,Yes,Bank transfer (automatic),63.34,3467.83,No
9054-BDGTY,Female,0,Yes,No,47,Yes,No,DSL,No,No,No,Yes,No,Yes,Two year,No,Electronic check,54.62,2575.01,No
2669-JXBDK,Female,0,No,No,47,Yes,No,DSL,No,Yes,Yes,No,Yes,No,Month-to-month,Yes,Electronic check,63.27,2976.05,No
6139-GASPQ,Male,0,Yes,No,34,Yes,No,Fiber optic,Yes,Yes,Yes,No,No,No,One year,Yes,Credit card (automatic),86.33,2936.95,Yes
7256-GUNKH,Male,0,Yes,No,32,Yes,No,DSL,No,Yes,Yes,Yes,No,No,Two year,Yes,Electronic check,65.58,2106.49,No
1071-AEEEJ,Male,0,Yes,Yes,20,Yes,No,No,No internet service,No internet service,No internet service,No internet service,No internet service,No internet service,Month-to-month,Yes,Mailed check,18.25,364.64,Yes
7346-GYZKM,Male,0,No,No,4,No,No phone service,No,No internet service,No internet service,No internet service,No internet service,No internet service,No internet service,Month-to-month,Yes,Bank transfer (automatic),20.6,59.97,No
9315-XVETX,Female,0,Yes,No,63,Yes,No,Fiber optic,Yes,Yes,No,Yes,Yes,Yes,Month-to-month,No,Credit card (automatic),104.47,6590.8,No
5771-TSFXX,Female,0,No,No,68,Yes,Yes,DSL,No,Yes,Yes,Yes,No,Yes,Month-to-month,Yes,Mailed check,75.01,5122.55,No
6689-RYRKM,Female,0,No,No,20,Yes,No,Fiber optic,Yes,Yes,No,No,Yes,No,One year,Yes,Credit card (automatic),83.61,1670.48,No
9834-QKRNG,Male,0,No,No,31,Yes,No,No,No internet service,No internet service,No internet service,No internet service,No internet service,No internet service,Month-to-month,No,Mailed check,20.85,627.88,No
8266-KXPQV,Female,0,No,No,17,No,No phone service,Fiber optic,Yes,No,No,No,No,Yes,One year,No,Electronic check,86.03,1474.8,No
1791-ZTFMN,Male,1,Yes,Yes,57,Yes,No,DSL,No,Yes,No,No,Yes,No,Month-to-month,Yes,Mailed check,53.42,3041.58,No
9671-ZRTRS,Male,1,Yes,Yes,23,Yes,No,DSL,No,No,No,No,No,Yes,One year,No,Mailed check,50.95,1182.7,No
3658-PLHVH,Male,0,Yes,Yes,4,Yes,No,DSL,No,No,No,No,No,Yes,Month-to-month,No,Mailed check,50.63,200.23,Yes
7410-QHYRR,Male,0,No,No,52,Yes,No,DSL,No,No,No,No,No,No,One year,Yes,Credit card (automatic),47.47,2465.58,No
5330-GYGMN,Male,0,Yes,No,72,Yes,No,Fiber optic,No,No,Yes,Yes,No,No,Month-to-month,No,Bank transfer (automatic),83.5,5994.37,Yes
4061-BMQAG,Female,0,Yes,No,54,Yes,Yes,No,No internet service,No internet service,No internet service,No internet service,No internet service,No internet service,Month-to-month,No,Electronic check,22.1,1188.06,No
2262-JPFUX,Female,1,Yes,No,4,Yes,Yes,DSL,Yes,No,Yes,No,Yes,No,Month-to-month,No,Mailed check,69.71,264.24,Yes
2129-UNZRA,Male,0,Yes,No,68,Yes,No,DSL,No,No,No,Yes,Yes,No,Month-to-month,Yes,Mailed check,57.99,3938.25,Yes
1978-RQJST,Female,0,No,Yes,40,Yes,No,No,No internet service,No internet service,No internet service,No internet service,No internet service,No internet service,Two year,Yes,Credit card (automatic),18.25,736.97,No
2897-BUQQY,Male,0,No,Yes,6,Yes,No,No,No internet service,No internet service,No internet service,No internet service,No internet service,No internet service,Month-to-month,Yes,Mailed check,21.67,122.8,No
7343-YJSZD,Male,0,Yes,Yes,0,No,No phone service,Fiber optic,No,Yes,Yes,No,No,No,Month-to-month,Yes,Mailed check,84.94, ,Yes
9764-BMREB,Male,1,No,No,51,Yes,Yes,No,No internet service,No internet service,No internet service,No internet service,No internet service,No internet service,Month-to-month,Yes,Electronic check,18.55,944.03,No
4990-WNESB,Female,0,No,Yes,25,Yes,No,Fiber optic,Yes,No,No,Yes,Yes,Yes,Month-to-month,No,Bank transfer (automatic),85.92,2147.88,No
4994-HBDSH,Male,0,No,No,62,Yes,Yes,No,No internet service,No internet service,No internet service,No internet service,No internet service,No internet service,Month-to-month,No,Bank transfer (automatic),18.25,1120.31,No
6537-RPDHB,Male,0,No,No,11,Yes,No,No,No internet service,No internet service,No internet service,No internet service,No internet service,No internet service,Month-to-month,No,Electronic check,21.36,215.94,No
5021-VVDQR,Female,0,Yes,Yes,69,Yes,No,No,No internet service,No internet service,No internet service,No internet service,No internet service,No internet service,Month-to-month,No,Bank transfer (automatic),18.25,1247.42,No
8445-HZUAL,Female,0,Yes,Yes,18,No,No phone service,DSL,No,No,Yes,No,Yes,No,Month-to-month,Yes,Electronic check,49.98,904.85,No
2073-XNXCC,Female,0,No,No,3,Yes,Yes,Fiber optic,Yes,Yes,No,No,Yes,Yes,One year,Yes,Bank transfer (automatic),100.49,304.23,Yes
2786-GUQPZ,Male,0,No,Yes,4,Yes,Yes,DSL,No,No,Yes,Yes,No,Yes,Month-to-month,Yes,Mailed check,64.96,270.86,No
5574-YPMJD,Male,0,No,Yes,53,Yes,Yes,Fiber optic,No,No,No,No,No,Yes,Two year,Yes,Electronic check,74.88,3987.85,No
4071-DVYTY,Female,0,No,No,69,Yes,Yes,DSL,Yes,No,No,No,No,No,Month-to-month,Yes,Bank transfer (automatic),50.98,3539.18,No
1528-VWEQX,Male,0,No,No,56,Yes,Yes,Fiber optic,No,No,Yes,Yes,Yes,Yes,Two year,No,Electronic check,96.49,5397.19,No
6757-HLLHX,Female,0,No,Yes,51,Yes,No,DSL,No,Yes,Yes,Yes,No,Yes,Month-to-month,Yes,Credit card (automatic),71.99,3668.99,No
3555-JBUDG,Female,0,No,No,17,Yes,Yes,Fiber optic,No,No,Yes,No,No,No,Month-to-month,Yes,Electronic check,74.09,1263.5,No
4340-LKAFA,Male,0,Yes,Yes,63,Yes,No,Fiber optic,No,No,Yes,No,Yes,No,Month-to-month,Yes,Mailed check,84.17,5296.71,No
4728-DMEBT,Male,0,No,No,9,Yes,Yes,DSL,No,No,Yes,Yes,Yes,Yes,One year,Yes,Credit card (automatic),71.25,640.46,No
1281-NERTX,Female,0,No,No,22,Yes,No,No,No internet service,No internet service,No internet service,No internet service,No internet service,No internet service,Month-to-month,Yes,Electronic check,19.37,414.91,No
4010-BKSQU,Female,0,No,No,67,Yes,Yes,DSL,No,No,No,No,Yes,No,Month-to-month,Yes,Credit card (automatic),46.91,3147.46,No
8861-VLJNX,Female,0,Yes,No,51,Yes,No,DSL,Yes,Yes,No,No,Yes,No,Month-to-month,Yes,Bank transfer (automatic),62.82,3202.5,Yes
5873-YGDYW,Female,0,Yes,No,46,Yes,No,Fiber optic,No,No,No,Yes,No,No,Month-to-month,Yes,Electronic check,74.3,3413.33,No
3923-KKHSG,Male,0,No,No,69,Yes,Yes,Fiber optic,No,No,No,Yes,No,No,One year,No,Credit card (automatic),79.69,5507.37,No
9369-YBYKQ,Female,0,No,Yes,25,Yes,No,DSL,Yes,Yes,Yes,No,Yes,No,Two year,Yes,Credit card (automatic),64.88,1603.58,No
9414-ASUGE,Female,1,No,No,69,No,No phone service,DSL,Yes,No,Yes,No,Yes,No,Month-to-month,Yes,Bank transfer (automatic),54.78,3781.54,No
2417-SAMCK,Female,0,Yes,No,42,Yes,No,Fiber optic,Yes,Yes,No,No,No,Yes,Month-to-month,Yes,Credit card (automatic),81.07,3407.45,No
2557-WHKVY,Male,0,Yes,No,68,No,No phone service,No,No internet service,No internet service,No internet service,No internet service,No internet service,No internet service,Two year,Yes,Electronic check,24.32,1645.01,No
6302-PENZF,Male,0,Yes,No,62,Yes,No,DSL,Yes,Yes,Yes,No,Yes,Yes,One year,Yes,Mailed check,72.56,4481.29,Yes
8405-QLGND,Female,0,No,No,65,Yes,No,DSL,Yes,No,Yes,Yes,Yes,No,One year,Yes,Credit card (automatic),68.03,4419.75,No
7091-VJCPQ,Male,0,Yes,Yes,62,Yes,No,Fiber optic,Yes,Yes,No,No,No,Yes,Two year,No,Electronic check,95.0,5894.37,No
7249-SECZP,Male,0,No,No,12,Yes,No,Fiber optic,No,No,No,Yes,Yes,No,One year,No,Mailed check,82.18,991.47,No
6056-RHUPN,Male,0,Yes,Yes,50,Yes,Yes,DSL,No,No,Yes,No,Yes,No,Two year,No,Credit card (automatic),57.74,2883.62,No
3519-DMVPH,Female,0,No,Yes,4,Yes,No,DSL,No,No,Yes,No,Yes,No,One year,Yes,Bank transfer (automatic),56.93,242.42,Yes
6562-KBUHU,Female,0,No,Yes,46,Yes,No,Fiber optic,No,Yes,No,Yes,No,Yes,Month-to-month,Yes,Electronic check,90.47,4185.08,No
7777-GHQBT,Male,0,No,No,35,Yes,No,Fiber optic,No,Yes,Yes,No,No,No,Two year,Yes,Credit card (automatic),85.84,3022.49,No
4036-STHLS,Female,0,Yes,Yes,35,Yes,Yes,DSL,No,No,Yes,No,Yes,No,Month-to-month,Yes,Electronic check,49.26,1715.47,No
6075-LKTZB,Female,0,No,No,49,Yes,No,Fiber optic,Yes,Yes,No,No,No,No,Month-to-month,Yes,Electronic check,87.91,4294.52,No
7389-RLSEF,Male,0,Yes,No,55,Yes,Yes,DSL,Yes,Yes,Yes,No,No,Yes,Month-to-month,Yes,Credit card (automatic),63.18,3470.76,No
4267-BQEAS,Male,0,Yes,Yes,18,Yes,No,Fiber optic,No,Yes,Yes,No,Yes,Yes,Month-to-month,Yes,Bank transfer (automatic),102.36,1844.0,Yes
8716-GTMSY,Female,1,Yes,Yes,19,Yes,No,Fiber optic,No,No,No,No,No,Yes,Month-to-month,Yes,Mailed check,71.76,1356.72,Yes
3661-TXBTV,Male,1,No,Yes,21,Yes,Yes,No,No internet service,No internet service,No internet service,No internet service,No internet service,No internet service,Month-to-month,Yes,Mailed check,18.25,372.85,No
4692-RHUUY,Female,0,Yes,No,30,Yes,No,Fiber optic,No,No,No,No,Yes,No,One year,Yes,Bank transfer (automatic),73.86,2232.58,No
4992-JWSWX,Female,0,No,Yes,61,Yes,No,Fiber optic,No,No,No,No,No,Yes,Month-to-month,No,Bank transfer (automatic),72.91,4464.16,No
6155-MNQRD,Male,0,Yes,No,43,Yes,Yes,Fiber optic,Yes,Yes,No,No,No,No,Two year,No,Electronic check,84.13,3619.88,No
4772-GNWZC,Female,0,Yes,No,67,Yes,No,Fiber optic,Yes,No,Yes,No,Yes,No,Month-to-month,No,Credit card (automatic),92.28,6203.48,Yes
9136-ELLEN,Female,1,Yes,No,66,Yes,Yes,DSL,No,No,No,Yes,No,Yes,One year,No,Mailed check,53.5,3523.89,No
4749-UUFMD,Male,0,No,No,48,Yes,Yes,No,No internet service,No internet service,No internet service,No internet service,No internet service,No internet service,One year,Yes,Credit card (automatic),23.11,1114.65,No
7567-MWKTT,Male,0,Yes,No,58,Yes,No,No,No internet service,No internet service,No internet service,No internet service,No internet service,No internet service,Month-to-month,Yes,Electronic check,23.33,1360.42,No
7333-WSCBZ,Male,0,No,No,3,Yes,Yes,Fiber optic,Yes,No,No,Yes,No,Yes,One year,No,Electronic check,79.74,245.55,No
5369-XVEWP,Female,0,No,No,38,Yes,No,DSL,No,Yes,No,Yes,No,Yes,One year,No,Electronic check,53.01,2015.02,Yes
1482-URFNB,Male,0,No,Yes,6,No,No phone service,Fiber optic,No,No,Yes,Yes,No,Yes,One year,No,Credit card (automatic),80.95,483.46,No
2909-ZLGTZ,Male,0,Yes,No,70,No,No phone service,Fiber optic,Yes,No,Yes,No,No,No,Two year,Yes,Credit card (automatic),76.47,5349.43,No
2827-LNCPU,Male,0,Yes,No,48,Yes,Yes,DSL,Yes,No,No,Yes,No,No,Month-to-month,Yes,Bank transfer (automatic),58.53,2805.54,No
9314-FTPUJ,Male,0,No,Yes,14,Yes,Yes,No,No internet service,No internet service,No internet service,No internet service,No internet service,No internet service,Two year,Yes,Bank transfer (automatic),23.9,349.2,No
1598-DRSSR,Female,0,No,No,6,Yes,No,Fiber optic,Yes,No,No,Yes,No,Yes,Month-to-month,No,Mailed check,85.85,510.95,Yes
5023-PATDG,Female,0,Yes,No,46,Yes,No,No,No internet service,No internet service,No internet service,No internet service,No internet service,No internet service,Month-to-month,No,Electronic check,21.79,1003.43,Yes
9100-DDWEK,Male,0,No,No,67,Yes,No,No,No internet service,No internet service,No internet service,No internet service,No internet service,No internet service,Two year,No,Bank transfer (automatic),25.51,1708.87,No
6135-XUTYC,Female,0,Yes,No,44,Yes,No,Fiber optic,No,Yes,Yes,No,No,No,One year,No,Credit card (automatic),84.08,3701.42,No
9742-DUMAW,Male,1,No,No,18,Yes,Yes,Fiber optic,No,Yes,No,No,Yes,Yes,One year,No,Credit card (automatic),80.61,1458.24,Yes
2059-LXQSD,Male,0,Yes,Yes,46,Yes,Yes,DSL,Yes,No,Yes,Yes,No,Yes,Month-to-month,Yes,Electronic check,67.84,3128.72,No
4858-RBHND,Female,0,Yes,No,52,Yes,Yes,Fiber optic,No,No,No,No,No,Yes,Two year,No,Bank transfer (automatic),77.04,4019.49,No
2620-PTDMZ,Female,0,Yes,Yes,26,Yes,No,Fiber optic,Yes,Yes,No,Yes,Yes,No,One year,Yes,Credit card (automatic),97.03,2521.82,No
9283-WXPVL,Male,0,No,No,4,Yes,No,Fiber optic,No,No,No,No,No,No,Month-to-month,No,Credit card (automatic),66.74,262.64,Yes
2517-RSBKJ,Male,0,No,No,59,Yes,Yes,Fiber optic,No,No,Yes,No,Yes,Yes,Month-to-month,Yes,Electronic check,94.42,5569.16,No
2276-GJFNZ,Female,0,Yes,Yes,61,Yes,No,Fiber optic,Yes,No,No,No,No,Yes,Month-to-month,Yes,Mailed check,77.5,4740.07,No
2999-AQDTX,Male,1,No,No,58,Yes,No,Fiber optic,No,No,No,No,Yes,No,Month-to-month,Yes,Electronic check,78.38,4528.2,Yes
7888-ZSQZC,Female,0,No,Yes,60,No,No phone service,Fiber optic,No,Yes,Yes,Yes,Yes,No,One year,Yes,Credit card (automatic),93.29,5598.73,No
4895-KEEEV,Male,1,No,Yes,55,Yes,Yes,DSL,Yes,No,No,Yes,Yes,No,Two year,No,Bank transfer (automatic),64.81,3561.12,No
4266-CFJEB,Male,1,Yes,No,46,Yes,Yes,Fiber optic,Yes,No,Yes,No,Yes,No,Two year,No,Bank transfer (automatic),94.08,4321.98,No
2861-LDNUQ,Female,1,No,Yes,47,Yes,Yes,No,No internet service,No internet service,No internet service,No internet service,No internet service,No internet service,Month-to-month,No,Electronic check,18.25,848.32,No
7466-APRWF,Female,0,Yes,No,9,Yes,No,DSL,Yes,No,Yes,No,No,No,One year,No,Bank transfer (automatic),56.59,494.78,No
9952-GHGVM,Female,0,Yes,Yes,31,Yes,Yes,No,No internet service,No internet service,No internet service,No internet service,No internet service,No internet service,One year,Yes,Electronic check,18.25,572.4,No
3829-ZYQSZ,Female,0,No,Yes,64,Yes,No,DSL,No,Yes,Yes,Yes,No,No,Month-to-month,No,Credit card (automatic),56.05,3594.28,No
9205-JDQCM,Female,0,No,Yes,23,No,No phone service,No,No internet service,No internet service,No internet service,No internet service,No internet service,No internet service,Month-to-month,Yes,Credit card (automatic),19.68,451.73,No
7593-HSNWU,Female,0,No,No,28,Yes,No,No,No internet service,No internet service,No internet service,No internet service,No internet service,No internet service,Two year,Yes,Electronic check,26.54,728.51,No
9160-HZFJY,Female,0,No,Yes,6,Yes,No,Fiber optic,Yes,Yes,Yes,No,Yes,No,Two year,Yes,Bank transfer (automatic),89.27,543.43,No
7031-QLTGL,Male,0,No,No,16,Yes,Yes,DSL,Yes,No,Yes,No,No,No,Two year,Yes,Electronic check,54.67,883.69,No
7723-AGPUH,Male,1,Yes,No,24,Yes,Yes,DSL,No,No,Yes,No,Yes,Yes,Month-to-month,No,Bank transfer (automatic),57.25,1387.98,No
8631-FLVGP,Male,0,Yes,Yes,35,Yes,Yes,DSL,Yes,No,No,No,No,No,Two year,No,Electronic check,52.77,1850.5,No
1315-JKCTQ,Female,0,No,Yes,60,Yes,Yes,No,No internet service,No internet service,No internet service,No internet service,No internet service,No internet service,One year,Yes,Electronic check,20.12,1213.11,No
3715-ZZPBV,Female,0,No,No,70,Yes,No,DSL,No,No,Yes,No,Yes,Yes,Month-to-month,Yes,Electronic check,55.06,3837.17,Yes
5463-LGCNK,Female,0,No,No,34,Yes,Yes,Fiber optic,No,Yes,No,Yes,No,No,One year,Yes,Mailed check,80.37,2734.47,No
2933-TPZLD,Male,0,No,No,49,Yes,Yes,Fiber optic,Yes,No,Yes,No,No,No,Month-to-month,Yes,Bank transfer (automatic),82.75,4049.83,Yes
9831-NKBUC,Female,1,No,No,55,Yes,No,Fiber optic,No,No,No,Yes,No,No,Month-to-month,Yes,Credit card (automatic),76.19,4169.15,Yes
4991-TNETA,Female,0,No,No,64,Yes,No,No,No internet service,No internet service,No internet service,No internet service,No internet service,No internet service,Two year,Yes,Electronic check,21.25,1359.07,No
7749-DBHND,Male,0,Yes,No,40,Yes,Yes,Fiber optic,No,No,Yes,No,Yes,Yes,Month-to-month,No,Credit card (automatic),79.46,3172.12,No
4401-ARSVS,Female,0,Yes,No,24,Yes,No,Fiber optic,No,Yes,No,No,No,No,Month-to-month,Yes,Credit card (automatic),82.35,1969.88,No
6980-WRUBR,Male,0,No,Yes,33,Yes,Yes,Fiber optic,No,No,Yes,Yes,No,No,Month-to-month,Yes,Bank transfer (automatic),81.95,2723.68,Yes
6996-GEENQ,Male,0,No,Yes,7,Yes,Yes,No,No internet service,No internet service,No internet service,No internet service,No internet service,No internet service,Month-to-month,No,Credit card (automatic),18.33,116.4,Yes
2167-YPWSU,Female,0,No,No,55,Yes,Yes,DSL,No,Yes,No,No,Yes,No,Two year,No,Electronic check,57.8,3172.31,No
3996-NHPJR,Female,0,Yes,No,29,Yes,No,Fiber optic,No,No,Yes,No,Yes,No,Two year,No,Credit card (automatic),82.66,2395.64,No
7037-QQUCY,Female,0,No,Yes,67,Yes,No,No,No internet service,No internet service,No internet service,No internet service,No internet service,No internet service,Month-to-month,Yes,Electronic check,18.74,1251.8,No
1651-UUMGQ,Male,0,No,No,20,Yes,No,DSL,Yes,No,No,No,Yes,No,Month-to-month,Yes,Bank transfer (automatic),51.88,1020.65,No
1784-QMLFM,Male,0,No,No,9,Yes,Yes,DSL,No,Yes,Yes,Yes,Yes,Yes,Month-to-month,No,Mailed check,85.47,774.57,No
9284-WGXXU,Male,1,Yes,No,32,Yes,No,Fiber optic,No,No,No,No,Yes,Yes,Two year,No,Bank transfer (automatic),80.7,2576.55,No
5346-SJPPE,Female,0,No,Yes,3,Yes,Yes,No,No internet service,No internet service,No internet service,No internet service,No internet service,No internet service,Month-to-month,No,Mailed check,18.25,71.35,Yes
4567-DMNGQ,Female,0,No,No,22,Yes,No,DSL,Yes,Yes,Yes,No,Yes,No,Two year,Yes,Credit card (automatic),63.99,1390.04,No
8280-VTZTP,Female,0,No,Yes,68,Yes,Yes,DSL,Yes,No,Yes,Yes,Yes,No,Month-to-month,Yes,Electronic check,75.31,5114.69,No
9729-DUXBS,Female,1,No,Yes,52,Yes,Yes,Fiber optic,No,No,No,No,Yes,Yes,Month-to-month,Yes,Bank transfer (automatic),86.0,4464.5,Yes
9903-EBDST,Male,1,No,Yes,4,Yes,No,Fiber optic,Yes,Yes,Yes,No,Yes,No,Month-to-month,Yes,Electronic check,91.57,378.56,Yes
8347-VVPWY,Male,0,Yes,No,17,Yes,Yes,DSL,No,Yes,No,No,Yes,No,Month-to-month,Yes,Credit card (automatic),57.71,991.92,No
6842-ESVUZ,Male,0,Yes,No,16,Yes,No,No,No internet service,No internet service,No internet service,No internet service,No internet service,No internet service,One year,No,Electronic check,18.25,285.69,Yes
8391-MLNCN,Male,0,No,No,57,Yes,No,Fiber optic,No,No,No,No,No,No,One year,Yes,Bank transfer (automatic),67.98,3864.13,No
7595-ZYURG,Female,0,Yes,No,66,No,No phone service,Fiber optic,No,No,No,No,Yes,No,Two year,Yes,Bank transfer (automatic),71.93,4746.91,No
9732-KNHLM,Female,0,No,No,71,Yes,No,Fiber optic,No,No,No,No,No,Yes,Two year,Yes,Credit card (automatic),71.68,5092.13,No
9986-SUYBH,Female,0,Yes,Yes,55,Yes,Yes,No,No internet service,No internet service,No internet service,No internet service,No internet service,No internet service,Month-to-month,Yes,Credit card (automatic),18.25,1009.14,No
8579-UXTTG,Male,0,Yes,Yes,39,No,No phone service,DSL,No,No,No,No,No,No,Two year,Yes,Credit card (automatic),42.03,1634.63,No
6153-PTUFS,Male,1,No,No,1,Yes,No,Fiber optic,No,Yes,No,Yes,Yes,No,Month-to-month,No,Bank transfer (automatic),89.05,83.01,Yes
5946-ZQXAA,Female,0,Yes,No,20,Yes,No,DSL,Yes,Yes,No,Yes,No,No,Month-to-month,No,Mailed check,69.5,1393.96,No
5129-CFWYW,Female,0,No,No,51,Yes,Yes,Fiber optic,No,Yes,No,Yes,Yes,No,Month-to-month,Yes,Electronic check,83.89,4289.06,No
7980-JHRQK,Male,0,No,No,23,Yes,No,Fiber optic,No,Yes,Yes,No,No,No,Month-to-month,Yes,Bank transfer (automatic),88.69,2052.27,No
5589-QTPSH,Female,0,Yes,No,52,Yes,Yes,DSL,No,Yes,Yes,No,No,Yes,Month-to-month,Yes,Bank transfer (automatic),71.74,3726.8,No
1316-GEEGJ,Male,0,No,No,37,Yes,No,DSL,Yes,No,Yes,No,Yes,Yes,Month-to-month,Yes,Credit card (automatic),71.5,2635.59,Yes
9794-NCSJY,Male,0,Yes,No,19,Yes,Yes,DSL,No,Yes,No,No,No,No,Month-to-month,No,Electronic check,49.86,929.5,Yes
1411-DEMTB,Male,0,No,No,49,Yes,Yes,No,No internet service,No internet service,No internet service,No internet service,No internet service,No internet service,Two year,Yes,Mailed check,18.25,889.9,No
1478-EWQPS,Female,0,Yes,No,38,Yes,Yes,Fiber optic,No,No,No,No,No,No,Month-to-month,No,Mailed check,69.75,2646.1,No
8736-YLXQY,Female,0,Yes,No,59,Yes,No,Fiber optic,Yes,No,Yes,No,No,Yes,One year,Yes,Bank transfer (automatic),85.2,5028.34,Yes
2531-KMAEU,Male,0,No,No,38,Yes,No,Fiber optic,No,No,No,No,Yes,Yes,Month-to-month,No,Credit card (automatic),85.71,3251.5,Yes
3587-CPFQT,Female,0,No,No,70,No,No phone service,Fiber optic,Yes,No,Yes,No,Yes,No,Month-to-month,Yes,Electronic check,93.59,6541.13,No
8492-AFYAV,Male,0,Yes,No,32,Yes,No,Fiber optic,No,No,Yes,No,No,No,Month-to-month,No,Mailed check,81.16,2588.54,Yes
1838-NAVPN,Male,0,No,No,28,Yes,No,Fiber optic,No,Yes,No,Yes,No,No,Month-to-month,Yes,Electronic check,82.37,2313.46,No
6121-TZZTZ,Male,0,No,No,9,Yes,Yes,DSL,No,No,No,No,No,No,Month-to-month,No,Mailed check,44.96,386.15,Yes
4824-WPYKR,Male,0,No,No,66,Yes,No,DSL,No,No,No,Yes,No,No,One year,Yes,Credit card (automatic),54.63,3605.38,No
7407-YACTU,Female,0,Yes,No,2,Yes,Yes,No,No internet service,No internet service,No internet service,No internet service,No internet service,No internet service,One year,Yes,Credit card (automatic),22.35,52.15,No
1312-RVDSR,Male,0,No,No,30,Yes,No,DSL,No,Yes,No,Yes,Yes,Yes,Two year,Yes,Mailed check,69.21,2063.97,No
2798-NWMTM,Male,0,No,No,26,Yes,No,Fiber optic,Yes,No,No,No,Yes,No,Month-to-month,Yes,Mailed check,75.51,1966.3,No
3447-GUNEQ,Female,1,No,Yes,69,No,No phone service,Fiber optic,Yes,No,Yes,No,Yes,No,One year,Yes,Mailed check,86.35,5970.11,Yes
8956-BJULU,Male,0,No,No,26,Yes,No,Fiber optic,No,Yes,Yes,Yes,No,No,Two year,No,Bank transfer (automatic),84.9,2198.79,No
4647-TAVKH,Male,0,Yes,No,8,Yes,No,Fiber optic,No,No,No,No,Yes,No,Two year,No,Electronic check,70.82,565.88,Yes
1055-TKBWS,Female,0,Yes,No,5,Yes,No,DSL,No,No,Yes,No,No,No,Month-to-month,Yes,Electronic check,50.54,247.09,No
1286-MACLD,Female,0,Yes,No,5,No,No phone service,Fiber optic,Yes,No,No,Yes,No,Yes,One year,No,Electronic check,84.7,423.14,Yes
2255-DZQUK,Female,0,Yes,No,25,Yes,No,Fiber optic,No,Yes,No,Yes,No,No,Two year,Yes,Electronic check,81.07,2013.54,No
1392-HKMJF,Male,0,Yes,No,42,No,No phone service,DSL,No,Yes,Yes,Yes,Yes,Yes,Month-to-month,Yes,Bank transfer (automatic),72.57,3038.17,No
2558-NDTUE,Female,0,No,Yes,18,Yes,No,Fiber optic,No,No,No,No,No,Yes,Two year,No,Mailed check,73.61,1334.72,No
6008-XAWSY,Female,0,Yes,No,15,Yes,Yes,Fiber optic,No,No,Yes,No,No,Yes,One year,Yes,Bank transfer (automatic),79.59,1186.65,Yes
7720-QLHKB,Male,1,Yes,No,22,Yes,No,No,No internet service,No internet service,No internet service,No internet service,No internet service,No internet service,Month-to-month,No,Mailed check,19.54,427.79,Yes
2741-GBZNN,Male,0,Yes,Yes,28,Yes,Yes,DSL,No,No,No,Yes,No,Yes,Month-to-month,Yes,Bank transfer (automatic),59.24,1654.03,Yes
9251-ZUZGE,Male,0,Yes,No,37,Yes,Yes,No,No internet service,No internet service,No internet service,No internet service,No internet service,No internet service,One year,Yes,Mailed check,18.25,693.08,No
3413-EZZMG,Male,0,Yes,No,58,Yes,No,No,No internet service,No internet service,No internet service,No internet service,No internet service,No internet service,Two year,Yes,Mailed check,20.37,1162.79,No
6686-AGDBW,Male,1,No,No,47,Yes,No,DSL,No,No,No,Yes,No,No,Month-to-month,No,Credit card (automatic),54.01,2541.89,No
9722-AMZPN,Female,0,Yes,Yes,19,Yes,Yes,Fiber optic,Yes,No,No,Yes,Yes,Yes,Month-to-month,Yes,Bank transfer (automatic),104.31,1971.09,No
9450-USFKB,Female,0,No,Yes,20,No,No phone service,DSL,Yes,No,Yes,No,No,Yes,Two year,Yes,Electronic check,58.69,1170.34,Yes
7273-TPVRH,Female,1,Yes,No,27,Yes,Yes,DSL,No,No,Yes,No,Yes,Yes,Two year,No,Mailed check,59.6,1610.22,No
1566-DPDCG,Male,0,No,Yes,49,Yes,Yes,Fiber optic,No,No,No,Yes,Yes,No,One year,No,Electronic check,83.42,4083.82,Yes
4563-EBUCT,Male,0,Yes,No,32,Yes,No,Fiber optic,No,No,No,No,Yes,Yes,One year,Yes,Bank transfer (automatic),85.55,2738.15,No
8810-HFFDK,Male,0,No,No,39,Yes,No,DSL,No,No,No,No,No,No,Month-to-month,No,Bank transfer (automatic),45.58,1770.92,No
7591-VSNHC,Female,0,No,No,53,Yes,Yes,Fiber optic,No,Yes,No,Yes,No,No,Two year,Yes,Electronic check,85.71,4525.63,No
8807-FPGNP,Female,1,No,Yes,9,Yes,Yes,No,No internet service,No internet service,No internet service,No internet service,No internet service,No internet service,Two year,Yes,Electronic check,18.25,161.05,Yes
7408-UNVHN,Male,0,No,No,33,Yes,No,Fiber optic,Yes,No,No,No,Yes,No,Two year,Yes,Electronic check,80.03,2640.74,No
1783-WWALB,Female,1,No,No,72,No,No phone service,DSL,Yes,No,No,No,Yes,No,Month-to-month,Yes,Credit card (automatic),57.04,4094.42,No
2145-QKUNH,Male,1,No,No,35,No,No phone service,DSL,Yes,No,No,No,No,Yes,Two year,Yes,Electronic check,57.77,2016.26,No
7999-RCNYC,Female,0,No,Yes,6,Yes,Yes,Fiber optic,No,No,No,No,No,No,Month-to-month,No,Bank transfer (automatic),73.7,443.36,Yes
3916-HLWRT,Female,0,No,Yes,15,Yes,Yes,Fiber optic,No,No,No,No,No,Yes,One year,Yes,Electronic check,80.23,1201.81,No
5180-YTCKQ,Female,0,No,No,50,Yes,Yes,Fiber optic,Yes,No,No,No,Yes,Yes,Two year,Yes,Credit card (automatic),85.53,4283.07,No
6435-BJQKW,Male,0,No,No,60,Yes,Yes,DSL,No,No,No,No,Yes,No,Month-to-month,Yes,Electronic check,48.23,2887.93,No
7930-BCBTR,Female,0,Yes,No,30,Yes,No,Fiber optic,No,Yes,No,No,Yes,No,Month-to-month,Yes,Electronic check,86.35,2602.43,Yes
3074-SXPLS,Female,0,No,Yes,31,Yes,No,Fiber optic,Yes,Yes,No,No,Yes,Yes,Month-to-month,Yes,Bank transfer (automatic),95.38,2950.34,Yes
2752-WUAYR,Male,0,No,No,44,Yes,No,Fiber optic,Yes,Yes,Yes,Yes,No,No,Two year,No,Credit card (automatic),80.13,3524.44,No
8282-ZGQFL,Female,0,No,No,26,Yes,No,Fiber optic,No,No,Yes,No,Yes,No,Month-to-month,No,Bank transfer (automatic),77.58,2003.11,Yes
9558-AMRUJ,Male,0,Yes,Yes,21,Yes,No,No,No internet service,No internet service,No internet service,No internet service,No internet service,No internet service,Month-to-month,Yes,Mailed check,18.25,375.7,No
8132-LERFB,Male,1,No,No,14,Yes,Yes,No,No internet service,No internet service,No internet service,No internet service,No internet service,No internet service,Month-to-month,No,Electronic check,18.25,248.91,No
3879-GATZL,Male,0,No,No,7,Yes,No,Fiber optic,Yes,No,No,No,No,Yes,Two year,No,Mailed check,82.92,587.01,Yes
7063-UJRBL,Male,1,No,No,67,No,No phone service,No,No internet service,No internet service,No internet service,No internet service,No internet service,No internet service,Month-to-month,No,Credit card (automatic),20.7,1369.86,No
4010-LCHEW,Male,0,Yes,No,7,Yes,No,DSL,No,No,Yes,Yes,No,No,Month-to-month,No,Credit card (automatic),55.53,407.74,No
6102-LEBHJ,Female,0,Yes,No,15,Yes,Yes,DSL,Yes,Yes,No,No,No,Yes,Two year,Yes,Electronic check,67.85,1021.52,Yes
6924-APVWN,Male,0,Yes,No,47,Yes,No,DSL,No,Yes,Yes,No,Yes,No,One year,Yes,Credit card (automatic),61.07,2871.48,Yes
6864-JDWMV,Male,0,No,No,33,Yes,No,Fiber optic,No,Yes,Yes,Yes,No,No,Month-to-month,No,Electronic check,92.39,3037.02,Yes
3539-JTBRM,Male,0,Yes,No,56,Yes,No,Fiber optic,No,No,No,No,No,No,Month-to-month,No,Credit card (automatic),69.28,3910.37,Yes
2753-XVTXS,Male,0,No,No,4,Yes,Yes,Fiber optic,No,No,Yes,Yes,Yes,Yes,Two year,No,Bank transfer (automatic),97.32,395.16,No
2702-EAYFK,Female,0,No,No,43,Yes,Yes,No,No internet service,No internet service,No internet service,No internet service,No internet service,No internet service,One year,No,Bank transfer (automatic),22.3,980.04,No
2001-YGNHM,Male,0,No,Yes,70,Yes,No,Fiber optic,No,Yes,Yes,Yes,Yes,No,Month-to-month,No,Bank transfer (automatic),97.78,6847.21,No
9166-FCASU,Female,0,Yes,No,36,Yes,Yes,No,No internet service,No internet service,No internet service,No internet service,No internet service,No internet service,Month-to-month,No,Credit card (automatic),22.79,816.4,Yes
1434-AWLEM,Male,0,Yes,No,27,Yes,Yes,DSL,No,Yes,No,No,Yes,Yes,Month-to-month,No,Credit card (automatic),64.12,1740.61,No
5662-JTAFX,Female,0,No,Yes,67,Yes,No,Fiber optic,Yes,No,No,No,Yes,No,Two year,No,Electronic check,82.64,5513.74,No
3483-EYVAX,Male,0,No,No,37,Yes,Yes,Fiber optic,No,No,No,No,Yes,Yes,Two year,Yes,Credit card (automatic),82.31,3034.29,No
5780-TGQMP,Male,1,Yes,Yes,45,Yes,Yes,DSL,No,Yes,Yes,No,Yes,No,Month-to-month,Yes,Electronic check,59.66,2671.5,No
8951-FNLEM,Female,1,No,Yes,72,Yes,No,No,No internet service,No internet service,No internet service,No internet service,No internet service,No internet service,One year,No,Mailed check,21.72,1577.69,No
7329-RTFYY,Male,1,No,Yes,25,Yes,Yes,Fiber optic,No,Yes,No,No,Yes,Yes,Two year,Yes,Credit card (automatic),88.51,2192.55,Yes
1216-DHDYU,Female,0,Yes,No,52,Yes,Yes,DSL,No,No,No,Yes,Yes,Yes,Month-to-month,No,Electronic check,69.56,3620.54,No
2265-BRWJB,Male,0,Yes,No,62,No,No phone service,DSL,Yes,No,Yes,No,Yes,No,Two year,No,Mailed check,62.33,3876.68,No
1632-MCSLQ,Female,0,No,No,62,Yes,Yes,DSL,No,No,Yes,Yes,No,No,One year,Yes,Mailed check,56.99,3540.4,No
4944-FFZNH,Male,0,Yes,No,37,Yes,Yes,No,No internet service,No internet service,No internet service,No internet service,No internet service,No internet service,Month-to-month,Yes,Bank transfer (automatic),22.66,856.42,No
7592-KHYVC,Male,0,Yes,No,14,No,No phone service,DSL,No,No,No,No,No,Yes,Two year,No,Credit card (automatic),50.3,701.82,No
8807-HJLCS,Female,0,Yes,No,8,Yes,Yes,Fiber optic,No,Yes,No,Yes,Yes,No,Month-to-month,Yes,Mailed check,89.69,730.12,Yes
1066-YREDD,Male,0,No,Yes,21,Yes,No,DSL,No,No,No,Yes,Yes,No,Month-to-month,Yes,Credit card (automatic),53.48,1131.22,Yes
6787-KTFHC,Male,0,No,No,69,Yes,No,Fiber optic,No,Yes,No,No,Yes,Yes,Month-to-month,Yes,Credit card (automatic),96.08,6611.78,No
6755-YHALC,Male,0,Yes,No,55,Yes,Yes,DSL,No,Yes,Yes,No,Yes,No,Month-to-month,No,Bank transfer (automatic),66.07,3624.26,No
2428-QDDNK,Male,0,Yes,Yes,36,No,No phone service,Fiber optic,No,No,No,No,Yes,No,Month-to-month,No,Mailed check,74.85,2670.92,No
8086-FZSAY,Male,0,Yes,Yes,56,Yes,Yes,Fiber optic,No,Yes,Yes,Yes,No,No,Month-to-month,No,Electronic check,86.5,4811.05,No
5228-WVBTQ,Male,0,No,No,59,Yes,Yes,Fiber optic,Yes,No,Yes,No,No,Yes,One year,No,Bank transfer (automatic),88.78,5242.56,No
2338-AQULS,Female,0,Yes,No,11,Yes,No,Fiber optic,No,Yes,Yes,No,Yes,Yes,Month-to-month,No,Credit card (automatic),91.53,1000.16,Yes
8208-YBUWS,Female,1,No,Yes,6,Yes,No,No,No internet service,No internet service,No internet service,No internet service,No internet service,No internet service,Month-to-month,No,Mailed check,22.45,119.61,No
7180-EYNEB,Female,0,Yes,Yes,65,No,No phone service,Fiber optic,Yes,Yes,No,No,No,No,Month-to-month,No,Credit card (automatic),84.3,5478.45,No
5054-LBFRK,Male,0,Yes,Yes,40,Yes,Yes,No,No internet service,No internet service,No internet service,No internet service,No internet service,No internet service,One year,No,Electronic check,18.8,757.56,No
9373-HSNEY,Female,1,Yes,No,23,Yes,Yes,DSL,No,Yes,No,No,Yes,No,Month-to-month,Yes,Credit card (automatic),59.41,1386.59,No
7757-BDKLK,Male,0,No,No,24,Yes,No,DSL,No,No,Yes,Yes,Yes,No,One year,No,Bank transfer (automatic),62.97,1515.46,No
1639-BHSAV,Male,0,No,Yes,61,Yes,No,Fiber optic,No,No,No,No,Yes,No,One year,No,Electronic check,75.25,4612.5,No
6156-HHPPQ,Male,0,No,Yes,43,Yes,Yes,No,No internet service,No internet service,No internet service,No internet service,No internet service,No internet service,Month-to-month,Yes,Mailed check,20.47,881.65,No
6749-UJQMV,Male,0,Yes,No,1,Yes,No,DSL,No,No,Yes,No,No,No,Month-to-month,Yes,Electronic check,48.48,42.72,Yes
2940-NHHYR,Female,0,Yes,Yes,41,Yes,No,DSL,Yes,No,Yes,Yes,Yes,Yes,One year,Yes,Credit card (automatic),70.68,2895.92,Yes
3512-YPLKV,Male,0,No,No,32,Yes,No,Fiber optic,No,No,Yes,No,No,No,One year,No,Bank transfer (automatic),77.35,2480.65,No
8150-DWMDV,Female,0,No,Yes,16,Yes,Yes,Fiber optic,No,No,No,No,Yes,No,Month-to-month,No,Bank transfer (automatic),75.52,1181.98,Yes
5087-AQYGA,Male,0,No,Yes,62,Yes,Yes,Fiber optic,No,No,Yes,No,No,Yes,Two year,No,Credit card (automatic),80.55,4995.72,No
2834-BGKZE,Female,1,Yes,No,21,Yes,Yes,Fiber optic,No,Yes,No,No,No,Yes,One year,Yes,Credit card (automatic),77.22,1622.62,No
6773-DATFN,Female,0,Yes,No,0,Yes,No,Fiber optic,No,No,No,No,Yes,No,Two year,Yes,Credit card (automatic),78.46, ,No
4851-HMCBG,Female,0,Yes,No,69,Yes,No,Fiber optic,No,No,Yes,No,No,Yes,Month-to-month,No,Electronic check,73.31,5073.99,No
5135-WCFWE,Female,1,No,No,53,Yes,No,No,No internet service,No internet service,No internet service,No internet service,No internet service,No internet service,Month-to-month,No,Electronic check,20.31,1068.79,No
3940-HGHRE,Female,0,No,No,13,Yes,Yes,No,No internet service,No internet service,No internet service,No internet service,No internet service,No internet service,Two year,No,Bank transfer (automatic),18.25,232.55,No
9136-DGBEW,Female,0,No,No,52,Yes,No,DSL,No,Yes,Yes,Yes,No,Yes,Month-to-month,Yes,Electronic check,62.68,3260.21,No
3666-VDALH,Male,0,Yes,No,5,Yes,No,Fiber optic,No,Yes,No,Yes,No,No,One year,No,Electronic check,82.22,410.32,No
6045-LENTW,Female,0,No,No,63,Yes,Yes,DSL,Yes,No,No,Yes,No,No,Two year,Yes,Electronic check,55.16,3481.02,No
5427-HGAFC,Male,0,Yes,Yes,32,Yes,No,No,No internet service,No internet service,No internet service,No internet service,No internet service,No internet service,Month-to-month,No,Electronic check,21.95,692.84,No
2448-UVYKR,Female,0,Yes,Yes,71,No,No phone service,Fiber optic,Yes,No,No,No,Yes,Yes,Month-to-month,No,Bank transfer (automatic),92.05,6542.51,No
9315-FEZTD,Male,0,No,Yes,43,Yes,No,No,No internet service,No internet service,No internet service,No internet service,No internet service,No internet service,Month-to-month,No,Electronic check,18.25,778.09,No
2855-HLJXV,Female,0,No,No,33,Yes,Yes,DSL,No,Yes,Yes,No,Yes,Yes,Two year,Yes,Mailed check,68.09,2253.52,No
8399-BLWAW,Female,0,No,No,33,Yes,Yes,DSL,Yes,No,No,Yes,Yes,Yes,Two year,No,Electronic check,76.09,2530.31,No
8748-TVFWC,Male,1,No,Yes,23,Yes,Yes,No,No internet service,No internet service,No internet service,No internet service,No internet service,No internet service,Month-to-month,No,Bank transfer (automatic),18.85,436.47,No
4986-JDJRE,Female,0,Yes,No,1,No,No phone service,No,No internet service,No internet service,No internet service,No internet service,No internet service,No internet service,Month-to-month,No,Credit card (automatic),18.25,18.78,Yes
7806-RKALR,Female,1,No,Yes,7,Yes,No,Fiber optic,No,Yes,No,No,No,Yes,Month-to-month,Yes,Bank transfer (automatic),81.91,576.36,Yes
1332-ZEQUB,Female,0,No,No,24,Yes,No,DSL,No,No,Yes,Yes,Yes,Yes,Month-to-month,No,Mailed check,68.32,1623.02,Yes
5545-GBBKE,Male,0,Yes,No,31,No,No phone service,DSL,No,No,No,No,No,No,Two year,No,Electronic check,43.79,1346.37,No
9078-KFUUR,Female,0,No,No,55,Yes,No,Fiber optic,No,No,Yes,No,Yes,No,Two year,No,Electronic check,81.06,4460.42,No
3839-XDFVZ,Male,0,No,Yes,6,Yes,Yes,Fiber optic,No,Yes,No,Yes,No,Yes,Month-to-month,No,Mailed check,83.83,508.0,Yes
7726-RMVNE,Female,0,Yes,No,47,Yes,No,No,No internet service,No internet service,No internet service,No internet service,No internet service,No internet service,Month-to-month,Yes,Credit card (automatic),23.29,1083.25,No
9615-ZBKKF,Female,0,Yes,No,53,Yes,Yes,DSL,Yes,No,No,No,No,Yes,Two year,Yes,Credit card (automatic),53.29,2827.44,No
7020-LKFJE,Male,0,Yes,No,62,Yes,Yes,DSL,Yes,Yes,No,No,No,Yes,Two year,Yes,Credit card (automatic),60.04,3721.94,No
4768-DLHBT,Female,0,No,Yes,72,Yes,No,Fiber optic,Yes,Yes,No,No,Yes,No,Two year,No,Mailed check,89.94,6473.41,No
9541-UMLWZ,Female,1,No,Yes,1,Yes,No,DSL,Yes,No,Yes,No,No,No,Month-to-month,No,Mailed check,59.74,45.15,Yes
5493-KHSPC,Male,0,No,No,34,Yes,Yes,Fiber optic,No,No,No,Yes,No,Yes,Month-to-month,No,Electronic check,79.5,2702.34,Yes
2253-JHMAT,Female,0,Yes,No,21,Yes,Yes,Fiber optic,No,Yes,Yes,No,Yes,Yes,Two year,Yes,Mailed check,91.05,1946.65,No
2931-BCDTK,Male,0,No,No,63,Yes,No,Fiber optic,No,No,No,No,No,No,Month-to-month,No,Credit card (automatic),74.87,4709.21,No
7772-UTUXP,Male,0,No,No,58,Yes,No,Fiber optic,No,Yes,Yes,Yes,Yes,No,Month-to-month,Yes,Credit card (automatic),97.4,5656.81,No
1876-RVMWV,Male,0,Yes,No,48,Yes,No,No,No internet service,No internet service,No internet service,No internet service,No internet service,No internet service,Month-to-month,Yes,Electronic check,19.59,952.04,No
5415-PHBGX,Female,0,No,No,51,Yes,Yes,Fiber optic,No,No,No,Yes,No,No,Month-to-month,No,Mailed check,74.85,3828.25,No
2527-FBBBJ,Male,0,No,Yes,20,Yes,Yes,DSL,No,No,Yes,No,Yes,No,Month-to-month,Yes,Bank transfer (automatic),56.72,1128.96,Yes
2905-TUYZQ,Male,1,Yes,Yes,11,Yes,No,DSL,No,No,Yes,No,Yes,No,Two year,No,Electronic check,60.62,644.54,No
7711-BKPTE,Female,0,Yes,No,10,Yes,No,No,No internet service,No internet service,No internet service,No internet service,No internet service,No internet service,Month-to-month,Yes,Mailed check,18.33,165.21,No
8564-ATEME,Male,1,No,Yes,53,Yes,Yes,Fiber optic,No,Yes,No,No,No,Yes,Month-to-month,No,Bank transfer (automatic),82.96,4403.78,No
2799-SYFAD,Female,0,No,No,69,Yes,Yes,Fiber optic,No,Yes,Yes,Yes,No,No,Two year,No,Mailed check,94.08,6494.39,No
6146-NJJTF,Female,0,No,No,13,Yes,No,No,No internet service,No internet service,No internet service,No internet service,No internet service,No internet service,One year,No,Credit card (automatic),19.66,266.1,No
6810-ARFUN,Female,0,No,No,32,No,No phone service,Fiber optic,No,Yes,No,No,No,No,Month-to-month,Yes,Bank transfer (automatic),78.95,2530.74,No
2740-XUHQQ,Female,0,Yes,No,25,Yes,No,DSL,Yes,No,Yes,No,No,No,One year,No,Bank transfer (automatic),57.98,1457.8,No
5272-WMPZR,Male,0,Yes,No,13,Yes,No,DSL,No,No,Yes,Yes,No,No,Month-to-month,No,Mailed check,53.77,710.52,Yes
1464-MLEVT,Male,0,No,Yes,47,Yes,No,No,No internet service,No internet service,No internet service,No internet service,No internet service,No internet service,Two year,Yes,Electronic check,21.37,997.94,No
9569-DCUYB,Male,0,Yes,No,64,Yes,Yes,Fiber optic,No,No,No,Yes,Yes,Yes,One year,No,Bank transfer (automatic),87.02,5556.43,No
3030-SQTNA,Male,0,No,No,45,Yes,No,Fiber optic,No,No,No,No,No,Yes,Two year,Yes,Credit card (automatic),71.59,3219.58,No
3805-RZGYM,Male,1,Yes,No,54,No,No phone service,No,No internet service,No internet service,No internet service,No internet service,No internet service,No internet service,Month-to-month,Yes,Electronic check,21.32,1159.78,No
8576-SEXBH,Female,0,Yes,Yes,67,Yes,Yes,Fiber optic,Yes,No,No,No,Yes,No,Two year,Yes,Bank transfer (automatic),82.46,5541.84,No
6150-XTTCF,Male,1,Yes,No,11,Yes,No,Fiber optic,No,No,No,Yes,Yes,No,Two year,No,Bank transfer (automatic),82.48,923.27,Yes
2926-FRAZM,Male,0,Yes,No,53,Yes,Yes,Fiber optic,No,Yes,Yes,Yes,No,Yes,One year,No,Bank transfer (automatic),100.17,5330.42,No
1568-DLVHE,Male,1,No,No,63,Yes,Yes,Fiber optic,No,Yes,Yes,Yes,No,No,Two year,No,Mailed check,90.18,5688.78,No
3622-LQQMV,Female,0,Yes,Yes,46,No,No phone service,Fiber optic,Yes,No,Yes,No,No,Yes,Month-to-month,No,Electronic check,89.8,4129.73,Yes
9177-CVSRG,Female,0,No,No,36,Yes,No,DSL,Yes,No,No,No,Yes,No,Two year,No,Credit card (automatic),55.4,2007.28,No
6264-LGXMQ,Male,0,No,No,40,Yes,No,No,No internet service,No internet service,No internet service,No internet service,No internet service,No internet service,Month-to-month,Yes,Electronic check,20.64,831.82,No
3057-RLGQL,Female,0,No,No,26,Yes,Yes,No,No internet service,No internet service,No internet service,No internet service,No internet service,No internet service,Month-to-month,No,Mailed check,24.27,625.68,Yes
7241-HDAGR,Male,0,Yes,No,41,Yes,Yes,Fiber optic,No,No,No,Yes,No,No,Two year,No,Credit card (automatic),71.5,2938.06,No
2833-NCKST,Male,0,No,No,67,Yes,Yes,Fiber optic,No,Yes,Yes,No,No,No,One year,Yes,Credit card (automatic),82.69,5547.56,Yes
5785-WXJKF,Female,0,Yes,No,28,Yes,Yes,DSL,Yes,No,No,No,Yes,No,Two year,No,Bank transfer (automatic),59.34,1659.79,No
6916-HKFUB,Female,0,No,No,35,Yes,No,No,No internet service,No internet service,No internet service,No internet service,No internet service,No internet service,Two year,Yes,Mailed check,18.25,645.62,No
3028-FCXDY,Male,0,No,No,56,Yes,No,Fiber optic,No,No,No,No,No,No,One year,No,Bank transfer (automatic),68.73,3844.52,No
5309-VDJYL,Male,0,Yes,No,11,Yes,No,Fiber optic,Yes,No,No,Yes,No,No,Two year,Yes,Mailed check,82.64,927.09,No
7949-KZQBP,Female,0,No,No,44,Yes,No,Fiber optic,Yes,No,No,Yes,No,No,One year,Yes,Electronic check,84.97,3746.01,Yes
5312-YWKNS,Male,1,Yes,No,19,Yes,No,DSL,No,Yes,Yes,Yes,No,No,One year,Yes,Electronic check,66.62,1279.55,No
8026-MAKKR,Female,0,Yes,No,44,Yes,No,DSL,No,Yes,No,Yes,No,Yes,Two year,Yes,Bank transfer (automatic),65.47,2895.46,No
2460-DBPFV,Male,0,No,Yes,22,Yes,Yes,DSL,No,Yes,Yes,No,No,No,Month-to-month,Yes,Electronic check,60.24,1317.41,Yes
1543-SRNZP,Female,1,Yes,Yes,61,No,No phone service,Fiber optic,No,No,Yes,No,Yes,No,Month-to-month,Yes,Electronic check,80.78,4933.23,No
7526-CLKQM,Male,0,No,No,33,Yes,No,Fiber optic,No,No,No,No,Yes,No,Month-to-month,Yes,Electronic check,78.19,2593.3,Yes
6768-PJMVM,Male,0,No,Yes,20,Yes,No,DSL,Yes,No,No,No,Yes,No,Two year,No,Electronic check,61.86,1243.4,Yes
2947-ZFABD,Female,0,Yes,No,50,No,No phone service,DSL,No,No,No,No,No,No,Month-to-month,No,Electronic check,42.37,2115.84,No
1617-ETLMK,Male,0,Yes,No,8,Yes,No,DSL,Yes,Yes,No,No,Yes,No,Month-to-month,Yes,Bank transfer (automatic),56.65,450.06,No
2944-GZCBH,Male,0,Yes,No,9,Yes,No,DSL,No,No,No,Yes,No,No,Month-to-month,Yes,Mailed check,54.4,475.41,No
6434-MSJPV,Female,0,Yes,Yes,51,Yes,No,No,No internet service,No internet service,No internet service,No internet service,No internet service,No internet service,One year,Yes,Electronic check,23.02,1186.12,No
1099-VLBMA,Male,0,Yes,Yes,44,Yes,Yes,Fiber optic,No,No,Yes,No,Yes,Yes,Month-to-month,No,Electronic check,89.17,3916.83,Yes
7236-YXMGP,Male,0,No,No,51,Yes,No,DSL,No,Yes,Yes,No,No,No,Two year,Yes,Mailed check,59.36,3049.98,No
4365-REBJC,Male,0,No,No,29,Yes,No,Fiber optic,Yes,No,No,No,No,Yes,One year,Yes,Bank transfer (automatic),85.02,2445.15,No
3133-BZMEQ,Female,1,No,No,63,Yes,No,Fiber optic,No,No,Yes,No,Yes,Yes,Two year,No,Credit card (automatic),87.39,5486.74,No
2079-RXVKA,Female,0,Yes,No,1,Yes,No,No,No internet service,No internet service,No internet service,No internet service,No internet service,No internet service,Month-to-month,No,Mailed check,20.14,10.91,No
3272-RXKLT,Female,1,No,Yes,48,Yes,No,DSL,No,Yes,Yes,Yes,Yes,Yes,Month-to-month,Yes,Electronic check,73.41,3505.7,No
9808-JCMJC,Male,1,No,Yes,44,Yes,No,DSL,Yes,Yes,No,No,Yes,Yes,Month-to-month,Yes,Bank transfer (automatic),66.54,2927.46,Yes
9348-DBFKG,Male,0,Yes,No,16,Yes,Yes,Fiber optic,Yes,Yes,No,No,No,Yes,One year,Yes,Bank transfer (automatic),90.98,1454.91,Yes
8666-WVZBC,Male,0,Yes,No,27,Yes,Yes,No,No internet service,No internet service,No internet service,No internet service,No internet service,No internet service,Month-to-month,No,Mailed check,19.73,540.13,No
8689-RWJXA,Male,0,Yes,No,44,Yes,No,DSL,Yes,No,Yes,Yes,Yes,No,Month-to-month,No,Bank transfer (automatic),62.35,2725.7,No
1208-MDLAR,Female,1,No,Yes,16,Yes,No,DSL,No,Yes,No,Yes,Yes,No,Two year,Yes,Credit card (automatic),63.95,1014.17,Yes
9254-TPQFY,Male,0,No,Yes,58,Yes,Yes,DSL,No,No,No,Yes,No,No,Month-to-month,No,Electronic check,47.39,2768.57,Yes
2591-YSRJX,Male,1,No,No,13,Yes,No,Fiber optic,No,No,No,No,Yes,No,Month-to-month,Yes,Electronic check,75.88,989.46,Yes
2492-RAPJZ,Male,0,No,No,9,Yes,Yes,Fiber optic,No,No,Yes,Yes,No,Yes,Two year,Yes,Electronic check,88.54,809.78,No
6234-LKGUD,Female,0,No,Yes,17,Yes,No,No,No internet service,No internet service,No internet service,No internet service,No internet service,No internet service,One year,Yes,Bank transfer (automatic),20.28,357.32,No
3139-VSPNZ,Male,0,Yes,No,34,Yes,Yes,No,No internet service,No internet service,No internet service,No internet service,No internet service,No internet service,Month-to-month,Yes,Bank transfer (automatic),22.41,760.28,No
3006-CJBNV,Male,0,No,Yes,47,Yes,Yes,Fiber optic,Yes,Yes,Yes,Yes,No,No,Month-to-month,Yes,Electronic check,96.99,4563.61,Yes
8238-KHDAP,Male,0,No,No,57,Yes,No,No,No internet service,No internet service,No internet service,No internet service,No internet service,No internet service,Month-to-month,Yes,Electronic check,18.25,1053.49,No
4279-RNZGQ,Male,0,Yes,Yes,17,Yes,No,DSL,No,Yes,Yes,No,No,No,Two year,No,Credit card (automatic),59.5,1022.58,Yes
4840-SDJRP,Male,0,No,No,51,Yes,No,Fiber optic,Yes,Yes,No,No,Yes,No,Month-to-month,Yes,Bank transfer (automatic),88.64,4504.91,No
5033-LBXXL,Female,0,Yes,Yes,29,Yes,Yes,No,No internet service,No internet service,No internet service,No internet service,No internet service,No internet service,Two year,Yes,Mailed check,20.3,574.87,No
7457-CHNMY,Male,1,Yes,Yes,36,Yes,No,Fiber optic,No,No,No,Yes,No,No,Two year,No,Mailed check,77.58,2785.83,Yes
9530-WGQFM,Male,1,No,No,39,Yes,No,DSL,No,Yes,Yes,Yes,No,No,Month-to-month,Yes,Electronic check,63.99,2497.34,No
7414-CLMDX,Male,0,No,No,5,Yes,Yes,DSL,Yes,No,No,No,No,No,Month-to-month,No,Mailed check,56.06,282.2,No
6003-FMRYZ,Male,0,Yes,No,34,Yes,No,Fiber optic,No,No,No,Yes,Yes,No,Month-to-month,Yes,Bank transfer (automatic),78.74,2676.59,No
6697-PPXFG,Male,0,No,Yes,25,Yes,No,No,No internet service,No internet service,No internet service,No internet service,No internet service,No internet service,Month-to-month,No,Mailed check,19.06,478.97,No
6092-RSFZW,Male,0,No,No,29,Yes,No,Fiber optic,No,No,No,No,No,Yes,Two year,No,Mailed check,78.52,2282.91,No
7549-GFXGZ,Male,0,No,No,23,Yes,No,DSL,No,No,Yes,No,Yes,No,Month-to-month,No,Electronic check,59.87,1390.02,Yes
5019-YKULU,Male,0,Yes,No,54,Yes,No,Fiber optic,No,No,No,No,No,Yes,Two year,No,Mailed check,73.77,3986.14,No
2992-TGZVT,Male,0,Yes,Yes,8,Yes,No,No,No internet service,No internet service,No internet service,No internet service,No internet service,No internet service,Two year,No,Bank transfer (automatic),23.03,180.07,No
3439-WLHWD,Male,1,Yes,Yes,61,Yes,Yes,Fiber optic,No,No,No,No,Yes,Yes,Month-to-month,No,Credit card (automatic),88.79,5409.36,Yes
8030-NAPHJ,Female,0,Yes,No,17,Yes,No,DSL,Yes,Yes,Yes,Yes,No,Yes,One year,Yes,Credit card (automatic),80.52,1360.93,No
3246-WPFNS,Female,0,Yes,No,50,Yes,No,No,No internet service,No internet service,No internet service,No internet service,No internet service,No internet service,Two year,No,Credit card (automatic),18.6,927.85,No
5904-NNTJP,Female,0,No,No,18,No,No phone service,No,No internet service,No internet service,No internet service,No internet service,No internet service,No internet service,Month-to-month,No,Bank transfer (automatic),18.88,347.73,No
4283-QCRPB,Female,0,Yes,No,68,Yes,No,Fiber optic,No,No,No,Yes,Yes,Yes,Two year,No,Mailed check,83.6,5680.6,No
6094-VLPJA,Male,0,Yes,No,32,Yes,No,DSL,Yes,Yes,Yes,Yes,No,No,Month-to-month,Yes,Mailed check,69.21,2225.83,Yes
7994-NLQDQ,Female,0,Yes,No,37,Yes,No,Fiber optic,No,Yes,No,No,No,Yes,Month-to-month,Yes,Bank transfer (automatic),84.36,3115.39,No
1395-ZYECY,Female,0,Yes,No,12,Yes,No,No,No internet service,No internet service,No internet service,No internet service,No internet service,No internet service,Month-to-month,No,Electronic check,20.17,236.31,No
8672-QEFPM,Male,1,Yes,No,48,Yes,No,No,No internet service,No internet service,No internet service,No internet service,No internet service,No internet service,Month-to-month,No,Credit card (automatic),19.03,894.77,No
4526-WNTJG,Female,0,Yes,Yes,72,Yes,Yes,No,No internet service,No internet service,No internet service,No internet service,No internet service,No internet service,Two year,No,Electronic check,22.08,1577.76,No
1062-KSTCV,Female,1,No,Yes,52,Yes,No,DSL,No,No,No,No,No,Yes,Month-to-month,Yes,Electronic check,41.19,2133.84,No
1683-XQPDR,Male,0,Yes,Yes,0,Yes,No,No,No internet service,No internet service,No internet service,No internet service,No internet service,No internet service,Month-to-month,No,Electronic check,28.38, ,Yes
1155-DQQLU,Male,1,No,No,11,Yes,No,Fiber optic,Yes,Yes,Yes,No,Yes,Yes,Month-to-month,No,Electronic check,109.41,1205.43,Yes
5796-PBAXB,Male,0,No,No,23,Yes,No,No,No internet service,No internet service,No internet service,No internet service,No internet service,No internet service,One year,No,Electronic check,20.25,466.09,Yes
7464-LAJPC,Female,0,Yes,No,0,Yes,Yes,Fiber optic,No,No,No,No,Yes,No,One year,Yes,Electronic check,70.95, ,Yes
2410-WFCXX,Female,0,Yes,No,67,Yes,Yes,No,No internet service,No internet service,No internet service,No internet service,No internet service,No internet service,Two year,Yes,Electronic check,25.55,1702.41,No
4235-BELRK,Male,0,Yes,No,6,Yes,No,DSL,Yes,Yes,Yes,No,No,Yes,Month-to-month,Yes,Mailed check,63.63,387.05,Yes
6288-TRGXN,Male,0,Yes,Yes,68,Yes,No,Fiber optic,No,No,No,Yes,No,No,Two year,No,Mailed check,82.53,5614.48,No
7258-ZBLDC,Female,0,Yes,No,38,Yes,Yes,DSL,No,No,No,Yes,No,No,Month-to-month,Yes,Electronic check,49.24,1871.48,No
7853-LLZTN,Male,0,No,No,31,Yes,No,DSL,No,Yes,Yes,No,No,No,One year,Yes,Bank transfer (automatic),62.69,1939.17,No
6287-XSPCM,Female,0,Yes,Yes,48,Yes,Yes,Fiber optic,No,No,No,No,No,Yes,Month-to-month,No,Electronic check,71.42,3439.09,Yes
7489-RLNUU,Male,1,No,Yes,30,Yes,Yes,Fiber optic,Yes,No,No,No,No,No,Month-to-month,Yes,Mailed check,81.39,2435.56,Yes
7534-MPSVA,Male,0,Yes,Yes,2,Yes,Yes,Fiber optic,No,No,Yes,Yes,No,No,Month-to-month,Yes,Mailed check,77.29,150.28,Yes
3156-SQGMW,Female,0,No,No,46,Yes,Yes,DSL,No,No,Yes,Yes,Yes,No,One year,No,Mailed check,56.28,2575.89,No
3802-GZHCV,Male,0,No,Yes,14,Yes,Yes,DSL,Yes,No,No,Yes,Yes,No,Month-to-month,Yes,Electronic check,61.5,872.06,No
7062-PYURU,Male,0,Yes,No,50,Yes,No,DSL,No,No,Yes,No,No,No,One year,No,Electronic check,54.23,2721.68,No
5488-NVLFJ,Male,0,Yes,No,20,Yes,No,DSL,No,No,Yes,Yes,No,Yes,One year,No,Electronic check,67.52,1353.72,No
9569-DWGXM,Female,0,No,No,40,Yes,No,Fiber optic,Yes,No,No,Yes,No,No,Two year,No,Credit card (automatic),81.44,3262.77,No
4915-QQXBY,Male,0,No,No,2,Yes,No,Fiber optic,No,No,Yes,No,Yes,Yes,Two year,No,Mailed check,82.62,153.99,No
3871-AAXCP,Male,0,Yes,No,0,Yes,Yes,No,No internet service,No internet service,No internet service,No internet service,No internet service,No internet service,Two year,Yes,Bank transfer (automatic),22.37, ,No
7894-QTBHE,Male,0,Yes,Yes,20,Yes,No,DSL,No,Yes,Yes,No,Yes,Yes,One year,Yes,Bank transfer (automatic),66.44,1328.35,No
8214-BBNVH,Male,0,Yes,Yes,20,Yes,No,DSL,No,No,Yes,No,Yes,No,Month-to-month,Yes,Electronic check,58.09,1184.96,No
3275-GDBKR,Male,0,Yes,Yes,48,Yes,No,Fiber optic,No,No,Yes,Yes,Yes,No,Two year,Yes,Mailed check,93.82,4501.74,No
8421-AKBNB,Male,0,No,No,64,Yes,No,No,No internet service,No internet service,No internet service,No internet service,No internet service,No internet service,Two year,Yes,Electronic check,21.81,1380.73,No
2094-FBWKJ,Female,0,No,No,40,Yes,No,DSL,Yes,No,Yes,No,Yes,Yes,One year,Yes,Bank transfer (automatic),65.28,2640.23,No
5366-WJGCS,Female,1,Yes,No,66,Yes,No,No,No internet service,No internet service,No internet service,No internet service,No internet service,No internet service,Month-to-month,No,Electronic check,24.55,1628.24,Yes
4156-TJSKV,Male,1,Yes,No,41,Yes,No,Fiber optic,No,No,No,Yes,No,No,Month-to-month,No,Credit card (automatic),77.63,3179.18,No
8919-NFANS,Female,0,Yes,Yes,68,Yes,Yes,No,No internet service,No internet service,No internet service,No internet service,No internet service,No internet service,Month-to-month,No,Credit card (automatic),22.21,1503.66,No
6832-SJBJD,Female,0,No,No,56,Yes,No,No,No internet service,No internet service,No internet service,No internet service,No internet service,No internet service,Month-to-month,No,Electronic check,19.53,1094.2,No
2650-JXJBR,Male,0,No,Yes,42,Yes,No,DSL,No,Yes,No,Yes,Yes,Yes,Two year,No,Electronic check,66.46,2776.99,No
1453-SLCSJ,Female,0,Yes,Yes,11,Yes,Yes,Fiber optic,No,Yes,No,Yes,No,No,Month-to-month,No,Electronic check,80.54,892.17,Yes
1034-WHFVM,Female,0,Yes,No,63,Yes,Yes,No,No internet service,No internet service,No internet service,No internet service,No internet service,No internet service,Month-to-month,No,Mailed check,18.25,1144.78,No
2048-GNBJY,Female,0,No,No,50,Yes,No,No,No internet service,No internet service,No internet service,No internet service,No internet service,No internet service,Month-to-month,Yes,Bank transfer (automatic),22.79,1151.28,No
7468-QPGHN,Female,0,Yes,Yes,72,Yes,Yes,Fiber optic,No,Yes,No,No,Yes,Yes,Month-to-month,Yes,Credit card (automatic),89.83,6470.31,Yes
5985-XXVNP,Female,0,Yes,No,59,No,No phone service,No,No internet service,No internet service,No internet service,No internet service,No internet service,No internet service,Two year,Yes,Mailed check,19.28,1120.86,No
6081-EPEEN,Female,0,Yes,No,70,Yes,Yes,Fiber optic,Yes,No,Yes,Yes,Yes,Yes,Month-to-month,No,Credit card (automatic),108.58,7588.87,No
6402-UKDMR,Female,0,Yes,Yes,27,Yes,No,Fiber optic,No,No,No,No,No,Yes,One year,No,Credit card (automatic),72.23,1939.86,No
3418-DEZEX,Female,0,Yes,Yes,70,Yes,Yes,DSL,No,No,Yes,No,Yes,Yes,Month-to-month,Yes,Bank transfer (automatic),60.47,4205.64,No
7974-MZHCR,Male,0,No,No,13,Yes,No,Fiber optic,Yes,Yes,No,Yes,Yes,No,Month-to-month,No,Mailed check,96.22,1243.68,Yes
3039-LJZNG,Male,0,No,No,31,No,No phone service,Fiber optic,No,No,Yes,No,Yes,Yes,One year,Yes,Bank transfer (automatic),82.91,2579.56,Yes
6119-ENTDY,Female,0,Yes,No,7,Yes,No,DSL,Yes,No,Yes,No,No,Yes,One year,No,Bank transfer (automatic),56.9,407.76,No
1181-PLYEP,Female,0,Yes,Yes,26,Yes,Yes,No,No internet service,No internet service,No internet service,No internet service,No internet service,No internet service,Month-to-month,Yes,Mailed check,18.25,474.84,No
6590-VNKHQ,Male,0,No,No,49,Yes,Yes,No,No internet service,No internet service,No internet service,No internet service,No internet service,No internet service,Month-to-month,No,Bank transfer (automatic),22.4,1112.25,No
6686-ZQBFF,Female,0,Yes,No,58,Yes,Yes,DSL,Yes,No,No,No,No,Yes,Two year,No,Credit card (automatic),58.93,3412.36,No
6111-EAXGC,Female,0,Yes,No,56,Yes,No,Fiber optic,No,No,Yes,No,No,No,Month-to-month,Yes,Bank transfer (automatic),73.87,4127.9,Yes
8349-QSHZF,Male,0,Yes,Yes,2,Yes,Yes,Fiber optic,No,No,Yes,No,No,Yes,Two year,No,Electronic check,84.84,153.77,No
2583-XRVQN,Male,0,No,No,26,Yes,No,No,No internet service,No internet service,No internet service,No internet service,No internet service,No internet service,Month-to-month,No,Mailed check,18.86,511.53,No
9644-QEGWK,Male,0,Yes,No,33,No,No phone service,DSL,No,No,Yes,No,Yes,No,One year,Yes,Mailed check,58.9,1933.99,No
2049-HEVPE,Female,0,Yes,No,25,Yes,No,Fiber optic,No,No,No,No,Yes,No,One year,Yes,Credit card (automatic),81.91,2040.28,Yes
8903-YDNEC,Female,1,Yes,No,39,Yes,Yes,No,No internet service,No internet service,No internet service,No internet service,No internet service,No internet service,Month-to-month,Yes,Mailed check,18.25,718.51,No
2187-GXNUK,Male,1,Yes,No,31,Yes,No,Fiber optic,Yes,No,Yes,Yes,Yes,Yes,One year,Yes,Mailed check,103.56,3209.42,No
2740-QSCUA,Male,0,No,No,40,Yes,No,Fiber optic,Yes,Yes,No,Yes,No,Yes,Two year,Yes,Electronic check,95.09,3784.31,No
3661-VYAFJ,Female,1,No,No,1,Yes,Yes,Fiber optic,Yes,No,Yes,No,No,Yes,Month-to-month,Yes,Bank transfer (automatic),85.06,91.01,Yes
6537-VCPPP,Male,0,Yes,No,71,Yes,Yes,Fiber optic,No,Yes,Yes,Yes,No,No,Month-to-month,Yes,Electronic check,87.49,6207.95,No
3510-RXCTH,Female,0,Yes,No,6,Yes,Yes,No,No internet service,No internet service,No internet service,No internet service,No internet service,No internet service,One year,Yes,Credit card (automatic),24.88,158.61,No
2472-KHNFN,Female,0,No,No,18,Yes,No,No,No internet service,No internet service,No internet service,No internet service,No internet service,No internet service,Two year,No,Bank transfer (automatic),18.25,315.47,No
8786-TQBST,Male,1,Yes,No,32,Yes,No,Fiber optic,No,No,Yes,Yes,Yes,No,Two year,Yes,Electronic check,87.95,2813.18,No
6098-RZPRA,Male,0,No,Yes,1,Yes,Yes,DSL,No,Yes,No,No,Yes,No,Month-to-month,No,Electronic check,56.72,47.43,Yes
9457-NNMVM,Female,0,No,No,66,Yes,Yes,DSL,No,No,Yes,Yes,Yes,No,One year,Yes,Credit card (automatic),70.74,4668.37,No
7536-EMVFL,Male,0,Yes,Yes,14,No,No phone service,DSL,No,No,No,Yes,No,No,One year,No,Electronic check,53.93,748.8,No
6784-BMKLU,Male,0,No,No,20,Yes,Yes,DSL,Yes,Yes,Yes,Yes,Yes,No,Month-to-month,No,Electronic check,75.19,1501.01,No
3150-BXWCD,Male,0,Yes,Yes,58,Yes,Yes,No,No internet service,No internet service,No internet service,No internet service,No internet service,No internet service,Two year,Yes,Electronic check,18.25,1058.7,No
9750-GQKTD,Male,0,Yes,No,38,Yes,Yes,Fiber optic,No,Yes,No,Yes,No,No,One year,Yes,Bank transfer (automatic),80.44,3050.47,No
7465-RPWWC,Female,0,No,No,19,No,No phone service,DSL,Yes,No,Yes,Yes,Yes,No,Two year,Yes,Electronic check,65.37,1251.26,Yes
9406-HXCPL,Female,0,No,Yes,0,Yes,No,No,No internet service,No internet service,No internet service,No internet service,No internet service,No internet service,One year,No,Electronic check,20.66, ,No
9144-LHBDT,Female,0,No,No,72,Yes,No,No,No internet service,No internet service,No internet service,No internet service,No internet service,No internet service,Month-to-month,Yes,Mailed check,18.25,1303.64,No
7415-SGSAD,Female,0,No,Yes,8,Yes,Yes,No,No internet service,No internet service,No internet service,No internet service,No internet service,No internet service,Month-to-month,Yes,Bank transfer (automatic),18.25,149.08,Yes
9660-CLQGJ,Male,0,Yes,No,50,Yes,Yes,No,No internet service,No internet service,No internet service,No internet service,No internet service,No internet service,Month-to-month,Yes,Electronic check,18.25,914.74,No
4346-SULPR,Male,0,Yes,No,37,No,No phone service,DSL,No,Yes,No,No,No,Yes,Month-to-month,Yes,Electronic check,53.66,1989.49,No
6973-LBGKE,Female,0,Yes,No,14,Yes,Yes,Fiber optic,No,No,Yes,No,No,No,One year,No,Bank transfer (automatic),76.28,1082.17,Yes
4057-AWEHX,Female,0,No,No,40,Yes,Yes,DSL,No,No,Yes,No,No,No,One year,No,Bank transfer (automatic),53.3,2131.08,No
6914-VFVGX,Male,0,Yes,No,46,Yes,Yes,Fiber optic,No,No,No,No,Yes,No,Month-to-month,No,Electronic check,74.72,3444.76,No
8357-DPLZT,Female,0,Yes,No,25,Yes,No,DSL,No,No,No,Yes,Yes,Yes,Two year,Yes,Credit card (automatic),57.87,1435.86,No
8832-KZSWB,Female,1,No,No,53,Yes,Yes,No,No internet service,No internet service,No internet service,No internet service,No internet service,No internet service,Two year,Yes,Mailed check,23.64,1260.45,No
5186-TXUUV,Male,1,Yes,No,69,Yes,No,No,No internet service,No internet service,No internet service,No internet service,No internet service,No internet service,Two year,Yes,Mailed check,18.25,1243.01,No
3602-QVDCN,Female,0,Yes,No,38,Yes,Yes,Fiber optic,No,No,No,No,Yes,No,Month-to-month,Yes,Credit card (automatic),78.17,2952.64,Yes
6870-HKFCQ,Male,0,Yes,Yes,16,Yes,Yes,Fiber optic,No,No,No,No,Yes,Yes,Month-to-month,No,Electronic check,88.31,1397.09,No
4925-ZEMXC,Male,1,Yes,Yes,69,Yes,No,No,No internet service,No internet service,No internet service,No internet service,No internet service,No internet service,One year,Yes,Electronic check,24.48,1670.86,No
5369-RDCTF,Female,1,Yes,Yes,8,Yes,Yes,Fiber optic,Yes,No,Yes,Yes,No,Yes,Month-to-month,Yes,Credit card (automatic),86.92,715.36,No
7834-UKNGR,Male,1,Yes,No,45,Yes,Yes,Fiber optic,No,Yes,No,Yes,Yes,Yes,Month-to-month,No,Mailed check,91.69,4125.46,Yes
8555-HQPKX,Female,1,Yes,No,5,Yes,No,DSL,No,Yes,Yes,No,No,No,One year,No,Bank transfer (automatic),62.24,299.91,No
6426-NBLTU,Male,0,Yes,Yes,67,Yes,Yes,No,No internet service,No internet service,No internet service,No internet service,No internet service,No internet service,Month-to-month,No,Electronic check,18.25,1217.24,No
4776-YKERU,Female,0,Yes,Yes,15,Yes,No,No,No internet service,No internet service,No internet service,No internet service,No internet service,No internet service,Month-to-month,No,Mailed check,18.32,289.31,No
7143-KPPRZ,Female,0,Yes,No,28,Yes,No,Fiber optic,Yes,No,No,No,Yes,Yes,Month-to-month,Yes,Credit card (automatic),82.94,2321.09,No
9416-FCQGY,Female,0,Yes,Yes,40,Yes,Yes,Fiber optic,Yes,Yes,Yes,Yes,No,Yes,Month-to-month,No,Credit card (automatic),90.97,3643.17,Yes
7492-FKTWC,Male,0,Yes,No,67,Yes,Yes,Fiber optic,No,Yes,No,Yes,No,Yes,Two year,No,Mailed check,88.65,5932.53,No
5994-RLPTG,Male,0,Yes,No,61,Yes,Yes,DSL,No,No,No,No,No,No,Month-to-month,No,Electronic check,45.22,2738.45,No
5772-TXGCQ,Female,0,No,No,39,Yes,No,DSL,No,Yes,Yes,No,Yes,Yes,Two year,Yes,Mailed check,73.69,2872.49,No
8561-WHPFB,Male,0,No,Yes,61,Yes,No,DSL,Yes,Yes,Yes,Yes,Yes,Yes,Month-to-month,Yes,Mailed check,83.21,5074.11,No
8105-FLWYT,Female,0,Yes,No,23,Yes,No,DSL,No,Yes,Yes,No,No,Yes,One year,Yes,Mailed check,57.99,1350.21,Yes
4126-JNZWA,Female,0,Yes,No,5,Yes,No,DSL,No,Yes,Yes,No,No,Yes,One year,Yes,Electronic check,67.07,321.71,Yes
2235-WMAUE,Male,0,No,Yes,39,Yes,No,Fiber optic,Yes,Yes,No,No,Yes,No,One year,No,Mailed check,91.86,3583.47,No
9892-BKUJW,Female,0,No,No,69,Yes,Yes,Fiber optic,Yes,No,No,No,No,No,Month-to-month,No,Credit card (automatic),75.27,5198.82,No
5064-CZXJX,Male,0,No,No,57,Yes,Yes,No,No internet service,No internet service,No internet service,No internet service,No internet service,No internet service,One year,No,Electronic check,19.93,1138.78,No
6867-JGZNT,Female,0,Yes,Yes,13,Yes,No,Fiber optic,Yes,Yes,No,No,Yes,Yes,Month-to-month,No,Bank transfer (automatic),95.43,1238.77,No
4617-ATGBN,Male,0,No,No,44,Yes,Yes,Fiber optic,No,Yes,Yes,No,No,Yes,Month-to-month,No,Credit card (automatic),92.64,4072.34,No
5471-MCFBB,Female,0,No,Yes,5,Yes,No,No,No internet service,No internet service,No internet service,No internet service,No internet service,No internet service,One year,Yes,Mailed check,23.43,114.65,No
9049-FBBNP,Female,0,Yes,No,22,Yes,Yes,No,No internet service,No internet service,No internet service,No internet service,No internet service,No internet service,Month-to-month,Yes,Mailed check,22.82,495.27,No
1030-NAEMN,Male,0,Yes,No,61,Yes,Yes,DSL,No,No,No,No,Yes,Yes,Month-to-month,No,Electronic check,52.81,3215.78,No
5614-ASSTK,Female,0,Yes,Yes,16,No,No phone service,Fiber optic,No,No,No,Yes,No,No,One year,No,Bank transfer (automatic),76.18,1219.49,No
8429-RRSPU,Female,1,Yes,Yes,69,Yes,No,Fiber optic,Yes,No,Yes,No,No,Yes,Two year,Yes,Mailed check,91.71,6335.08,No
5100-RYCYK,Male,0,Yes,No,27,Yes,No,Fiber optic,Yes,Yes,No,Yes,Yes,Yes,Two year,No,Bank transfer (automatic),107.45,2882.6,No
8684-XAMUT,Female,0,No,No,12,Yes,No,No,No internet service,No internet service,No internet service,No internet service,No internet service,No internet service,Month-to-month,No,Mailed check,19.48,239.64,No
5893-CCWER,Male,0,Yes,No,28,Yes,No,DSL,Yes,Yes,Yes,No,No,No,Two year,Yes,Electronic check,64.69,1811.81,No
4545-UXFBS,Female,0,Yes,No,44,Yes,Yes,DSL,Yes,Yes,No,Yes,Yes,Yes,Two year,Yes,Electronic check,79.77,3511.0,No
2174-NRMVY,Male,0,No,No,19,Yes,No,DSL,Yes,No,No,Yes,No,No,Month-to-month,Yes,Credit card (automatic),51.65,958.91,No
3356-FGVJZ,Female,1,Yes,Yes,57,Yes,No,No,No internet service,No internet service,No internet service,No internet service,No internet service,No internet service,Month-to-month,Yes,Bank transfer (automatic),23.19,1332.49,No
3468-DKYRV,Female,0,Yes,No,53,Yes,No,Fiber optic,No,No,No,No,Yes,Yes,Month-to-month,No,Electronic check,84.42,4478.64,No
2388-DMJAN,Female,0,Yes,No,63,No,No phone service,Fiber optic,No,No,Yes,No,No,No,One year,Yes,Electronic check,74.06,4666.46,No
4165-SGTWS,Male,0,Yes,No,51,Yes,Yes,Fiber optic,Yes,Yes,No,No,No,Yes,Month-to-month,Yes,Bank transfer (automatic),94.28,4803.63,Yes
7037-VKJZN,Male,0,Yes,Yes,42,Yes,No,DSL,No,No,No,No,No,Yes,Month-to-month,Yes,Bank transfer (automatic),51.37,2141.28,No
5167-UTMXP,Male,0,No,No,17,Yes,Yes,DSL,No,No,Yes,No,No,No,One year,No,Credit card (automatic),57.56,981.17,No
3193-YKXJU,Male,0,Yes,No,53,Yes,Yes,No,No internet service,No internet service,No internet service,No internet service,No internet service,No internet service,One year,No,Electronic check,20.93,1106.86,Yes
8159-MHRQQ,Female,0,No,No,59,No,No phone service,DSL,Yes,No,Yes,Yes,No,Yes,Two year,Yes,Credit card (automatic),66.14,3893.91,No
6508-LZYDB,Female,0,Yes,No,70,Yes,No,No,No internet service,No internet service,No internet service,No internet service,No internet service,No internet service,Month-to-month,No,Mailed check,21.63,1520.59,No
8700-DKHTL,Male,1,No,No,0,Yes,Yes,No,No internet service,No internet service,No internet service,No internet service,No internet service,No internet service,Month-to-month,No,Credit card (automatic),18.25, ,No
7982-GRYGK,Male,0,No,Yes,36,Yes,Yes,Fiber optic,Yes,No,No,No,No,No,Month-to-month,Yes,Credit card (automatic),80.38,2890.99,Yes
9007-VRNGU,Male,0,No,No,48,Yes,No,Fiber optic,Yes,No,No,No,Yes,Yes,One year,No,Credit card (automatic),88.1,4217.82,No
5936-DUGQK,Female,0,Yes,Yes,34,Yes,No,Fiber optic,No,Yes,No,Yes,No,Yes,Month-to-month,Yes,Credit card (automatic),91.55,3119.25,Yes
7057-JWXBL,Male,0,No,Yes,66,Yes,Yes,DSL,Yes,No,No,No,Yes,No,One year,Yes,Bank transfer (automatic),54.33,3577.36,No
6096-UGWFX,Male,0,No,No,34,Yes,No,No,No internet service,No internet service,No internet service,No internet service,No internet service,No internet service,Month-to-month,Yes,Credit card (automatic),18.58,621.99,No
1777-MDUWK,Female,0,No,No,8,No,No phone service,Fiber optic,Yes,Yes,No,No,No,No,One year,No,Mailed check,83.51,671.07,No
9455-NPWMP,Female,0,Yes,No,36,Yes,No,DSL,Yes,No,Yes,No,Yes,No,Month-to-month,No,Mailed check,65.05,2347.54,Yes
1271-JPRKE,Male,0,Yes,No,59,Yes,No,DSL,No,Yes,Yes,No,Yes,Yes,Two year,No,Mailed check,67.71,4009.73,No
1009-KSXST,Female,0,Yes,No,55,No,No phone service,No,No internet service,No internet service,No internet service,No internet service,No internet service,No internet service,One year,No,Mailed check,20.37,1112.92,No
4180-CDMMV,Male,0,Yes,No,11,Yes,No,No,No internet service,No internet service,No internet service,No internet service,No internet service,No internet service,Month-to-month,Yes,Mailed check,20.19,228.43,Yes
4883-HNEWZ,Female,0,No,Yes,70,No,No phone service,Fiber optic,No,Yes,No,Yes,Yes,No,Month-to-month,No,Bank transfer (automatic),90.37,6324.75,Yes
6288-HEMVM,Male,0,No,No,70,Yes,No,No,No internet service,No internet service,No internet service,No internet service,No internet service,No internet service,Month-to-month,No,Mailed check,18.25,1264.65,No
1495-WPMFJ,Male,1,No,Yes,3,Yes,Yes,No,No internet service,No internet service,No internet service,No internet service,No internet service,No internet service,One year,No,Bank transfer (automatic),20.77,63.54,Yes
3970-TBKFY,Male,0,Yes,No,60,Yes,No,DSL,No,No,No,No,Yes,No,Month-to-month,Yes,Electronic check,52.26,3132.82,No
6430-YPVYX,Male,0,Yes,No,44,Yes,No,No,No internet service,No internet service,No internet service,No internet service,No internet service,No internet service,Two year,Yes,Bank transfer (automatic),20.75,900.03,No
5163-PLWLJ,Female,0,Yes,Yes,49,Yes,No,Fiber optic,No,Yes,Yes,Yes,No,No,Two year,Yes,Bank transfer (automatic),93.5,4586.36,No
8048-YLAWY,Female,0,Yes,Yes,49,Yes,No,Fiber optic,Yes,Yes,No,Yes,Yes,No,Two year,Yes,Mailed check,93.44,4582.45,No
6174-LSDHR,Female,0,No,No,47,Yes,Yes,DSL,No,Yes,No,No,No,No,Month-to-month,Yes,Mailed check,49.24,2326.66,No
1702-CXFYV,Female,1,Yes,No,22,Yes,No,No,No internet service,No internet service,No internet service,No internet service,No internet service,No internet service,Month-to-month,Yes,Electronic check,18.86,413.71,No
4682-TAAKA,Male,0,No,No,7,No,No phone service,DSL,No,Yes,No,No,Yes,Yes,Month-to-month,No,Mailed check,70.93,483.87,No
4932-NQMJV,Male,1,No,No,28,Yes,No,Fiber optic,Yes,No,No,No,No,Yes,Two year,No,Credit card (automatic),85.37,2407.27,No
2688-LHDCM,Female,0,No,No,42,No,No phone service,DSL,No,No,No,No,No,Yes,Month-to-month,Yes,Electronic check,44.51,1883.5,Yes
6460-EBLHK,Female,0,Yes,No,52,Yes,Yes,Fiber optic,Yes,No,No,Yes,Yes,No,Month-to-month,Yes,Electronic check,85.16,4420.66,No
1958-DELAY,Female,0,Yes,No,5,Yes,No,Fiber optic,Yes,No,No,Yes,Yes,Yes,Month-to-month,Yes,Bank transfer (automatic),102.37,499.93,Yes
2620-MNRVG,Female,0,Yes,Yes,23,Yes,Yes,Fiber optic,Yes,No,No,No,No,No,Month-to-month,Yes,Electronic check,73.93,1697.68,Yes
6044-MVRNC,Female,0,Yes,No,13,No,No phone service,Fiber optic,Yes,No,No,No,Yes,Yes,Month-to-month,No,Mailed check,90.86,1174.09,Yes
1255-FHYUG,Male,1,No,No,51,Yes,No,DSL,No,Yes,No,No,Yes,No,Two year,Yes,Credit card (automatic),55.9,2839.16,No
3795-ZMVZY,Male,0,No,No,69,Yes,Yes,Fiber optic,Yes,No,Yes,No,Yes,Yes,One year,No,Electronic check,86.98,5984.48,No
7293-WKRZV,Male,1,Yes,No,3,Yes,No,Fiber optic,No,Yes,No,No,No,Yes,Month-to-month,Yes,Credit card (automatic),78.74,223.02,Yes
8011-YAGQC,Female,1,Yes,No,57,Yes,Yes,No,No internet service,No internet service,No internet service,No internet service,No internet service,No internet service,One year,No,Electronic check,19.26,1068.38,Yes
6098-EQDGV,Female,1,No,Yes,36,Yes,No,Fiber optic,Yes,Yes,No,No,No,No,Two year,Yes,Electronic check,83.97,3017.74,Yes
9734-REJRB,Female,0,Yes,No,47,No,No phone service,Fiber optic,Yes,No,No,No,Yes,No,Month-to-month,No,Bank transfer (automatic),81.02,3803.28,Yes
5116-JBJRM,Female,0,No,Yes,38,No,No phone service,No,No internet service,No internet service,No internet service,No internet service,No internet service,No internet service,One year,No,Electronic check,23.57,900.7,No
1306-NRPBD,Male,0,No,Yes,65,Yes,Yes,Fiber optic,Yes,No,No,No,No,Yes,Month-to-month,Yes,Electronic check,82.46,5354.42,Yes
2098-TWWPH,Male,0,No,No,12,Yes,No,DSL,Yes,Yes,Yes,No,Yes,No,Month-to-month,Yes,Electronic check,67.3,806.96,Yes
9650-TFVDA,Female,0,No,No,65,Yes,No,No,No internet service,No internet service,No internet service,No internet service,No internet service,No internet service,Month-to-month,No,Bank transfer (automatic),21.75,1408.42,No
4962-BAEXL,Male,0,No,No,59,Yes,Yes,No,No internet service,No internet service,No internet service,No internet service,No internet service,No internet service,Month-to-month,Yes,Credit card (automatic),18.25,1076.75,No
6722-JYUPG,Male,0,No,Yes,40,Yes,No,DSL,No,Yes,No,No,No,No,Month-to-month,No,Electronic check,52.36,2102.24,No
7053-BEGPD,Female,1,No,No,31,Yes,No,DSL,No,Yes,No,No,Yes,No,One year,No,Mailed check,54.54,1690.09,No
7773-EDJHM,Female,1,Yes,Yes,51,Yes,No,No,No internet service,No internet service,No internet service,No internet service,No internet service,No internet service,Two year,Yes,Bank transfer (automatic),22.82,1156.4,No
3723-AQUJR,Female,0,Yes,No,4,Yes,Yes,Fiber optic,No,No,Yes,No,No,No,Month-to-month,No,Electronic check,73.39,294.17,Yes
1227-RNANM,Female,0,No,No,66,No,No phone service,DSL,No,No,No,Yes,No,Yes,Month-to-month,Yes,Electronic check,57.61,3798.09,No
1887-BSUYZ,Female,0,Yes,No,65,Yes,Yes,Fiber optic,No,No,No,No,No,Yes,Month-to-month,Yes,Credit card (automatic),76.0,4937.61,No
4638-PUWGR,Female,0,No,No,51,Yes,No,Fiber optic,No,No,No,Yes,No,Yes,Two year,No,Bank transfer (automatic),73.95,3765.37,No
1281-GXAVA,Male,0,No,Yes,48,Yes,Yes,DSL,No,Yes,No,Yes,Yes,Yes,Month-to-month,Yes,Credit card (automatic),65.2,3136.85,No
8154-TKYWT,Male,0,No,No,28,No,No phone service,Fiber optic,No,No,No,No,Yes,No,Month-to-month,No,Bank transfer (automatic),77.71,2190.84,No
6368-SLFZW,Female,0,Yes,No,37,Yes,Yes,Fiber optic,No,Yes,No,Yes,Yes,Yes,Month-to-month,No,Mailed check,94.05,3474.51,Yes
8482-FWHEU,Male,0,Yes,No,69,Yes,No,Fiber optic,No,No,No,No,No,Yes,Two year,Yes,Electronic check,78.22,5394.79,No
4532-FJDXK,Female,0,Yes,No,7,Yes,No,Fiber optic,No,No,No,Yes,Yes,No,Two year,No,Mailed check,76.92,540.12,No
6681-HPQKX,Female,0,Yes,No,58,Yes,No,DSL,No,Yes,Yes,No,No,Yes,One year,Yes,Mailed check,63.62,3697.03,Yes
8123-TBDUZ,Female,1,No,No,54,Yes,No,DSL,No,Yes,No,No,Yes,Yes,One year,Yes,Mailed check,62.35,3369.65,No
9782-PPENT,Female,0,No,No,1,No,No phone service,Fiber optic,No,Yes,No,No,Yes,Yes,Month-to-month,Yes,Electronic check,82.84,87.73,Yes
6614-CAPQV,Male,0,No,No,25,Yes,No,DSL,No,Yes,No,No,Yes,No,Month-to-month,No,Mailed check,54.55,1371.63,No
2308-XXREE,Female,0,Yes,Yes,62,Yes,No,Fiber optic,No,No,No,No,Yes,No,Month-to-month,No,Mailed check,72.76,4509.21,No
2703-NUQNC,Male,0,Yes,Yes,16,Yes,No,No,No internet service,No internet service,No internet service,No internet service,No internet service,No internet service,Month-to-month,Yes,Bank transfer (automatic),21.98,356.47,No
9595-RKAGC,Female,0,Yes,Yes,58,Yes,No,No,No internet service,No internet service,No internet service,No internet service,No internet service,No internet service,One year,No,Electronic check,25.25,1466.26,No
2282-FXUBL,Female,0,Yes,No,15,No,No phone service,Fiber optic,No,No,Yes,No,Yes,No,Month-to-month,Yes,Credit card (automatic),84.3,1259.69,Yes
5230-XNJLU,Female,0,No,Yes,57,Yes,No,Fiber optic,Yes,No,No,No,No,No,Month-to-month,Yes,Credit card (automatic),71.05,4060.0,No
8057-BJRWW,Male,0,Yes,Yes,63,Yes,No,DSL,Yes,Yes,Yes,No,Yes,Yes,One year,No,Electronic check,77.48,4879.45,No
2841-LVPJZ,Female,0,Yes,No,49,Yes,No,DSL,No,No,No,Yes,No,No,Two year,Yes,Bank transfer (automatic),51.57,2518.68,No
8478-GZGKJ,Female,0,No,No,25,Yes,Yes,DSL,No,Yes,Yes,No,Yes,Yes,Month-to-month,Yes,Bank transfer (automatic),68.63,1721.08,No
2039-ZVLKV,Female,0,No,No,16,Yes,No,No,No internet service,No internet service,No internet service,No internet service,No internet service,No internet service,One year,No,Mailed check,21.48,349.6,Yes
6272-FACXG,Male,0,Yes,No,45,Yes,Yes,Fiber optic,No,Yes,Yes,Yes,Yes,No,Two year,No,Electronic check,93.22,4194.02,No
5200-XEFMU,Male,0,No,Yes,67,Yes,No,DSL,Yes,No,Yes,No,Yes,Yes,Month-to-month,No,Bank transfer (automatic),66.22,4430.95,No
6230-YVAKT,Male,0,Yes,No,49,Yes,No,Fiber optic,No,No,No,Yes,Yes,Yes,Month-to-month,Yes,Mailed check,82.42,4022.74,Yes
1066-XCWHJ,Female,1,Yes,Yes,42,Yes,No,Fiber optic,No,Yes,Yes,No,No,Yes,Month-to-month,No,Electronic check,86.85,3640.93,No
8004-PNTRT,Male,0,Yes,No,47,Yes,No,Fiber optic,Yes,No,Yes,No,No,No,Month-to-month,No,Electronic check,79.71,3747.1,No
7787-JKKPB,Female,1,No,Yes,67,No,No phone service,No,No internet service,No internet service,No internet service,No internet service,No internet service,No internet service,One year,No,Credit card (automatic),22.07,1469.21,No
2146-PXYDP,Male,0,Yes,No,18,Yes,No,Fiber optic,No,No,No,No,No,Yes,Month-to-month,No,Mailed check,77.39,1418.0,Yes
1129-EQHFS,Male,1,Yes,Yes,24,Yes,No,Fiber optic,Yes,No,Yes,No,No,Yes,One year,No,Bank transfer (automatic),87.68,2101.66,No
5100-SKSZF,Female,0,No,No,71,Yes,Yes,DSL,Yes,Yes,No,Yes,No,Yes,Month-to-month,Yes,Electronic check,69.39,4913.38,No
1150-MVMDE,Male,0,Yes,Yes,17,No,No phone service,DSL,No,No,No,Yes,Yes,No,Month-to-month,Yes,Bank transfer (automatic),55.88,954.63,No
2190-SLWYR,Female,1,Yes,Yes,50,Yes,Yes,Fiber optic,No,Yes,No,No,No,No,Month-to-month,Yes,Electronic check,66.62,3344.65,Yes
2916-QCVZG,Female,0,Yes,No,17,No,No phone service,DSL,Yes,No,Yes,Yes,No,Yes,One year,No,Mailed check,71.33,1224.61,No
8513-NABSF,Male,0,Yes,Yes,57,Yes,Yes,Fiber optic,Yes,No,Yes,Yes,Yes,Yes,Month-to-month,Yes,Electronic check,96.35,5498.64,No
8233-SKLGT,Female,0,No,No,63,Yes,Yes,Fiber optic,No,Yes,Yes,Yes,No,Yes,Month-to-month,Yes,Electronic check,100.0,6310.3,No
5859-XVUEQ,Female,0,No,No,70,Yes,Yes,Fiber optic,No,No,Yes,Yes,No,Yes,One year,Yes,Bank transfer (automatic),91.43,6390.44,No
2520-TFKMF,Male,0,Yes,No,56,Yes,No,DSL,No,No,No,Yes,Yes,Yes,One year,Yes,Mailed check,60.48,3413.73,No
4987-AUXEV,Male,0,Yes,No,16,Yes,No,Fiber optic,No,No,Yes,No,Yes,Yes,Two year,Yes,Electronic check,88.83,1421.71,No
4956-TEPCH,Female,1,No,No,58,Yes,No,No,No internet service,No internet service,No internet service,No internet service,No internet service,No internet service,Month-to-month,Yes,Bank transfer (automatic),22.94,1330.43,No
5028-VCWHS,Male,0,Yes,No,66,Yes,No,DSL,No,No,No,No,No,No,Month-to-month,Yes,Mailed check,47.63,3145.56,No
6162-DFWVG,Female,1,No,No,14,Yes,Yes,No,No internet service,No internet service,No internet service,No internet service,No internet service,No internet service,Month-to-month,No,Bank transfer (automatic),18.25,253.65,No
7721-QUBCY,Female,1,Yes,Yes,25,Yes,No,No,No internet service,No internet service,No internet service,No internet service,No internet service,No internet service,Month-to-month,Yes,Mailed check,18.25,467.04,Yes
7791-EMMYL,Male,0,No,Yes,47,Yes,Yes,Fiber optic,No,No,Yes,Yes,Yes,Yes,Month-to-month,Yes,Electronic check,85.99,4042.18,No
8480-GSJWC,Male,0,No,Yes,13,Yes,Yes,Fiber optic,No,No,Yes,No,No,Yes,Two year,Yes,Electronic check,83.36,1075.93,No
1710-SBMLE,Male,0,No,No,8,Yes,Yes,Fiber optic,No,No,Yes,Yes,Yes,Yes,One year,No,Credit card (automatic),95.29,739.38,No
7117-FLKWX,Male,0,Yes,No,6,Yes,Yes,Fiber optic,Yes,No,No,Yes,No,No,Month-to-month,Yes,Bank transfer (automatic),81.77,477.76,Yes
9225-XUTYQ,Female,0,No,No,54,Yes,Yes,No,No internet service,No internet service,No internet service,No internet service,No internet service,No internet service,Month-to-month,No,Electronic check,19.22,1040.98,No
1960-PFPPL,Female,0,No,No,11,Yes,No,Fiber optic,No,No,No,Yes,No,Yes,Month-to-month,Yes,Bank transfer (automatic),82.31,905.84,No
6225-RGNGW,Male,0,No,No,16,Yes,Yes,Fiber optic,No,No,No,Yes,Yes,Yes,Month-to-month,Yes,Electronic check,85.57,1369.17,No
3867-CVKRG,Male,0,Yes,No,72,Yes,No,DSL,No,Yes,No,No,No,Yes,One year,No,Electronic check,57.39,4134.32,No
1740-JZJLY,Female,0,No,No,7,No,No phone service,DSL,No,No,Yes,No,Yes,Yes,Month-to-month,No,Credit card (automatic),65.8,461.29,Yes
5749-DGUBJ,Female,0,Yes,No,41,Yes,No,No,No internet service,No internet service,No internet service,No internet service,No internet service,No internet service,Month-to-month,Yes,Credit card (automatic),18.25,765.99,No
7120-ZDANM,Female,0,Yes,No,36,No,No phone service,DSL,Yes,No,No,No,No,No,Month-to-month,No,Credit card (automatic),52.94,1896.01,No
8278-PTRMP,Female,0,No,Yes,19,Yes,No,No,No internet service,No internet service,No internet service,No internet service,No internet service,No internet service,One year,No,Mailed check,18.25,352.16,No
4606-NEBMH,Male,0,Yes,No,0,Yes,Yes,Fiber optic,Yes,Yes,Yes,No,No,Yes,Two year,No,Mailed check,98.88, ,No
5937-CAWMG,Female,1,No,No,8,Yes,No,No,No internet service,No internet service,No internet service,No internet service,No internet service,No internet service,Month-to-month,No,Electronic check,19.35,158.17,No
3581-QPBBB,Female,0,No,Yes,23,Yes,Yes,No,No internet service,No internet service,No internet service,No internet service,No internet service,No internet service,Two year,Yes,Credit card (automatic),20.01,461.67,No
5138-WYKCK,Male,0,No,No,33,Yes,No,No,No internet service,No internet service,No internet service,No internet service,No internet service,No internet service,Month-to-month,Yes,Bank transfer (automatic),19.65,666.55,No
2143-QZRTF,Female,0,No,Yes,35,Yes,Yes,Fiber optic,No,No,No,No,Yes,Yes,Month-to-month,Yes,Mailed check,84.72,2976.13,No
7356-DUGZE,Female,1,No,No,3,No,No phone service,No,No internet service,No internet service,No internet service,No internet service,No internet service,No internet service,Month-to-month,Yes,Electronic check,21.77,66.12,Yes
8566-YTXPL,Male,0,Yes,Yes,28,No,No phone service,Fiber optic,No,Yes,Yes,No,No,No,Two year,Yes,Electronic check,78.15,2175.68,Yes
4750-XYKLY,Male,0,No,No,15,Yes,Yes,DSL,No,No,No,No,Yes,Yes,Two year,No,Electronic check,54.83,819.99,No
3246-CDDGM,Male,1,Yes,No,7,Yes,No,Fiber optic,No,No,Yes,Yes,Yes,No,Month-to-month,Yes,Bank transfer (automatic),78.54,558.27,No
5147-MGJAN,Female,0,Yes,No,38,Yes,No,Fiber optic,Yes,No,No,Yes,No,No,Two year,Yes,Bank transfer (automatic),83.73,3185.97,Yes
8010-SBYCV,Female,0,No,No,57,Yes,No,DSL,No,No,No,No,Yes,No,One year,No,Electronic check,48.74,2776.92,No
4139-TAKWC,Male,0,Yes,No,11,Yes,No,No,No internet service,No internet service,No internet service,No internet service,No internet service,No internet service,Month-to-month,No,Electronic check,23.76,271.25,No
2727-LYCZZ,Male,1,Yes,No,43,Yes,Yes,DSL,No,No,No,No,Yes,No,One year,No,Electronic check,50.61,2176.9,No
1192-NRVHW,Female,0,No,No,3,Yes,No,Fiber optic,Yes,No,No,No,Yes,Yes,One year,Yes,Electronic check,92.46,267.25,Yes
3667-NKKEW,Male,0,Yes,Yes,24,Yes,No,Fiber optic,Yes,Yes,No,Yes,No,Yes,One year,Yes,Mailed check,98.82,2361.68,No
9876-FHCNL,Male,0,Yes,No,69,Yes,No,DSL,No,No,No,Yes,Yes,No,Two year,No,Mailed check,68.08,4700.7,No
1140-CRKMD,Male,0,Yes,No,66,No,No phone service,DSL,No,Yes,Yes,No,No,No,Two year,Yes,Bank transfer (automatic),58.01,3839.85,No
5113-GEHKT,Female,0,No,No,38,Yes,No,Fiber optic,Yes,Yes,Yes,No,Yes,No,Two year,No,Mailed check,101.43,3843.92,Yes
5044-VKTFP,Female,0,No,Yes,23,Yes,No,DSL,Yes,No,No,No,No,Yes,Month-to-month,Yes,Electronic check,59.92,1378.57,No
1616-DKGZC,Female,0,No,Yes,5,Yes,No,No,No internet service,No internet service,No internet service,No internet service,No internet service,No internet service,One year,No,Bank transfer (automatic),21.33,106.79,No
4765-KTYCZ,Female,0,Yes,No,71,Yes,No,Fiber optic,No,No,Yes,Yes,No,No,Two year,Yes,Credit card (automatic),80.64,5740.37,No
4467-QDWXU,Female,0,No,No,32,Yes,No,DSL,Yes,Yes,Yes,No,No,Yes,One year,Yes,Electronic check,69.2,2205.01,Yes
1841-VMBYW,Female,0,No,Yes,47,Yes,Yes,DSL,No,No,No,Yes,No,Yes,Month-to-month,Yes,Electronic check,59.65,2803.0,No
1473-RUCLG,Male,0,Yes,No,66,Yes,No,Fiber optic,No,No,No,No,No,No,Month-to-month,Yes,Credit card (automatic),70.23,4628.63,No
1047-KDKEN,Female,0,Yes,Yes,1,Yes,Yes,No,No internet service,No internet service,No internet service,No internet service,No internet service,No internet service,One year,Yes,Electronic check,19.89,14.1,Yes
7267-VGBUK,Female,0,No,No,37,Yes,No,No,No internet service,No internet service,No internet service,No internet service,No internet service,No internet service,Month-to-month,Yes,Mailed check,18.96,701.06,No
2587-ZHCPY,Male,0,No,No,39,Yes,No,DSL,Yes,No,No,No,No,Yes,Month-to-month,No,Electronic check,54.37,2137.67,No
8453-HKSTT,Female,0,No,No,55,Yes,No,DSL,Yes,Yes,Yes,No,Yes,No,Two year,Yes,Bank transfer (automatic),71.11,3917.52,No
2395-RDTEZ,Female,0,Yes,Yes,20,Yes,No,DSL,No,No,No,No,No,Yes,Month-to-month,Yes,Mailed check,49.41,971.18,No
8839-BEYCM,Male,0,No,Yes,34,Yes,No,Fiber optic,No,No,Yes,No,No,No,Month-to-month,No,Mailed check,74.16,2518.84,Yes
1644-TYLSE,Male,0,Yes,No,66,Yes,Yes,Fiber optic,No,No,No,Yes,No,No,Month-to-month,Yes,Electronic check,74.39,4907.14,No
8200-SEDRG,Male,0,Yes,No,59,Yes,Yes,DSL,No,Yes,No,Yes,Yes,No,Two year,No,Credit card (automatic),55.39,3283.0,No
4072-DLYGJ,Female,1,Yes,No,22,Yes,No,DSL,No,No,No,No,Yes,Yes,Month-to-month,No,Electronic check,55.64,1220.07,No
6421-EULQS,Male,0,No,No,64,Yes,Yes,No,No internet service,No internet service,No internet service,No internet service,No internet service,No internet service,Month-to-month,No,Electronic check,24.05,1534.11,No
4478-UKHYB,Female,0,No,No,62,Yes,No,No,No internet service,No internet service,No internet service,No internet service,No internet service,No internet service,Month-to-month,No,Mailed check,21.87,1347.93,No
8763-VSYKS,Female,1,No,Yes,22,Yes,Yes,DSL,Yes,No,Yes,No,Yes,No,Month-to-month,Yes,Credit card (automatic),67.98,1506.55,No
7890-YDJWB,Female,0,No,Yes,41,Yes,No,DSL,No,No,Yes,No,No,No,Two year,No,Credit card (automatic),54.93,2247.36,No
6306-LKEJM,Female,0,Yes,No,63,Yes,Yes,No,No internet service,No internet service,No internet service,No internet service,No internet service,No internet service,Month-to-month,Yes,Electronic check,23.84,1513.79,No
2104-NKKJF,Male,0,No,No,65,Yes,Yes,Fiber optic,No,No,No,Yes,No,Yes,One year,Yes,Credit card (automatic),86.37,5624.52,No
6069-DRPJZ,Male,0,No,No,40,Yes,Yes,No,No internet service,No internet service,No internet service,No internet service,No internet service,No internet service,One year,No,Credit card (automatic),18.25,724.4,No
5895-MMMPS,Female,0,Yes,No,19,Yes,Yes,Fiber optic,No,Yes,No,No,No,No,Month-to-month,Yes,Credit card (automatic),82.47,1557.14,Yes
3254-KNADV,Male,0,Yes,Yes,8,Yes,Yes,Fiber optic,No,Yes,No,Yes,No,Yes,Month-to-month,Yes,Credit card (automatic),92.61,731.68,Yes
4795-RYQBB,Female,0,Yes,No,56,Yes,No,DSL,No,Yes,Yes,No,Yes,No,Month-to-month,Yes,Credit card (automatic),69.37,3888.52,No
1257-GMVKP,Female,0,Yes,No,16,Yes,Yes,No,No internet service,No internet service,No internet service,No internet service,No internet service,No internet service,Month-to-month,Yes,Electronic check,23.21,380.75,Yes
7506-EANTH,Female,0,Yes,No,17,Yes,Yes,No,No internet service,No internet service,No internet service,No internet service,No internet service,No internet service,Month-to-month,No,Credit card (automatic),20.84,361.93,Yes
5680-NWENC,Male,1,Yes,No,62,Yes,No,DSL,No,Yes,Yes,Yes,Yes,Yes,Month-to-month,No,Mailed check,85.8,5318.55,Yes
7583-YZNPK,Female,0,No,No,71,Yes,Yes,Fiber optic,Yes,Yes,No,Yes,No,Yes,Month-to-month,No,Mailed check,90.41,6402.37,No
6802-QXVVM,Female,0,Yes,Yes,71,Yes,No,Fiber optic,Yes,No,Yes,No,No,Yes,Two year,Yes,Electronic check,95.58,6778.54,No
4521-APLLN,Male,0,Yes,No,25,Yes,No,Fiber optic,No,No,No,Yes,No,Yes,Two year,No,Mailed check,82.49,2064.96,No
8048-LMPFY,Male,0,No,Yes,71,Yes,No,No,No internet service,No internet service,No internet service,No internet service,No internet service,No internet service,Month-to-month,Yes,Electronic check,23.07,1624.38,Yes
9802-WLFKE,Male,0,Yes,No,71,Yes,No,Fiber optic,No,Yes,No,Yes,No,No,Month-to-month,No,Electronic check,81.15,5758.86,No
2067-UQHVP,Male,0,No,Yes,12,Yes,Yes,No,No internet service,No internet service,No internet service,No internet service,No internet service,No internet service,Two year,Yes,Mailed check,19.02,234.88,No
7743-LYRDG,Female,0,No,Yes,16,Yes,No,No,No internet service,No internet service,No internet service,No internet service,No internet service,No internet service,Two year,No,Bank transfer (automatic),22.53,359.35,No
8842-BHWGM,Male,0,Yes,Yes,25,Yes,No,Fiber optic,No,No,Yes,No,No,No,Month-to-month,No,Electronic check,74.86,1870.81,Yes
7424-JFFLJ,Female,0,Yes,Yes,5,Yes,No,No,No internet service,No internet service,No internet service,No internet service,No internet service,No internet service,One year,Yes,Bank transfer (automatic),18.25,102.74,No
2985-NHFVC,Male,0,Yes,No,3,Yes,Yes,DSL,Yes,Yes,Yes,No,No,No,Two year,Yes,Electronic check,66.52,185.52,No
6544-LTMHK,Male,1,Yes,No,6,Yes,Yes,DSL,No,No,Yes,Yes,No,No,Two year,Yes,Credit card (automatic),53.37,322.37,No
1909-YJSWC,Male,1,Yes,No,16,Yes,No,DSL,Yes,No,Yes,No,No,No,Month-to-month,Yes,Credit card (automatic),55.6,895.17,Yes
3403-PRUKM,Male,0,Yes,No,49,No,No phone service,Fiber optic,No,Yes,Yes,No,Yes,Yes,Month-to-month,No,Electronic check,91.34,4464.46,No
2092-GWCRA,Male,0,Yes,Yes,5,Yes,Yes,DSL,No,Yes,No,No,No,Yes,Two year,Yes,Credit card (automatic),63.35,325.89,No
4067-YAVMP,Male,0,No,No,29,Yes,Yes,No,No internet service,No internet service,No internet service,No internet service,No internet service,No internet service,One year,Yes,Mailed check,20.53,592.07,No
6920-NCUYC,Female,0,Yes,Yes,55,Yes,No,No,No internet service,No internet service,No internet service,No internet service,No internet service,No internet service,Two year,Yes,Electronic check,20.88,1152.62,No
4230-MBYXB,Male,1,No,Yes,38,Yes,No,Fiber optic,No,Yes,No,No,No,Yes,One year,Yes,Electronic check,80.49,3062.59,Yes
4610-ZBZCU,Male,0,Yes,Yes,13,Yes,No,Fiber optic,Yes,No,No,No,No,Yes,Month-to-month,No,Bank transfer (automatic),87.55,1147.94,Yes
1011-MCPEY,Male,0,No,No,53,Yes,No,Fiber optic,No,Yes,No,No,Yes,Yes,Month-to-month,Yes,Mailed check,87.19,4617.71,No
3062-LDSYW,Male,1,Yes,Yes,21,Yes,Yes,Fiber optic,No,No,Yes,No,Yes,No,Two year,Yes,Bank transfer (automatic),84.04,1777.19,No
7647-WUUHQ,Female,1,No,No,56,Yes,No,Fiber optic,No,No,Yes,No,No,No,Month-to-month,No,Mailed check,79.14,4419.14,No
7952-SZVBF,Male,0,Yes,No,40,Yes,Yes,DSL,Yes,Yes,No,Yes,Yes,No,Month-to-month,No,Electronic check,75.85,3044.09,No
1807-RHDFY,Male,0,No,No,9,Yes,No,No,No internet service,No internet service,No internet service,No internet service,No internet service,No internet service,Month-to-month,Yes,Mailed check,22.94,201.24,Yes
7636-MHRRC,Male,0,Yes,No,1,Yes,No,DSL,No,No,No,No,No,Yes,Two year,No,Credit card (automatic),52.14,57.96,No
3742-TPMER,Male,0,No,No,66,Yes,Yes,Fiber optic,Yes,Yes,No,No,Yes,Yes,One year,Yes,Mailed check,99.32,6552.93,No
8243-DHVSB,Female,0,Yes,No,47,Yes,No,Fiber optic,Yes,Yes,No,No,Yes,Yes,Month-to-month,No,Electronic check,96.5,4540.66,No
4898-RHVJX,Male,0,No,Yes,41,Yes,No,No,No internet service,No internet service,No internet service,No internet service,No internet service,No internet service,Month-to-month,No,Electronic check,19.96,827.91,No
5510-XBRMG,Female,0,Yes,No,10,Yes,No,DSL,Yes,Yes,No,Yes,Yes,No,Two year,No,Electronic check,67.15,675.17,No
9227-FBHHX,Male,0,Yes,Yes,11,Yes,Yes,Fiber optic,No,No,Yes,No,Yes,Yes,Month-to-month,No,Mailed check,82.28,900.11,No
4874-XWBWB,Female,0,Yes,No,13,Yes,Yes,Fiber optic,Yes,Yes,No,No,No,Yes,Two year,No,Bank transfer (automatic),84.01,1097.12,No
5892-WAAPS,Female,0,Yes,No,29,Yes,Yes,Fiber optic,No,No,No,Yes,Yes,No,Month-to-month,No,Electronic check,78.06,2267.37,Yes
3537-EHUCR,Male,0,No,No,59,Yes,Yes,DSL,No,No,Yes,Yes,No,No,Month-to-month,No,Credit card (automatic),66.98,3950.0,No
3110-YZXLA,Male,0,No,No,29,Yes,No,Fiber optic,Yes,Yes,Yes,No,Yes,Yes,Month-to-month,Yes,Mailed check,112.55,3241.33,Yes
5780-RCTZZ,Female,0,Yes,Yes,37,Yes,No,DSL,No,No,Yes,No,No,Yes,One year,No,Bank transfer (automatic),63.62,2356.9,Yes
4230-WGFDR,Female,0,No,No,64,Yes,No,Fiber optic,No,No,No,Yes,Yes,Yes,Two year,Yes,Mailed check,89.15,5698.02,No
9314-MLRSV,Male,0,No,No,46,Yes,Yes,Fiber optic,Yes,No,Yes,No,No,No,One year,Yes,Electronic check,78.35,3607.43,Yes
8615-UVGQA,Female,0,No,No,38,Yes,Yes,No,No internet service,No internet service,No internet service,No internet service,No internet service,No internet service,Two year,No,Electronic check,21.2,820.68,No
9078-WYEAU,Female,0,Yes,Yes,48,Yes,No,DSL,No,Yes,Yes,No,No,No,Two year,Yes,Mailed check,53.72,2595.84,No
4157-APXVR,Female,0,Yes,No,72,Yes,No,Fiber optic,Yes,No,Yes,Yes,Yes,No,Month-to-month,No,Mailed check,87.24,6280.21,No
3109-PPLGC,Male,0,No,No,57,No,No phone service,DSL,Yes,No,Yes,No,Yes,No,One year,Yes,Bank transfer (automatic),60.72,3472.98,No
3155-CCHPK,Female,0,Yes,No,16,Yes,No,DSL,No,Yes,No,No,Yes,No,Month-to-month,Yes,Mailed check,59.38,955.26,Yes
8955-ALBFJ,Female,0,No,No,5,Yes,Yes,Fiber optic,No,Yes,No,Yes,Yes,Yes,One year,Yes,Mailed check,88.51,452.35,No
7677-MAENK,Female,0,No,No,14,Yes,No,DSL,Yes,No,No,No,Yes,Yes,Month-to-month,No,Bank transfer (automatic),66.87,926.05,Yes
4482-ZBDXQ,Male,0,Yes,No,66,Yes,Yes,DSL,No,No,Yes,No,No,No,Month-to-month,Yes,Electronic check,50.16,3315.05,Yes
3275-DLDHW,Male,0,Yes,No,27,Yes,No,Fiber optic,No,Yes,No,No,No,Yes,One year,Yes,Mailed check,83.86,2260.07,No
3420-JQECH,Female,1,No,No,72,Yes,No,Fiber optic,No,No,Yes,Yes,Yes,No,Two year,Yes,Electronic check,87.02,6273.36,No
9105-QQRWA,Male,0,Yes,No,43,Yes,No,DSL,No,No,No,No,Yes,Yes,Month-to-month,No,Credit card (automatic),55.72,2407.53,Yes
6609-EHWJX,Female,0,Yes,No,17,Yes,Yes,Fiber optic,No,Yes,No,Yes,No,No,Month-to-month,No,Credit card (automatic),80.75,1362.32,Yes
9055-NWNXT,Male,0,Yes,Yes,31,Yes,No,DSL,No,No,No,No,No,Yes,One year,No,Credit card (automatic),50.91,1569.26,Yes
1891-ZYAVQ,Male,0,No,No,68,Yes,Yes,No,No internet service,No internet service,No internet service,No internet service,No internet service,No internet service,Month-to-month,Yes,Electronic check,18.25,1239.7,No
5268-NBMHT,Female,0,Yes,No,43,Yes,No,Fiber optic,Yes,No,Yes,No,No,No,One year,No,Credit card (automatic),85.31,3678.31,Yes
8489-HWGAP,Male,0,No,No,69,Yes,No,DSL,No,No,Yes,No,Yes,Yes,Two year,No,Electronic check,54.67,3768.61,No
2152-NBRNC,Male,0,Yes,Yes,62,Yes,Yes,DSL,No,No,No,Yes,Yes,Yes,Month-to-month,Yes,Mailed check,59.45,3686.97,No
3790-GSWKY,Male,0,Yes,No,57,Yes,No,DSL,No,No,Yes,No,Yes,No,Month-to-month,No,Electronic check,53.54,3039.77,No
6648-ETQUF,Female,0,No,No,46,Yes,No,DSL,No,Yes,No,Yes,Yes,Yes,Month-to-month,Yes,Credit card (automatic),67.01,3084.61,Yes
4339-TEZLT,Male,1,No,No,16,No,No phone service,Fiber optic,No,No,No,Yes,Yes,Yes,Two year,Yes,Credit card (automatic),87.02,1376.57,No
8139-XGYKL,Male,0,Yes,Yes,38,Yes,Yes,No,No internet service,No internet service,No internet service,No internet service,No internet service,No internet service,Two year,No,Mailed check,18.47,703.6,No
1113-LMHCM,Female,0,No,Yes,58,Yes,No,No,No internet service,No internet service,No internet service,No internet service,No internet service,No internet service,Two year,Yes,Credit card (automatic),28.71,1678.59,No
4892-RPMKB,Male,0,Yes,No,6,Yes,No,Fiber optic,Yes,Yes,Yes,No,Yes,Yes,Month-to-month,Yes,Electronic check,101.25,624.22,Yes
2065-PRFHT,Male,0,No,No,62,Yes,Yes,Fiber optic,No,No,No,No,No,Yes,One year,Yes,Credit card (automatic),81.7,5054.71,No
1818-ALJFS,Male,0,Yes,No,56,Yes,Yes,DSL,No,No,No,Yes,Yes,Yes,Two year,Yes,Mailed check,55.22,3087.88,No
5265-PEVYF,Male,0,No,No,33,Yes,Yes,Fiber optic,No,No,No,No,No,No,Month-to-month,No,Bank transfer (automatic),71.38,2352.3,Yes
2011-MMXLT,Male,0,No,No,52,Yes,Yes,DSL,Yes,No,Yes,No,No,Yes,Month-to-month,Yes,Mailed check,63.05,3279.95,No
8303-AABRD,Female,0,Yes,No,65,Yes,Yes,DSL,No,No,No,No,Yes,Yes,One year,Yes,Bank transfer (automatic),59.02,3841.95,No
8044-KBCMM,Female,0,No,Yes,47,Yes,No,Fiber optic,Yes,No,No,Yes,No,Yes,Month-to-month,Yes,Electronic check,84.63,3994.63,Yes
8033-VMZVJ,Male,0,No,Yes,59,Yes,Yes,No,No internet service,No internet service,No internet service,No internet service,No internet service,No internet service,Month-to-month,No,Bank transfer (automatic),18.25,1084.4,No
1019-KJRTM,Male,0,Yes,No,42,Yes,Yes,DSL,No,No,Yes,No,No,Yes,One year,Yes,Mailed check,55.58,2335.93,No
6360-BQMZQ,Male,0,No,No,72,Yes,No,DSL,Yes,Yes,Yes,No,Yes,No,Month-to-month,Yes,Mailed check,67.55,4879.34,Yes
2804-QRETT,Female,1,No,No,3,Yes,Yes,DSL,Yes,No,No,No,Yes,No,Two year,Yes,Mailed check,58.17,166.11,No
3435-TQVFE,Female,1,No,No,51,No,No phone service,DSL,No,Yes,No,No,Yes,No,One year,No,Mailed check,59.82,3047.35,No
7306-PBSGZ,Male,0,No,No,31,No,No phone service,No,No internet service,No internet service,No internet service,No internet service,No internet service,No internet service,Two year,No,Mailed check,25.66,815.0,No
5169-RPHSS,Male,0,No,No,50,Yes,No,DSL,No,No,Yes,No,Yes,No,Month-to-month,No,Electronic check,59.29,2950.01,Yes
6537-PPFZC,Female,0,No,No,9,Yes,No,Fiber optic,No,No,Yes,Yes,Yes,No,One year,Yes,Bank transfer (automatic),87.85,792.64,No
2748-HWHVG,Male,0,No,Yes,11,Yes,Yes,DSL,No,Yes,Yes,Yes,Yes,Yes,Month-to-month,No,Bank transfer (automatic),67.11,739.08,Yes
6286-PYPVD,Female,0,Yes,No,38,Yes,No,Fiber optic,No,Yes,Yes,No,No,No,Two year,No,Bank transfer (automatic),80.68,3071.69,No
2925-GGLJX,Female,1,No,No,67,Yes,No,Fiber optic,No,No,Yes,No,Yes,Yes,One year,Yes,Electronic check,79.19,5289.17,Yes
3808-DCQTA,Male,0,Yes,No,9,Yes,Yes,Fiber optic,No,No,No,No,No,No,Month-to-month,Yes,Bank transfer (automatic),68.11,595.33,No
8699-GPJLU,Female,0,No,No,72,Yes,No,Fiber optic,Yes,Yes,Yes,No,Yes,No,Two year,Yes,Bank transfer (automatic),88.04,6343.61,No
6526-BPYYF,Male,0,No,No,9,Yes,No,No,No internet service,No internet service,No internet service,No internet service,No internet service,No internet service,Month-to-month,Yes,Credit card (automatic),19.44,178.92,No
8948-XZLHD,Male,0,Yes,No,22,Yes,No,DSL,No,Yes,No,No,No,No,Month-to-month,No,Bank transfer (automatic),52.62,1147.51,Yes
1381-QSWAR,Male,0,Yes,No,12,Yes,Yes,Fiber optic,No,No,No,No,No,Yes,Month-to-month,No,Mailed check,75.38,918.79,Yes
6242-ESLSE,Male,0,Yes,Yes,47,Yes,Yes,Fiber optic,Yes,No,No,No,No,Yes,Two year,Yes,Credit card (automatic),78.34,3701.56,No
6652-LZFBW,Male,0,Yes,No,43,Yes,No,No,No internet service,No internet service,No internet service,No internet service,No internet service,No internet service,Month-to-month,No,Bank transfer (automatic),21.85,931.99,No
8132-ASALM,Male,0,No,Yes,63,Yes,Yes,No,No internet service,No internet service,No internet service,No internet service,No internet service,No internet service,Two year,No,Electronic check,18.25,1159.61,No
8120-WSGSX,Female,1,Yes,No,39,Yes,No,DSL,Yes,Yes,No,No,Yes,No,One year,Yes,Mailed check,61.51,2402.7,No
9576-UXUES,Female,0,No,No,5,Yes,No,No,No internet service,No internet service,No internet service,No internet service,No internet service,No internet service,Month-to-month,No,Bank transfer (automatic),21.38,106.56,No
6575-BHDYV,Female,1,No,No,71,Yes,No,Fiber optic,No,Yes,No,Yes,Yes,Yes,Month-to-month,No,Mailed check,96.77,6871.53,No
5302-ARRPW,Female,0,No,Yes,42,Yes,No,No,No internet service,No internet service,No internet service,No internet service,No internet service,No internet service,Month-to-month,No,Credit card (automatic),21.2,875.04,Yes
4160-DQVVH,Male,0,Yes,No,31,Yes,No,Fiber optic,Yes,Yes,No,Yes,No,No,Month-to-month,No,Mailed check,88.92,2765.42,Yes
3229-MMUXD,Female,0,No,No,48,Yes,No,DSL,No,No,Yes,No,Yes,Yes,Month-to-month,No,Mailed check,65.77,3154.37,Yes
4631-UUFXX,Female,0,Yes,Yes,18,Yes,No,Fiber optic,No,Yes,Yes,No,No,No,Month-to-month,No,Mailed check,86.93,1587.72,No
9301-JNWGJ,Female,0,No,No,51,Yes,Yes,Fiber optic,Yes,Yes,No,No,No,No,Two year,Yes,Electronic check,76.57,3884.92,No
8336-CANXZ,Male,0,No,No,51,Yes,No,DSL,Yes,No,Yes,No,Yes,Yes,One year,Yes,Mailed check,61.37,3134.87,No
6200-RJWPX,Female,0,Yes,No,33,Yes,Yes,Fiber optic,No,Yes,Yes,No,Yes,Yes,Month-to-month,Yes,Bank transfer (automatic),93.48,3073.53,Yes
2393-WNXDX,Male,0,Yes,No,58,Yes,Yes,Fiber optic,Yes,No,No,Yes,Yes,No,Month-to-month,Yes,Credit card (automatic),83.81,4858.35,No
9351-AQMAV,Female,0,Yes,No,4,No,No phone service,No,No internet service,No internet service,No internet service,No internet service,No internet service,No internet service,One year,Yes,Bank transfer (automatic),18.25,61.62,No
1435-ZXJWP,Male,0,No,Yes,65,Yes,No,Fiber optic,Yes,No,Yes,Yes,No,Yes,Month-to-month,Yes,Electronic check,96.54,6268.78,No
8793-GHHKJ,Male,0,Yes,No,40,No,No phone service,Fiber optic,No,Yes,Yes,No,Yes,Yes,Two year,Yes,Mailed check,90.8,3628.57,No
4889-EUPED,Female,0,No,No,33,Yes,No,No,No internet service,No internet service,No internet service,No internet service,No internet service,No internet service,One year,Yes,Electronic check,25.34,840.36,No
7569-BRCQG,Male,0,Yes,No,53,Yes,No,Fiber optic,No,Yes,Yes,Yes,Yes,Yes,Month-to-month,No,Electronic check,105.27,5583.61,Yes
5094-LYMMM,Male,0,No,No,19,Yes,No,Fiber optic,No,Yes,Yes,No,Yes,No,Month-to-month,No,Bank transfer (automatic),80.98,1530.44,Yes
9575-FBQBW,Female,0,Yes,No,53,Yes,No,DSL,Yes,No,Yes,No,No,Yes,Month-to-month,No,Electronic check,66.31,3514.09,No
3324-FRMBG,Female,1,Yes,No,65,Yes,No,Fiber optic,No,Yes,No,Yes,No,No,Month-to-month,No,Electronic check,82.82,5397.03,No
8034-XZHGN,Female,0,Yes,No,17,Yes,No,DSL,No,Yes,Yes,Yes,Yes,Yes,Month-to-month,No,Mailed check,78.7,1339.71,Yes
9500-XGUMR,Male,0,No,No,43,Yes,Yes,No,No internet service,No internet service,No internet service,No internet service,No internet service,No internet service,One year,No,Electronic check,23.75,1032.63,No
3982-CRBQJ,Male,1,No,No,47,Yes,No,No,No internet service,No internet service,No internet service,No internet service,No internet service,No internet service,Month-to-month,Yes,Mailed check,19.47,925.68,No
8432-REMFG,Male,1,Yes,No,34,Yes,No,DSL,No,No,Yes,Yes,No,No,One year,Yes,Mailed check,58.89,2000.68,Yes
5222-SMZBH,Female,0,Yes,Yes,38,Yes,No,DSL,No,No,No,Yes,No,No,One year,Yes,Electronic check,55.96,2116.96,No
8823-GVDVV,Male,1,Yes,No,2,Yes,No,Fiber optic,No,No,Yes,No,Yes,Yes,Month-to-month,Yes,Bank transfer (automatic),94.21,198.91,Yes
4704-ZAFPL,Male,0,No,Yes,18,Yes,No,DSL,No,No,No,No,Yes,No,One year,Yes,Electronic check,45.63,821.18,No
9282-BFTTE,Male,0,Yes,No,17,Yes,No,Fiber optic,No,Yes,No,No,No,Yes,One year,No,Bank transfer (automatic),84.22,1428.43,No
2955-YJLQA,Male,0,No,No,4,Yes,No,Fiber optic,No,Yes,No,No,Yes,No,Month-to-month,Yes,Bank transfer (automatic),80.65,321.38,Yes
4085-DVBNX,Male,0,No,Yes,54,Yes,No,No,No internet service,No internet service,No internet service,No internet service,No internet service,No internet service,One year,Yes,Credit card (automatic),19.97,1066.56,No
8200-ABLDH,Male,0,No,No,12,Yes,No,No,No internet service,No internet service,No internet service,No internet service,No internet service,No internet service,Two year,No,Credit card (automatic),21.84,285.45,No
8923-HGUEF,Male,0,No,Yes,33,No,No phone service,Fiber optic,Yes,No,Yes,Yes,No,Yes,Month-to-month,No,Bank transfer (automatic),97.19,3203.56,No
7441-EPGGB,Female,1,Yes,No,17,Yes,No,Fiber optic,Yes,Yes,No,Yes,No,Yes,Month-to-month,No,Bank transfer (automatic),98.23,1670.35,No
2399-BBEHE,Female,0,No,No,67,Yes,Yes,Fiber optic,No,No,No,Yes,Yes,No,Month-to-month,No,Bank transfer (automatic),79.58,5319.9,No
8592-JNHMX,Female,0,Yes,Yes,71,Yes,No,No,No internet service,No internet service,No internet service,No internet service,No internet service,No internet service,One year,Yes,Mailed check,20.99,1477.18,No
9037-QMDPK,Male,0,Yes,No,42,Yes,No,DSL,No,Yes,Yes,No,No,No,Two year,No,Bank transfer (automatic),56.1,2361.83,No
3375-JASRD,Male,0,No,No,64,No,No phone service,Fiber optic,No,No,Yes,No,No,Yes,Two year,No,Credit card (automatic),87.56,5595.5,No
5985-HRSHZ,Female,0,Yes,No,40,Yes,Yes,DSL,No,No,No,No,Yes,No,Month-to-month,Yes,Bank transfer (automatic),48.94,1966.24,No
7693-QVHQN,Male,0,Yes,No,37,No,No phone service,DSL,No,No,No,No,No,No,One year,Yes,Electronic check,46.7,1741.17,No
8754-DJPAN,Female,1,Yes,No,37,Yes,No,Fiber optic,No,Yes,No,Yes,Yes,Yes,Month-to-month,No,Bank transfer (automatic),97.05,3587.49,No
8011-LMJAY,Male,0,Yes,Yes,12,Yes,No,DSL,No,No,No,No,Yes,Yes,Month-to-month,Yes,Electronic check,56.76,684.09,No
4265-WDGWL,Male,0,Yes,No,21,Yes,No,Fiber optic,No,No,Yes,Yes,Yes,No,Month-to-month,Yes,Mailed check,82.02,1723.26,Yes
6380-RHZFB,Female,0,Yes,No,28,Yes,No,DSL,No,No,Yes,Yes,No,Yes,Two year,No,Mailed check,65.5,1849.48,No
7932-CYVVW,Female,0,Yes,No,8,Yes,No,Fiber optic,No,Yes,No,No,Yes,No,One year,No,Electronic check,82.02,648.5,No
3323-JKWJE,Female,1,No,Yes,67,Yes,Yes,DSL,No,Yes,No,Yes,No,Yes,One year,No,Bank transfer (automatic),59.57,3972.92,No
5213-QKDZJ,Female,0,No,No,16,Yes,Yes,No,No internet service,No internet service,No internet service,No internet service,No internet service,No internet service,One year,Yes,Electronic check,18.25,291.34,No
5374-HQHFL,Female,0,No,No,36,Yes,Yes,Fiber optic,Yes,Yes,Yes,No,Yes,Yes,Month-to-month,No,Credit card (automatic),100.25,3610.49,No
5492-MRXLC,Male,0,No,No,63,Yes,Yes,DSL,No,Yes,Yes,No,Yes,Yes,Month-to-month,No,Electronic check,72.34,4554.67,Yes
6199-FZWXX,Male,0,No,No,66,Yes,No,DSL,No,Yes,No,No,No,Yes,Two year,Yes,Bank transfer (automatic),60.22,3976.54,No
8797-SCSQE,Male,0,No,No,3,Yes,No,DSL,Yes,Yes,Yes,Yes,Yes,Yes,Month-to-month,Yes,Mailed check,83.98,240.6,No
2736-MCWKR,Female,0,No,No,39,Yes,No,Fiber optic,Yes,No,No,Yes,Yes,Yes,Month-to-month,No,Electronic check,95.84,3734.24,Yes
6765-TRPFH,Female,0,No,No,15,Yes,No,DSL,Yes,Yes,No,No,Yes,Yes,Month-to-month,Yes,Mailed check,64.62,970.27,No
8500-NDVPW,Female,0,Yes,No,10,Yes,No,DSL,Yes,Yes,No,No,No,Yes,Month-to-month,Yes,Mailed check,70.74,711.41,Yes
2693-WHZFB,Female,0,No,No,25,Yes,Yes,Fiber optic,No,Yes,Yes,Yes,No,No,Two year,Yes,Bank transfer (automatic),86.21,2170.17,Yes
3905-FDMUD,Female,0,No,No,71,Yes,No,No,No internet service,No internet service,No internet service,No internet service,No internet service,No internet service,Month-to-month,No,Bank transfer (automatic),22.77,1598.24,No
5136-JMJRN,Female,0,No,No,64,Yes,No,DSL,No,No,No,Yes,No,No,Two year,No,Credit card (automatic),51.36,3280.13,No
3672-MTGRR,Male,0,No,Yes,1,Yes,Yes,DSL,Yes,Yes,No,No,No,Yes,Month-to-month,Yes,Electronic check,56.63,61.95,Yes
6860-SNXYG,Male,1,Yes,Yes,44,Yes,No,Fiber optic,Yes,No,Yes,Yes,No,No,One year,Yes,Credit card (automatic),85.62,3772.48,No
1232-TTWFG,Male,0,Yes,No,42,Yes,No,Fiber optic,Yes,No,Yes,Yes,No,Yes,Month-to-month,Yes,Mailed check,100.1,4212.17,Yes
6044-TRVFC,Male,0,No,No,2,Yes,Yes,Fiber optic,No,Yes,No,No,No,No,Month-to-month,No,Electronic check,74.72,156.67,Yes
1465-FZVGR,Male,0,No,Yes,33,Yes,No,Fiber optic,No,No,No,Yes,Yes,No,Month-to-month,No,Electronic check,84.42,2778.32,No
5447-AZTHX,Female,0,Yes,No,64,Yes,Yes,DSL,No,No,Yes,No,Yes,No,Month-to-month,Yes,Mailed check,57.84,3702.24,Yes
7777-YATZQ,Female,0,Yes,No,63,No,No phone service,Fiber optic,No,Yes,Yes,No,No,No,Two year,Yes,Mailed check,83.88,5284.95,No
1698-MNUVU,Female,1,No,No,6,Yes,No,No,No internet service,No internet service,No internet service,No internet service,No internet service,No internet service,Month-to-month,Yes,Electronic check,22.98,130.03,No
1192-KQRTB,Female,0,Yes,No,34,Yes,No,No,No internet service,No internet service,No internet service,No internet service,No internet service,No internet service,Month-to-month,Yes,Bank transfer (automatic),18.81,648.85,No
6731-UMDCX,Female,0,Yes,No,21,Yes,Yes,Fiber optic,Yes,Yes,No,No,Yes,Yes,Two year,Yes,Electronic check,96.85,2013.74,Yes
8077-JVUJC,Female,0,Yes,Yes,47,No,No phone service,DSL,No,Yes,No,Yes,Yes,No,One year,No,Mailed check,58.84,2756.21,No
4583-UKDML,Male,1,Yes,No,31,Yes,No,Fiber optic,No,No,No,No,No,Yes,Month-to-month,Yes,Mailed check,78.14,2429.48,No
6989-DFATK,Female,0,Yes,No,25,Yes,Yes,No,No internet service,No internet service,No internet service,No internet service,No internet service,No internet service,One year,No,Credit card (automatic),19.72,483.36,No
7171-GDRPT,Female,0,No,No,5,Yes,Yes,DSL,No,No,No,Yes,No,No,Two year,No,Electronic check,46.07,239.13,No
3498-VNPXW,Female,1,Yes,No,45,Yes,Yes,Fiber optic,No,Yes,No,No,Yes,No,Month-to-month,No,Mailed check,78.13,3506.88,Yes
6312-GQZXU,Female,0,Yes,Yes,54,No,No phone service,No,No internet service,No internet service,No internet service,No internet service,No internet service,No internet service,Month-to-month,Yes,Electronic check,18.25,988.1,No
1313-TWSNA,Male,0,No,No,54,Yes,Yes,Fiber optic,Yes,Yes,No,No,No,Yes,One year,Yes,Bank transfer (automatic),84.16,4536.14,No
1040-PZRTW,Male,0,No,No,56,Yes,No,Fiber optic,No,No,No,No,No,No,Month-to-month,No,Electronic check,75.21,4204.86,Yes
1918-HQVUG,Female,0,Yes,No,62,Yes,No,Fiber optic,No,Yes,Yes,No,No,Yes,Month-to-month,Yes,Credit card (automatic),86.5,5366.45,No
7357-JKLUS,Male,0,No,Yes,0,Yes,No,DSL,Yes,Yes,No,Yes,No,No,Month-to-month,Yes,Credit card (automatic),65.44, ,Yes
6307-BFDEZ,Male,0,No,No,20,Yes,No,Fiber optic,Yes,No,No,No,Yes,Yes,Two year,Yes,Mailed check,90.53,1795.41,No
1476-ZJURV,Female,0,No,Yes,19,Yes,No,No,No internet service,No internet service,No internet service,No internet service,No internet service,No internet service,One year,No,Bank transfer (automatic),18.25,359.88,No
3150-ZHPEQ,Female,0,No,No,72,Yes,Yes,No,No internet service,No internet service,No internet service,No internet service,No internet service,No internet service,Two year,No,Electronic check,18.25,1291.01,No
2606-TJUJV,Female,0,No,No,28,Yes,No,Fiber optic,Yes,Yes,No,No,No,Yes,Two year,Yes,Bank transfer (automatic),84.4,2368.66,No
2411-NPZTR,Female,0,Yes,No,42,Yes,Yes,Fiber optic,Yes,No,Yes,Yes,Yes,Yes,One year,Yes,Mailed check,105.71,4437.82,No
7849-PKGJC,Female,0,No,No,44,Yes,No,DSL,No,No,No,Yes,Yes,Yes,Month-to-month,Yes,Electronic check,70.07,3091.54,No
4601-AMQNF,Male,0,No,No,64,Yes,No,Fiber optic,No,Yes,No,No,No,No,Month-to-month,Yes,Electronic check,72.42,4621.11,No
6778-MESMH,Female,0,Yes,Yes,2,Yes,Yes,Fiber optic,No,No,Yes,No,No,Yes,Month-to-month,No,Electronic check,78.04,164.88,Yes
9330-YLZPG,Female,0,No,No,19,Yes,No,Fiber optic,Yes,No,Yes,No,Yes,No,Two year,Yes,Bank transfer (automatic),91.51,1717.35,No
6899-MCLBC,Female,0,No,No,36,Yes,Yes,Fiber optic,No,No,Yes,No,No,No,Two year,Yes,Bank transfer (automatic),80.46,2897.29,No
9182-WUSDC,Male,0,No,Yes,37,Yes,No,Fiber optic,Yes,Yes,Yes,Yes,Yes,Yes,Two year,Yes,Mailed check,98.84,3643.92,Yes
4790-YCHHG,Female,0,Yes,Yes,44,Yes,No,Fiber optic,No,No,Yes,No,No,No,Two year,No,Electronic check,76.93,3373.71,Yes
7171-VELTY,Female,0,Yes,No,41,Yes,Yes,DSL,No,No,No,No,No,No,Month-to-month,Yes,Mailed check,43.36,1778.56,No
6409-JPPWV,Female,0,No,No,45,Yes,No,Fiber optic,No,No,Yes,No,No,Yes,Two year,Yes,Bank transfer (automatic),79.16,3545.36,No
7773-JFSBP,Male,0,Yes,No,59,Yes,No,Fiber optic,No,Yes,No,No,No,Yes,Month-to-month,Yes,Bank transfer (automatic),81.16,4792.69,No
9980-MKVTK,Female,0,No,No,12,Yes,Yes,DSL,Yes,Yes,Yes,No,Yes,Yes,Month-to-month,No,Electronic check,74.02,889.53,No
3203-FHEFD,Female,0,Yes,No,30,Yes,Yes,DSL,No,No,No,Yes,Yes,Yes,Two year,Yes,Mailed check,65.58,1966.37,Yes
8954-ZNDMF,Female,0,No,No,67,Yes,Yes,No,No internet service,No internet service,No internet service,No internet service,No internet service,No internet service,One year,Yes,Mailed check,24.05,1596.83,No
5597-TAEWS,Male,0,No,Yes,61,Yes,Yes,DSL,No,No,No,No,Yes,No,One year,No,Bank transfer (automatic),47.96,2929.38,No
3119-GKFGZ,Female,0,Yes,No,48,Yes,No,Fiber optic,No,No,No,No,No,Yes,Month-to-month,Yes,Mailed check,71.86,3468.09,No
8627-YSFPN,Female,0,Yes,No,17,Yes,No,DSL,No,Yes,No,No,Yes,Yes,One year,No,Credit card (automatic),62.8,1073.72,No
8188-ENZUJ,Female,0,Yes,No,52,Yes,Yes,DSL,No,No,No,No,Yes,Yes,Month-to-month,Yes,Bank transfer (automatic),55.2,2885.12,No
9040-VAMWP,Male,1,Yes,No,17,Yes,Yes,DSL,No,No,No,Yes,No,No,Month-to-month,No,Bank transfer (automatic),53.09,918.97,No
9159-SKCDA,Female,0,No,No,50,Yes,No,Fiber optic,No,No,No,Yes,Yes,No,Month-to-month,No,Bank transfer (automatic),79.95,3969.33,Yes
3141-VZJTS,Female,0,No,No,40,Yes,No,No,No internet service,No internet service,No internet service,No internet service,No internet service,No internet service,Month-to-month,No,Credit card (automatic),21.08,844.0,Yes
9703-XLTWH,Female,0,Yes,No,66,Yes,Yes,No,No internet service,No internet service,No internet service,No internet service,No internet service,No internet service,Month-to-month,Yes,Mailed check,19.3,1263.44,No
5384-LYEYW,Male,0,Yes,No,64,Yes,Yes,Fiber optic,No,No,No,No,No,No,Month-to-month,Yes,Electronic check,71.32,4572.22,No
4434-FKZWL,Male,0,Yes,Yes,5,No,No phone service,Fiber optic,Yes,Yes,No,No,No,No,Two year,No,Electronic check,79.3,375.4,No
9247-LMCUZ,Female,0,No,No,36,Yes,No,Fiber optic,Yes,Yes,No,Yes,No,No,Month-to-month,No,Mailed check,86.77,3139.09,No
5742-YVWPV,Male,0,Yes,Yes,11,Yes,Yes,Fiber optic,No,No,No,Yes,No,No,One year,No,Mailed check,78.46,848.61,No
3975-TELJD,Male,0,No,Yes,1,Yes,No,No,No internet service,No internet service,No internet service,No internet service,No internet service,No internet service,Month-to-month,No,Mailed check,18.25,23.98,No
6335-ZHXNY,Male,0,No,No,52,Yes,No,No,No internet service,No internet service,No internet service,No internet service,No internet service,No internet service,Month-to-month,Yes,Mailed check,18.25,955.81,No
6786-QJWCZ,Female,0,No,No,24,Yes,No,Fiber optic,No,No,Yes,No,Yes,No,Month-to-month,Yes,Mailed check,81.34,1952.13,No
8767-BCDYX,Female,1,No,No,27,Yes,No,Fiber optic,Yes,Yes,No,No,Yes,No,Month-to-month,No,Electronic check,83.69,2249.15,No
1607-NPJWP,Male,0,No,No,44,No,No phone service,Fiber optic,No,No,No,Yes,Yes,Yes,Month-to-month,Yes,Credit card (automatic),100.36,4416.03,No
3716-XYLKY,Male,1,No,Yes,36,Yes,No,Fiber optic,Yes,Yes,Yes,No,Yes,Yes,Two year,No,Credit card (automatic),106.19,3843.13,No
5470-NAUMF,Male,0,No,Yes,16,Yes,No,Fiber optic,Yes,No,No,No,No,No,Month-to-month,Yes,Bank transfer (automatic),72.56,1164.1,Yes
7537-FURMB,Female,1,Yes,Yes,68,Yes,Yes,Fiber optic,No,No,No,No,No,No,Two year,No,Mailed check,74.5,5080.99,No
3528-KRFLV,Female,0,No,No,55,Yes,No,No,No internet service,No internet service,No internet service,No internet service,No internet service,No internet service,Month-to-month,No,Electronic check,22.69,1255.55,Yes
2251-SKQQN,Male,0,Yes,Yes,57,Yes,Yes,No,No internet service,No internet service,No internet service,No internet service,No internet service,No internet service,Month-to-month,Yes,Credit card (automatic),23.89,1369.11,No
2107-RKATB,Male,0,No,Yes,3,Yes,No,Fiber optic,Yes,No,Yes,No,No,No,Two year,No,Mailed check,81.02,236.75,No
4920-ELNRQ,Male,1,No,No,54,Yes,Yes,DSL,Yes,No,No,No,Yes,Yes,Month-to-month,Yes,Bank transfer (automatic),70.74,3814.56,No
9138-AYDGU,Male,0,No,Yes,48,Yes,No,DSL,No,No,No,No,No,Yes,Month-to-month,Yes,Electronic check,56.31,2721.75,No
6427-UCPCU,Female,0,No,Yes,37,Yes,No,No,No internet service,No internet service,No internet service,No internet service,No internet service,No internet service,Two year,Yes,Credit card (automatic),22.59,834.84,No
7605-BNEYS,Male,1,Yes,No,44,Yes,No,No,No internet service,No internet service,No internet service,No internet service,No internet service,No internet service,Two year,Yes,Bank transfer (automatic),23.53,1037.93,No
5373-BTGQZ,Female,0,No,No,29,Yes,No,Fiber optic,Yes,Yes,Yes,Yes,No,No,Month-to-month,No,Electronic check,89.73,2619.45,No
6393-XBTMA,Male,0,Yes,No,36,Yes,Yes,Fiber optic,No,No,No,Yes,No,No,Month-to-month,Yes,Bank transfer (automatic),82.82,2993.72,No
1656-NKNWV,Male,1,Yes,No,55,No,No phone service,Fiber optic,No,Yes,Yes,No,No,Yes,Month-to-month,No,Electronic check,88.41,4868.01,No
4777-RDNLP,Male,0,Yes,No,26,Yes,No,Fiber optic,No,No,No,No,No,No,Two year,Yes,Electronic check,71.39,1856.15,No
2032-CZFDS,Male,0,Yes,Yes,31,Yes,Yes,DSL,No,No,Yes,Yes,No,No,One year,No,Credit card (automatic),62.5,1948.9,No
1360-JVURF,Male,0,No,No,10,Yes,No,DSL,Yes,Yes,Yes,No,No,Yes,Month-to-month,Yes,Credit card (automatic),66.96,674.65,Yes
3741-VSFWZ,Female,0,No,No,57,Yes,Yes,DSL,No,Yes,No,No,Yes,No,Month-to-month,Yes,Electronic check,53.79,3057.04,No
3143-VLBRZ,Male,0,No,No,34,Yes,No,Fiber optic,No,No,No,No,No,Yes,One year,Yes,Electronic check,80.89,2744.82,No
4755-UPUPV,Male,1,Yes,No,16,Yes,Yes,Fiber optic,No,No,No,Yes,No,No,Month-to-month,No,Credit card (automatic),81.05,1290.64,No
1122-RLSCM,Male,0,No,No,29,Yes,Yes,No,No internet service,No internet service,No internet service,No internet service,No internet service,No internet service,Month-to-month,Yes,Credit card (automatic),18.25,528.04,No
2623-AYFEN,Female,0,No,No,17,Yes,No,DSL,No,No,Yes,No,No,Yes,Month-to-month,No,Bank transfer (automatic),54.03,933.48,Yes
8220-FLDCK,Female,0,No,No,29,Yes,No,Fiber optic,No,Yes,No,No,No,No,Month-to-month,Yes,Mailed check,76.38,2199.16,No
4857-KUVLK,Female,0,No,No,15,Yes,No,DSL,Yes,No,Yes,Yes,Yes,No,Two year,No,Mailed check,76.59,1135.38,No
2768-YWRJY,Female,0,No,No,53,Yes,Yes,No,No internet service,No internet service,No internet service,No internet service,No internet service,No internet service,Month-to-month,Yes,Mailed check,18.25,962.05,Yes
5697-AFJKV,Male,0,Yes,No,3,Yes,Yes,No,No internet service,No internet service,No internet service,No internet service,No internet service,No internet service,Month-to-month,No,Credit card (automatic),23.06,83.68,No
6181-KMJCX,Male,0,No,No,14,No,No phone service,No,No internet service,No internet service,No internet service,No internet service,No internet service,No internet service,Month-to-month,No,Bank transfer (automatic),18.25,238.2,No
2067-SNMAH,Male,0,No,Yes,26,Yes,No,DSL,No,No,Yes,Yes,No,Yes,Month-to-month,Yes,Credit card (automatic),62.37,1618.01,Yes
8958-AZAEC,Female,0,No,No,3,Yes,Yes,No,No internet service,No internet service,No internet service,No internet service,No internet service,No internet service,Month-to-month,No,Credit card (automatic),19.78,74.98,No
5492-AWGAL,Male,0,Yes,Yes,34,No,No phone service,DSL,No,No,No,No,No,No,Two year,Yes,Bank transfer (automatic),44.67,1524.04,No
8927-RQHAG,Male,0,No,Yes,62,Yes,Yes,DSL,No,No,No,Yes,No,Yes,Month-to-month,Yes,Electronic check,56.39,3504.18,No
4102-JNUKV,Female,0,No,No,65,Yes,Yes,DSL,Yes,Yes,No,No,No,Yes,Month-to-month,No,Mailed check,59.83,3884.98,No
7176-BURYJ,Female,0,No,No,38,Yes,No,Fiber optic,Yes,No,Yes,Yes,No,Yes,One year,Yes,Bank transfer (automatic),92.02,3503.35,No
7086-ZUFFZ,Female,0,No,Yes,27,Yes,Yes,DSL,No,Yes,Yes,No,Yes,No,One year,No,Mailed check,71.25,1919.54,Yes
3953-UPHXC,Male,0,Yes,No,33,Yes,Yes,Fiber optic,No,No,No,No,Yes,Yes,Month-to-month,Yes,Mailed check,77.93,2565.32,Yes
3166-ACEFT,Male,0,Yes,No,32,Yes,Yes,DSL,No,Yes,No,Yes,No,Yes,Month-to-month,No,Mailed check,68.57,2192.16,Yes
2721-VCGNL,Female,0,No,No,49,Yes,Yes,No,No internet service,No internet service,No internet service,No internet service,No internet service,No internet service,Two year,Yes,Electronic check,18.25,879.59,No
9302-AFQBK,Male,0,No,Yes,59,Yes,No,Fiber optic,Yes,No,Yes,Yes,No,No,One year,Yes,Mailed check,81.49,4818.25,No
9384-QMPQQ,Female,0,No,No,71,Yes,No,Fiber optic,No,No,Yes,Yes,Yes,No,Month-to-month,Yes,Credit card (automatic),81.85,5813.91,No
3866-XCPRW,Female,0,Yes,No,71,Yes,No,No,No internet service,No internet service,No internet service,No internet service,No internet service,No internet service,Two year,Yes,Electronic check,18.25,1285.34,No
2165-BZHAN,Male,0,No,No,41,No,No phone service,DSL,Yes,No,Yes,No,No,Yes,One year,Yes,Electronic check,60.73,2488.8,No
2401-AVKAX,Female,0,Yes,No,27,Yes,Yes,DSL,No,Yes,No,Yes,No,No,Month-to-month,Yes,Credit card (automatic),63.54,1706.52,No
4379-YXKBH,Female,0,No,No,26,Yes,Yes,Fiber optic,Yes,No,Yes,No,Yes,No,Month-to-month,No,Mailed check,80.67,2097.91,No
1475-QKBGX,Female,0,Yes,Yes,0,Yes,Yes,DSL,Yes,No,Yes,No,No,Yes,One year,No,Bank transfer (automatic),58.45, ,No
2173-WJPCR,Male,1,No,No,7,Yes,No,DSL,Yes,Yes,No,No,No,No,Two year,No,Electronic check,58.58,404.92,No
9799-UKAGN,Female,0,Yes,No,45,Yes,No,No,No internet service,No internet service,No internet service,No internet service,No internet service,No internet service,One year,No,Mailed check,21.13,950.51,No
